_day,sample_count,avg_included,avg_backed,avg_cores_active,avg_distinct_paras,avg_bitfields,total_timed_out,total_disputes,median_block,mean_availability,p10_included,p50_included,p90_included,era,effective_cores,max_pov_bytes,max_pov_mib,actual_mib_per_s,max_mib_per_s,utilization_pct,daily_data_mib,pipeline_efficiency_pct,timed_out_rate_pct,core_engagement_pct,para_diversity_ratio,purchase_count,bulk_p10_price_dot,bulk_p50_price_dot,bulk_p90_price_dot,daily_bulk_spend_dot,bulk_p10_cost_per_mib_dot,bulk_p50_cost_per_mib_dot,bulk_p90_cost_per_mib_dot,renewal_count,renewal_p50_price_dot,daily_renewal_spend_dot,renewal_p50_cost_per_mib_dot,sales_started,sale_cores_offered,sale_start_price_dot,sale_end_price_dot,avg_dot_usd,bulk_p50_price_per_core_dot,renewal_p50_price_per_core_dot,bulk_p10_cost_per_mib_usd,bulk_p50_cost_per_mib_usd,bulk_p90_cost_per_mib_usd,renewal_p50_cost_per_mib_usd,bulk_p50_price_per_core_usd,renewal_p50_price_per_core_usd,daily_bulk_spend_usd,daily_renewal_spend_usd,daily_total_spend_usd,actual_mib_per_s_7d,utilization_pct_7d,daily_data_mib_7d,bulk_p50_cost_per_mib_usd_7d,pipeline_efficiency_pct_7d,core_engagement_pct_7d,actual_mib_per_s_30d,utilization_pct_30d,cumulative_daily_data_mib,cumulative_daily_total_spend_usd
2025-11-15,2977,26.121934833725227,26.12462210278804,26.121934833725227,26.121934833725227,596.8763856231105,0.0,0.0,28656912.0,0.9956310016977928,20.0,26.0,33.0,#1629 (100 cores),100,10485760.0,10.0,43.53655805620871,166.66666666666666,26.121934833725224,3761558.6160564325,99.98971365383873,0.0,26.121934833725224,1.0,,,,,,,,,3.0,10.3,127.56745263050001,2.554563492063492e-06,1.0,72.0,1000.0,10.0,2.8220436827329336,,10.3,,,,7.209089764917961e-06,,29.067049932149217,0.0,360.0009238182353,360.0009238182353,43.53655805620871,26.121934833725224,3761558.6160564325,,99.98971365383873,26.121934833725224,43.53655805620871,26.121934833725224,3761558.6160564325,360.0009238182353
2025-11-16,14327,26.13024359600754,26.129824806309763,26.13024359600754,26.13024359600754,597.6534515250925,0.0,0.0,28665564.0,0.9973193335671695,20.0,26.0,33.0,#1629 (100 cores),100,10485760.0,10.0,43.5504059933459,166.66666666666666,26.130243596007542,3762755.0778250857,100.0016027267725,0.0,26.130243596007542,1.0,,,,,,,,,1.0,10.609,10.609,2.631200396825397e-06,,,,,2.8337829221608968,,10.609,,,,7.456250749306784e-06,,30.063603021204955,0.0,30.063603021204955,30.063603021204955,43.543482024777305,26.126089214866383,3762156.846940759,,99.99565819030562,26.126089214866383,43.543482024777305,26.126089214866383,7524313.693881518,390.0645268394403
2025-11-17,14328,26.415131211613623,26.415829145728644,26.415131211613623,26.415131211613623,597.4607761027358,0.0,0.0,28679891.5,0.9992925938901346,20.0,26.0,33.0,#1629 (100 cores),100,10485760.0,10.0,44.025218686022704,166.66666666666666,26.415131211613623,3803778.894472362,99.99735789434747,0.0,26.415131211613623,1.0,,,,,,,,,9.0,10.609,198.6129815678,2.631200396825397e-06,,,,,2.797543085794601,,10.609,,,,7.360896477478899e-06,,29.67913459719492,0.0,555.6283733340495,555.6283733340495,43.7040609118591,26.222436547115464,3776030.8627846264,,99.99622475831957,26.222436547115464,43.7040609118591,26.222436547115464,11328092.58835388,945.6929001734898
2025-11-18,14278,26.51113601344726,26.51036559742261,26.51113601344726,26.51113601344726,592.1620675164589,0.0,0.0,28694194.5,0.9987378629173991,20.0,26.0,33.0,#1629 (100 cores),100,10485760.0,10.0,44.18522668907877,166.66666666666666,26.511136013447263,3817603.585936405,100.00290609354978,0.0,26.511136013447263,1.0,,,,,,,,,7.0,10.0,70.0,2.48015873015873e-06,,,,,2.657851066700615,,10.0,,,,6.591892526539224e-06,,26.578510667006153,0.0,186.04957466904307,186.04957466904307,43.82435235616402,26.294611413698412,3786424.043572571,,99.99789509212712,26.294611413698412,43.82435235616402,26.294611413698412,15145696.174290285,1131.7424748425328
2025-11-19,14228,26.553626651672758,26.5558054540343,26.553626651672758,26.553626651672758,592.2736856901884,0.0,3.0,28708447.5,0.9971450109147242,21.0,26.0,32.0,#1629 (100 cores),100,10485760.0,10.0,44.25604441945459,166.66666666666666,26.553626651672758,3823722.237840877,99.99179538212346,0.0,26.553626651672758,1.0,,,,,,,,,,,,,,,,,,,,,,,,,,0.0,0.0,0.0,43.910690768822136,26.346414461293286,3793883.682426232,,99.99667515012638,26.346414461293286,43.910690768822136,26.346414461293286,18969418.41213116,1131.7424748425328
2025-11-20,14242,26.106164864485326,26.106235079342788,26.106164864485326,26.106164864485326,592.7131723072603,0.0,0.0,28722682.5,0.9977582592121983,20.0,26.0,33.0,#1629 (100 cores),100,10485760.0,10.0,43.51027477414221,166.66666666666666,26.106164864485326,3759287.740485887,99.99973104180955,0.0,26.106164864485326,1.0,,,,,,,,,,,,,,,,,,,,,,,,,,0.0,0.0,0.0,43.84395476970881,26.30637286182529,3788117.6921028416,,99.99718446540692,26.30637286182529,43.84395476970881,26.30637286182529,22728706.15261705,1131.7424748425328
2025-11-21,14236,25.95089912896881,25.95047766226468,25.95089912896881,25.95089912896881,592.5849255408823,0.0,0.0,28736921.5,0.9973726836497071,19.0,26.0,33.0,#1629 (100 cores),100,10485760.0,10.0,43.25149854828135,166.66666666666666,25.950899128968814,3736929.4745715084,100.00162411925366,0.0,25.950899128968814,1.0,,,,,,,,,1.0,10.609,10.609,2.631200396825397e-06,,,,,2.5408524628387545,,10.609,,,,6.685492008496118e-06,,26.955903778256346,0.0,26.955903778256346,26.955903778256346,43.759318166647745,26.25559089998865,3780805.089598365,,99.99781870167074,26.25559089998865,43.759318166647745,26.25559089998865,26465635.627188556,1158.698378620789
2025-11-22,14262,25.825480297293506,25.825129715327442,25.825480297293506,25.825480297293506,592.5142336278221,0.0,0.0,28751170.5,0.9990602463921155,20.0,26.0,32.0,#1629 (100 cores),100,10485760.0,10.0,43.042467162155845,166.66666666666666,25.825480297293506,3718869.162810265,100.0013575225756,0.0,25.825480297293506,1.0,,,,,,,,,2.0,10.3045,20.609,2.555679563492064e-06,,,,,2.349174783284178,,10.3045,,,,6.003737984710272e-06,,24.207071554351813,0.0,48.41414310870363,48.41414310870363,43.68873375321162,26.213240251926976,3774706.596277484,,99.99948211149028,26.213240251926976,43.66971179108626,26.201827074651757,30184504.789998822,1207.1125217294928
2025-11-23,14231,25.9076663621671,25.907877169559413,25.9076663621671,25.9076663621671,592.636919401307,0.0,0.0,28765417.0,0.9993266868786577,20.0,26.0,32.0,#1629 (100 cores),100,10485760.0,10.0,43.17944393694517,166.66666666666666,25.9076663621671,3730703.9561520624,99.99918631931541,0.0,25.9076663621671,1.0,,,,,,,,,1.0,10.609,10.609,2.631200396825397e-06,,,,,2.309724575172674,,10.609,,,,6.077348218751711e-06,,24.503868018006898,0.0,24.503868018006898,24.503868018006898,43.63573917372581,26.181443504235485,3770127.8646099092,,99.999136910425,26.181443504235485,43.61523758507058,26.169142551042352,33915208.74615088,1231.6163897474996
2025-11-24,14225,25.93602811950791,25.937715289982425,25.93602811950791,25.93602811950791,592.7029173989455,0.0,0.0,28779645.0,0.9992526720790681,19.0,26.0,33.0,#1629 (100 cores),100,10485760.0,10.0,43.22671353251318,166.66666666666666,25.93602811950791,3734788.049209139,99.99349530035452,0.0,25.93602811950791,1.0,,,,,,,,,1.0,10.0,10.0,2.48015873015873e-06,,,,,2.2587171604645464,,10.0,,,,5.601977084485482e-06,,22.587171604645462,0.0,22.587171604645462,22.587171604645462,43.52166700893873,26.113000205363242,3760272.0295723067,,99.99858511128313,26.113000205363242,43.57638517981484,26.145831107888903,37649996.79536002,1254.203561352145
2025-11-25,14237,25.873990306946688,25.8744117440472,25.873990306946688,25.873990306946688,592.3325138723045,0.0,0.0,28793876.0,0.999037908404488,19.0,26.0,33.0,#1629 (100 cores),100,10485760.0,10.0,43.123317178244484,166.66666666666666,25.873990306946688,3725854.604200323,99.99837122055301,0.0,25.873990306946688,1.0,,,,,,,,,,,,,,,,,,,,,,,,,,0.0,0.0,0.0,43.36996565024811,26.021979390148875,3747165.0321814376,,99.99793727228361,26.021979390148875,43.53519717967208,26.12111830780325,41375851.39956035,1254.203561352145
2025-11-26,12829,25.820017148647594,25.819315613064152,25.820017148647594,25.820017148647594,592.6364486709798,0.0,0.0,28807409.0,0.9992266462841015,19.0,26.0,33.0,#1629 (100 cores),100,10485760.0,10.0,43.03336191441266,166.66666666666666,25.820017148647594,3718082.4694052534,100.00271709596782,0.0,25.820017148647594,1.0,,,,,,,,,,,,,,,,,,,,,,,,,,0.0,0.0,0.0,43.19529672095642,25.917178032573847,3732073.6366906343,,99.99949751711851,25.917178032573847,43.4933775742338,26.09602654454028,45093933.8689656,1254.203561352145
2025-11-27,14186,25.716481037642748,25.71774989426195,25.716481037642748,25.716481037642748,587.2200056393627,0.0,0.0,28822535.5,0.9990962075565323,20.0,26.0,32.0,#1629 (100 cores),100,10485760.0,10.0,42.86080172940458,166.66666666666666,25.716481037642748,3703173.2694205553,99.99506622226122,0.0,25.716481037642748,1.0,,,,,,,,,,,,,,,,,,,,,,,,,,0.0,0.0,0.0,43.10251485742247,25.861508914453477,3724057.283681301,,99.9988311143259,25.861508914453477,43.44471789386232,26.066830736317392,48797107.13838616,1254.203561352145
2025-11-28,14159,25.75803375944629,25.757751253619606,25.75803375944629,25.75803375944629,591.5821032558797,0.0,0.0,28836708.0,0.9989979496275274,20.0,26.0,32.0,#1629 (100 cores),100,10485760.0,10.0,42.930056265743815,166.66666666666666,25.758033759446285,3709156.8613602654,100.00109677985434,0.0,25.758033759446285,1.0,,,,,,,,,,,,,,,,,,,,,,,,,,0.0,0.0,0.0,43.05659453134568,25.833956718807404,3720089.767508266,,99.99875578012599,25.833956718807404,43.40795634899671,26.044773809398027,52506263.99974643,1254.203561352145
2025-11-29,14244,25.742909295141814,25.742698680146027,25.742909295141814,25.742909295141814,592.3769306374614,0.0,0.0,28850909.5,0.999382928032706,20.0,26.0,32.0,#1629 (100 cores),100,10485760.0,10.0,42.904848825236364,166.66666666666666,25.742909295141814,3706978.9385004216,100.00081815429844,0.0,25.742909295141814,1.0,,,,,,,,,,,,,,,,,,,,,,,,,,0.0,0.0,0.0,43.03693476892861,25.822160861357162,3718391.1640354316,,99.99867872751497,25.822160861357162,43.37441584741269,26.024649508447613,56213242.938246846,1254.203561352145
2025-11-30,14241,25.695246120356718,25.695456779720526,25.695246120356718,25.695246120356718,592.6670879853942,0.0,0.0,28865152.0,0.9993550081060125,20.0,26.0,32.0,#1629 (100 cores),100,10485760.0,10.0,42.825410200594526,166.66666666666666,25.695246120356718,3700115.441331367,99.99918016883056,0.0,25.695246120356718,1.0,,,,,,,,,,,,,,,,,,,,,,,,,,0.0,0.0,0.0,42.98635852087852,25.791815112527107,3714021.3762039035,,99.99867784887428,25.791815112527107,43.34010299448655,26.004061796691932,59913358.37957821,1254.203561352145
2025-12-01,14246,25.712761476905797,25.71402498947073,25.712761476905797,25.712761476905797,592.7278534325425,0.0,0.0,28879395.5,0.9993697949693513,20.0,26.0,32.0,#1629 (100 cores),100,10485760.0,10.0,42.854602461509664,166.66666666666666,25.712761476905797,3702637.6526744347,99.99508629020369,0.0,25.712761476905797,1.0,,,,,,,,,,,,,,,,,,,,,,,,,,0.0,0.0,0.0,42.93319979644944,25.759919877869663,3709428.4624132314,,99.99890513313845,25.759919877869663,43.31154413960556,25.986926483763334,63615996.03225265,1254.203561352145
2025-12-02,14251,25.574135148410637,25.574836853554135,25.574135148410637,25.574135148410637,591.9197951020981,0.0,1.0,28893644.0,0.9977672179813402,19.0,26.0,32.0,#1629 (100 cores),100,10485760.0,10.0,42.623558580684396,166.66666666666666,25.574135148410637,3682675.4613711317,99.99725626737126,0.0,25.574135148410637,1.0,,,,,,,,,,,,,,,,,,,,,,,,,,0.0,0.0,0.0,42.86180571108372,25.717083426650227,3703260.013437633,,99.99874585411247,25.717083426650227,43.273322719665494,25.963993631799298,67298671.49362378,1254.203561352145
2025-12-03,14227,25.59091867575736,25.590848386870036,25.59091867575736,25.59091867575736,591.762634427497,0.0,0.0,28907883.0,0.9967262651284592,20.0,26.0,32.0,#1629 (100 cores),100,10485760.0,10.0,42.65153112626227,166.66666666666666,25.59091867575736,3685092.28930906,100.0002746641544,0.0,25.59091867575736,1.0,,,,,,,,,,,,,,,,,,,,,,,,,,0.0,0.0,0.0,42.80725845563366,25.684355073380193,3698547.1305667483,,99.99839693528199,25.684355073380193,43.24059684632848,25.94435810779709,70983763.78293283,1254.203561352145
2025-12-04,14269,25.60578877286425,25.60592893685612,25.60578877286425,25.60578877286425,592.2767538019483,0.0,0.0,28922131.0,0.9974396768275474,19.0,26.0,33.0,#1629 (100 cores),100,10485760.0,10.0,42.67631462144042,166.66666666666666,25.60578877286425,3687233.5832924526,99.99945261118151,0.0,25.60578877286425,1.0,,,,,,,,,,,,,,,,,,,,,,,,,,0.0,0.0,0.0,42.780903154495924,25.668541892697554,3696270.0325484476,,99.9990235622706,25.668541892697554,43.21238273508408,25.927429641050445,74670997.36622529,1254.203561352145
2025-12-05,14252,25.690569744597248,25.690289082234074,25.690569744597248,25.690569744597248,592.7829076620825,0.0,0.0,28936391.5,0.9975429106322854,19.0,26.0,33.0,#1629 (100 cores),100,10485760.0,10.0,42.81761624099541,166.66666666666666,25.690569744597248,3699442.0432220036,100.00109248425456,0.0,25.690569744597248,1.0,1.0,27.72410716,27.72410716,27.72410716,27.72410716,6.8760186408730154e-06,6.8760186408730154e-06,6.8760186408730154e-06,,,,,,,,,2.274281765088402,27.72410716,,1.5638003811345437e-05,1.5638003811345437e-05,1.5638003811345437e-05,,63.05243136734481,,63.05243136734481,0.0,63.05243136734481,42.76484029381758,25.658904176290545,3694882.2013858384,1.5638003811345437e-05,99.9990229486135,25.658904176290545,43.19358433060366,25.9161505983622,78370439.4094473,1317.2559927194898
2025-12-06,14264,25.599411104879415,25.59913067863152,25.599411104879415,25.599411104879415,592.6948261357263,0.0,0.0,28950649.5,0.9975985588131403,19.0,26.0,33.0,#1629 (100 cores),100,10485760.0,10.0,42.66568517479902,166.66666666666666,25.599411104879415,3686315.1991026355,100.00109545223006,0.0,25.599411104879415,1.0,,,,,,,,,,,,,,,,,,,,,,,,,,0.0,0.0,0.0,42.73067405804081,25.63840443482449,3691930.2386147263,1.5638003811345437e-05,99.99906256260373,25.63840443482449,43.169588914430726,25.90175334865844,82056754.60854994,1317.2559927194898
2025-12-07,14272,25.51632567264574,25.51667600896861,25.51632567264574,25.51632567264574,592.6615751121076,0.0,0.0,28964917.5,0.9976190395480227,19.0,26.0,32.0,#1629 (100 cores),100,10485760.0,10.0,42.527209454409565,166.66666666666666,25.51632567264574,3674350.896860986,99.99862702993624,0.0,25.51632567264574,1.0,,,,,,,,,,,,,,,,,,,,,,,,,,0.0,0.0,0.0,42.688073951442966,25.61284437086578,3688249.589404672,1.5638003811345437e-05,99.99898354276168,25.61284437086578,43.141659372690675,25.884995623614408,85731105.50541092,1317.2559927194898
2025-12-08,14260,25.51297335203366,25.51241234221599,25.51297335203366,25.51297335203366,592.6651472650772,0.0,0.0,28979183.5,0.9975180501589545,19.0,26.0,32.0,#1629 (100 cores),100,10485760.0,10.0,42.52162225338944,166.66666666666666,25.51297335203366,3673868.1626928477,100.00219896813421,0.0,25.51297335203366,1.0,2.0,10.0,10.0,10.0,20.0,2.48015873015873e-06,2.48015873015873e-06,2.48015873015873e-06,,,,,,,,,2.0862977618916068,10.0,,5.1743496078660884e-06,5.1743496078660884e-06,5.1743496078660884e-06,,20.86297761891607,,41.72595523783214,0.0,41.72595523783214,42.64050535028293,25.584303210169757,3684139.6622644453,1.0406176709605763e-05,99.99999963960889,25.584303210169757,43.11582449271979,25.869494695631875,89404973.66810377,1358.9819479573218
2025-12-09,14258,25.459461355028754,25.459952307476506,25.459461355028754,25.459461355028754,592.3783840650863,0.0,0.0,28993442.5,0.9967534708000848,19.0,26.0,32.0,#1629 (100 cores),100,10485760.0,10.0,42.43243559171459,166.66666666666666,25.459461355028758,3666162.4351241407,99.99807166784201,0.0,25.459461355028758,1.0,2.0,10.0,10.0,10.0,20.0,2.48015873015873e-06,2.48015873015873e-06,2.48015873015873e-06,,,,,,,,,2.1311050824672626,10.0,,5.285478875166822e-06,5.285478875166822e-06,5.285478875166822e-06,,21.311050824672627,,42.622101649345254,0.0,42.622101649345254,42.61320206614439,25.567921239686633,3681780.658514875,8.699277431459449e-06,100.00011612539042,25.567921239686633,43.08848893667959,25.853093362007755,93071136.10322791,1401.604049606667
2025-12-10,14250,25.253403508771928,25.2540350877193,25.253403508771928,25.253403508771928,592.3491228070176,0.0,0.0,29007696.5,0.9969580816297658,19.0,25.0,32.0,#1629 (100 cores),100,10485760.0,10.0,42.08900584795321,166.66666666666666,25.253403508771928,3636490.1052631577,99.99749909689609,0.0,25.253403508771928,1.0,,,,,,,,,,,,,,,,,,,,,,,,,,0.0,0.0,0.0,42.53284131210023,25.519704787260142,3674837.489365461,8.699277431459449e-06,99.9997196157821,25.519704787260142,43.05004727942087,25.830028367652524,96707626.20849107,1401.604049606667
2025-12-11,14249,25.387886869253983,25.388237771071655,25.387886869253983,25.387886869253983,592.1573443750439,0.0,0.0,29021946.0,0.9975651445536157,19.0,25.0,32.0,#1629 (100 cores),100,10485760.0,10.0,42.31314478208997,166.66666666666666,25.387886869253983,3655855.7091725734,99.99861785673808,0.0,25.387886869253983,1.0,1.0,10.0,10.0,10.0,10.0,2.48015873015873e-06,2.48015873015873e-06,2.48015873015873e-06,,,,,,,,,2.197248180928796,10.0,,5.449524258255943e-06,5.449524258255943e-06,5.449524258255943e-06,,21.97248180928796,,21.97248180928796,0.0,21.97248180928796,42.480959906478745,25.48857594388725,3670354.935919763,7.886839138158572e-06,99.99960036514733,25.48857594388725,43.02275459433454,25.813652756600728,100363481.91766365,1423.576531415955
2025-12-12,14264,25.486048794167132,25.485838474481213,25.486048794167132,25.486048794167132,593.7640914189568,0.0,0.0,29036202.5,0.9976228750351815,20.0,25.0,31.0,#1629 (100 cores),100,10485760.0,10.0,42.476747990278554,166.66666666666666,25.486048794167132,3669991.026360067,100.0008252413831,0.0,25.486048794167132,1.0,,,,,,,,,,,,,,,,,,,,,,,,,,0.0,0.0,0.0,42.43226444209062,25.459358665254374,3666147.64779663,5.3031175804296176e-06,99.99956218759425,25.459358665254374,43.00325435847541,25.801952615085245,104033472.94402371,1423.576531415955
2025-12-13,14312,25.327138065958636,25.32678870877585,25.327138065958636,25.327138065958636,597.3273476802683,0.0,0.0,29050490.5,0.9975881828394889,19.0,25.0,32.0,#1629 (100 cores),100,10485760.0,10.0,42.211896776597726,166.66666666666666,25.32713806595864,3647107.8814980434,100.00137939786524,0.0,25.32713806595864,1.0,,,,,,,,,6.0,10.768135000000001,163.5490162094,2.670668402777778e-06,1.0,72.0,1000.0,10.0,2.01368347193496,,10.768135000000001,,,,5.37788082169255e-06,,21.68361547306436,0.0,329.33595079209164,329.33595079209164,42.36743752806186,25.42046251683712,3660546.6024245457,5.3031175804296176e-06,99.99960275125643,25.42046251683712,42.975966165996866,25.78557969959812,107680580.82552175,1752.9124822080466
2025-12-14,14346,24.982294716297226,24.98292206886937,24.982294716297226,24.982294716297226,596.7143454621497,0.0,0.0,29064819.5,0.9976217464198393,19.0,25.0,31.0,#1629 (100 cores),100,10485760.0,10.0,41.63715786049537,166.66666666666666,24.982294716297226,3597450.4391468004,99.99748887431817,0.0,24.982294716297226,1.0,,,,,,,,,5.0,10.3,52.15454,2.554563492063492e-06,,,,,2.039862850957061,,10.3,,,,5.210959167871461e-06,,21.01058736485773,0.0,106.38810865475408,106.38810865475408,42.24028730035984,25.344172380215902,3649560.82275109,5.3031175804296176e-06,99.99944015759671,25.344172380215902,42.93133922248015,25.75880353348809,111278031.26466855,1859.3005908628006
2025-12-15,14345,24.638201463924712,24.637783199721156,24.638201463924712,24.638201463924712,594.9920529801325,0.0,4.0,29079165.0,0.9967300953181946,19.0,25.0,31.0,#1629 (100 cores),100,10485760.0,10.0,41.06366910654119,166.66666666666666,24.638201463924712,3547901.010805159,100.00169765355984,0.0,24.638201463924712,1.0,,,,,,,,,6.0,14.2264795445,171.7895610148,3.528392744171627e-06,,,,,1.9563556962718585,,14.2264795445,,,,6.902791243744456e-06,,27.83205429477765,0.0,336.08148625134595,336.08148625134595,42.032008279381515,25.21920496762891,3631565.515338563,5.367501566711381e-06,99.99936854122893,25.21920496762891,42.84890959082456,25.709345754494738,114825932.27547371,2195.3820771141463
2025-12-16,14334,24.539765592298032,24.540323705874144,24.539765592298032,24.539765592298032,595.1342960792522,0.0,0.0,29093504.5,0.9988630366272148,19.0,24.0,31.0,#1629 (100 cores),100,10485760.0,10.0,40.89960932049672,166.66666666666666,24.539765592298032,3533726.245290917,99.99772572854864,0.0,24.539765592298032,1.0,,,,,,,,,1.0,10.92727,10.92727,2.7101364087301585e-06,,,,,1.9018830705080592,,10.92727,,,,5.1543625545313985e-06,,20.7823898198706,0.0,20.7823898198706,20.7823898198706,41.81303309777896,25.08781985866738,3612646.0596481026,5.449524258255943e-06,99.99931912132989,25.08781985866738,42.760549701729595,25.656329821037755,118359658.52076463,2216.164466934017
2025-12-17,14335,24.737844436693408,24.73819323334496,24.737844436693408,24.737844436693408,593.550331356819,0.0,0.0,29107839.0,0.9984943405477341,19.0,25.0,31.0,#1629 (100 cores),100,10485760.0,10.0,41.229740727822346,166.66666666666666,24.737844436693408,3562249.5988838505,99.99859004799477,0.0,24.737844436693408,1.0,,,,,,,,,,,,,,,,,,,,,,,,,,0.0,0.0,0.0,41.69028093776027,25.014168562656163,3602040.2730224873,5.449524258255943e-06,99.99947497148683,25.014168562656163,42.66736710312291,25.600420261873747,121921908.11964849,2216.164466934017
2025-12-18,14351,24.993031844470767,24.99372866002369,24.993031844470767,24.993031844470767,592.0726778621699,0.0,0.0,29122182.0,0.9977833111748653,19.0,25.0,31.0,#1629 (100 cores),100,10485760.0,10.0,41.655053074117944,166.66666666666666,24.993031844470767,3598996.5856037904,99.9972120384181,0.0,24.993031844470767,1.0,,,,,,,,,,,,,,,,,,,,,,,,,,0.0,0.0,0.0,41.59626783662141,24.95776070197284,3593917.5410840893,,99.99927414029825,24.95776070197284,42.58302798262422,25.549816789574532,125520904.70525227,2216.164466934017
2025-12-19,14332,25.150432598381244,25.151618755233045,25.150432598381244,25.150432598381244,590.7142059726486,0.0,0.0,29136523.5,0.9967277991467935,19.0,25.0,31.0,#1629 (100 cores),100,10485760.0,10.0,41.91738766396874,166.66666666666666,25.150432598381244,3621662.2941668993,99.99528397411179,0.0,25.150432598381244,1.0,,,,,,,,,5.0,10.3,51.5,2.554563492063492e-06,,,,,1.7587951315895212,,10.3,,,,4.492953833177596e-06,,18.11558985537207,0.0,90.57794927686034,90.57794927686034,41.51635921857714,24.90981553114629,3587013.4364850656,,99.99848253068808,24.90981553114629,42.505072757441354,25.503043654464815,129142566.99941917,2306.7424162108773
2025-12-20,14300,25.162517482517483,25.162517482517483,25.162517482517483,25.162517482517483,594.5192307692307,0.0,0.0,29150839.5,0.9977076572150477,20.0,25.0,31.0,#1629 (100 cores),100,10485760.0,10.0,41.93752913752914,166.66666666666666,25.162517482517483,3623402.5174825178,100.0,0.0,25.162517482517483,1.0,,,,,,,,,,,,,,,,,,,,,,,,,,0.0,0.0,0.0,41.47716384156735,24.886298304940407,3583626.9559114194,,99.99828547385017,24.886298304940407,42.45264790288759,25.471588741732553,132765969.51690169,2306.7424162108773
2025-12-21,14295,25.195732773697095,25.1963623644631,25.195732773697095,25.195732773697095,594.8558237145855,0.0,0.0,29165137.0,0.9971423422159887,20.0,25.0,31.0,#1629 (100 cores),100,10485760.0,10.0,41.99288795616183,166.66666666666666,25.195732773697095,3628185.519412382,99.99750126325024,0.0,25.195732773697095,1.0,,,,,,,,,,,,,,,,,,,,,,,,,,0.0,0.0,0.0,41.52798242666256,24.916789455997534,3588017.6816636445,,99.99828724369762,24.916789455997534,42.410694216483606,25.44641652989016,136394155.03631407,2306.7424162108773
2025-12-22,14263,25.084344107130338,25.085255556334573,25.084344107130338,25.084344107130338,593.9917268456846,0.0,3.0,29179416.0,0.9938695009502357,19.0,25.0,31.0,#1629 (100 cores),100,10485760.0,10.0,41.807240178550565,166.66666666666666,25.08434410713034,3612145.551426769,99.99636659390538,0.0,25.08434410713034,1.0,,,,,,,,,1.0,10.3,10.3,2.554563492063492e-06,,,,,1.801718601779386,,10.3,,,,4.6026045630773006e-06,,18.55770159832768,0.0,18.55770159832768,18.55770159832768,41.63420686552104,24.980524119312626,3597195.4731810177,,99.99752566374698,24.980524119312626,42.36951998369677,25.421711990218057,140006300.58774084,2325.300117809205
2025-12-23,14226,24.99697736538732,24.996696190074513,24.99697736538732,24.99697736538732,594.209264726557,0.0,1.0,29193660.5,0.9961723779927961,20.0,25.0,31.0,#1629 (100 cores),100,10485760.0,10.0,41.6616289423122,166.66666666666666,24.99697736538732,3599564.740615774,100.00112484990285,0.0,24.99697736538732,1.0,,,,,,,,,,,,,,,,,,,,,,,,,,0.0,0.0,0.0,41.74306681149468,25.04584008689681,3606600.97251314,,99.99801125251187,25.04584008689681,42.318926150542325,25.391355690325394,143605865.32835662,2325.300117809205
2025-12-24,14273,25.424227562530653,25.424928186085616,25.424227562530653,25.424227562530653,595.4261893084846,0.0,1.0,29207910.0,0.9993038631734215,20.0,25.0,31.0,#1629 (100 cores),100,10485760.0,10.0,42.37371260421776,166.66666666666666,25.424227562530653,3661088.7690044143,99.9972443440161,0.0,25.424227562530653,1.0,,,,,,,,,,,,,,,,,,,,,,,,,,0.0,0.0,0.0,41.90649136526546,25.14389481915927,3620720.853958935,,99.99781900908634,25.14389481915927,42.29049278626582,25.37429567175949,147266954.09736103,2325.300117809205
2025-12-25,14310,25.86848357791754,25.86827393431167,25.86848357791754,25.86848357791754,595.2851851851852,0.0,1.0,29222201.5,0.9994036228322686,20.0,26.0,32.0,#1629 (100 cores),100,10485760.0,10.0,43.11413929652923,166.66666666666666,25.86848357791754,3725061.635220126,100.00081042750051,0.0,25.86848357791754,1.0,,,,,,,,,,,,,,,,,,,,,,,,,,0.0,0.0,0.0,42.11493225418135,25.268959352508812,3638730.146761269,,99.99833306466955,25.268959352508812,42.2901868568753,25.374112114125182,150992015.73258117,2325.300117809205
2025-12-26,14316,25.744202291142777,25.743853031573064,25.744202291142777,25.744202291142777,592.0530176026823,0.0,0.0,29236514.5,0.9992701381583562,20.0,26.0,32.0,#1629 (100 cores),100,10485760.0,10.0,42.9070038185713,166.66666666666666,25.744202291142777,3707165.12992456,100.00135667170444,0.0,25.744202291142777,1.0,,,,,,,,,,,,,,,,,,,,,,,,,,0.0,0.0,0.0,42.256305990553145,25.353783594331883,3650944.837583792,,99.99920059289707,25.353783594331883,42.28597492034726,25.37158495220836,154699180.86250573,2325.300117809205
2025-12-27,14297,25.554801706651745,25.555011540882703,25.554801706651745,25.554801706651745,591.0594530321047,0.0,0.0,29250821.0,0.9992952733164271,19.0,26.0,32.0,#1629 (100 cores),100,10485760.0,10.0,42.59133617775291,166.66666666666666,25.55480170665174,3679891.445757851,99.99917889205167,0.0,25.55480170665174,1.0,,,,,,,,,,,,,,,,,,,,,,,,,,0.0,0.0,0.0,42.349706996299396,25.40982419777964,3659014.684480268,,99.99908329176161,25.40982419777964,42.276992735292204,25.36619564117532,158379072.3082636,2325.300117809205
2025-12-28,14306,25.672375227177408,25.672515028659305,25.672375227177408,25.672375227177408,592.273311897106,0.0,0.0,29265122.5,0.9984863614017838,20.0,26.0,32.0,#1629 (100 cores),100,10485760.0,10.0,42.78729204529568,166.66666666666666,25.672375227177408,3696822.0327135464,99.99945544298352,0.0,25.672375227177408,1.0,,,,,,,,,,,,,,,,,,,,,,,,,,0.0,0.0,0.0,42.46319329474709,25.477915976848255,3668819.9006661484,,99.99936246029493,25.477915976848255,42.27223392794394,25.36334035676636,162075894.34097713,2325.300117809205
2025-12-29,14327,25.61059537935367,25.611432958749216,25.61059537935367,25.61059537935367,593.7365114818175,0.0,0.0,29279439.0,0.9971041526374859,20.0,26.0,32.0,#1629 (100 cores),100,10485760.0,10.0,42.68432563225611,166.66666666666666,25.61059537935367,3687925.7346269283,99.99672966601713,0.0,25.61059537935367,1.0,1.0,76.17500002,76.17500002,76.17500002,76.17500002,1.8892609131944444e-05,1.8892609131944444e-05,1.8892609131944444e-05,1.0,10.3,10.3,2.554563492063492e-06,,,,,1.8484796584553884,76.17500002,10.3,3.492260367554782e-05,3.492260367554782e-05,3.492260367554782e-05,4.722058651312128e-06,140.8079380198088,19.039340482090502,140.8079380198088,19.039340482090502,159.8472785018993,42.58849121670503,25.553094730023016,3679645.6411233144,3.492260367554782e-05,99.99941432773947,25.553094730023016,42.2648831548446,25.358929892906755,165763820.07560405,2485.1473963111043
2025-12-30,14295,25.693599160545645,25.69401888772298,25.693599160545645,25.693599160545645,594.0430220356768,0.0,0.0,29293750.0,0.9969468333920394,20.0,26.0,32.0,#1629 (100 cores),100,10485760.0,10.0,42.82266526757608,166.66666666666666,25.693599160545645,3699878.2791185733,99.99836644014637,0.0,25.693599160545645,1.0,,,,,,,,,,,,,,,,,,,,,,,,,,0.0,0.0,0.0,42.75435354888558,25.65261212933135,3693976.146623715,3.492260367554782e-05,99.99902026920282,25.65261212933135,42.26479165707731,25.35887499424639,169463698.35472262,2485.1473963111043
2025-12-31,14281,25.838246621385057,25.837826482739302,25.838246621385057,25.838246621385057,593.6921083957706,0.0,0.0,29308038.0,0.9967185696184709,20.0,26.0,32.0,#1629 (100 cores),100,10485760.0,10.0,43.0637443689751,166.66666666666666,25.838246621385057,3720707.5134794484,100.00162606032686,0.0,25.838246621385057,1.0,,,,,,,,,,,,,,,,,,,,,,,,,,0.0,0.0,0.0,42.852929515279484,25.711757709167692,3702493.1101201475,3.492260367554782e-05,99.9996462286758,25.711757709167692,42.27176305399283,25.363057832395693,173184405.86820206,2485.1473963111043
2026-01-01,14316,25.65332495110366,25.654652137468567,25.65332495110366,25.65332495110366,594.5347164012294,0.0,0.0,29322336.5,0.995776504156686,19.0,26.0,32.0,#1629 (100 cores),100,10485760.0,10.0,42.75554158517277,166.66666666666666,25.653324951103663,3694078.7929589273,99.99482672242915,0.0,25.653324951103663,1.0,,,,,,,,,,,,,,,,,,,,,,,,,,0.0,0.0,0.0,42.801701270799995,25.681020762479992,3698066.9897971195,3.492260367554782e-05,99.99879141366559,25.681020762479992,42.27616248747577,25.365697492485467,176878484.66116098,2485.1473963111043
2026-01-02,14304,25.741121364653242,25.741750559284117,25.741121364653242,25.741121364653242,594.5262863534675,0.0,0.0,29336646.5,0.9966318434966515,20.0,26.0,32.0,#1629 (100 cores),100,10485760.0,10.0,42.901868941088736,166.66666666666666,25.741121364653242,3706721.476510067,99.99755574264685,0.0,25.741121364653242,1.0,,,,,,,,,,,,,,,,,,,,,,,,,,0.0,0.0,0.0,42.80096771687391,25.68058063012435,3698003.610737906,3.492260367554782e-05,99.99824842380022,25.68058063012435,42.28450708130332,25.37070424878199,180585206.13767105,2485.1473963111043
2026-01-03,14315,25.672231924554662,25.671603213412503,25.672231924554662,25.672231924554662,593.9508208173245,0.0,0.0,29350956.0,0.9964506890732668,20.0,26.0,32.0,#1629 (100 cores),100,10485760.0,10.0,42.7870532075911,166.66666666666666,25.672231924554662,3696801.397135871,100.00244905289681,0.0,25.672231924554662,1.0,,,,,,,,,,,,,,,,,,,,,,,,,,0.0,0.0,0.0,42.82892729256508,25.697356375539048,3700419.318077623,3.492260367554782e-05,99.99871558963524,25.697356375539048,42.28819836750834,25.372919020505005,184282007.53480694,2485.1473963111043
2026-01-04,14303,25.49870656505628,25.49884639586101,25.49870656505628,25.49870656505628,594.1452142907083,0.0,0.0,29365265.0,0.9967638916325665,20.0,26.0,31.0,#1629 (100 cores),100,10485760.0,10.0,42.497844275093804,166.66666666666666,25.498706565056285,3671813.7453681044,99.99945161909461,0.0,25.498706565056285,1.0,1.0,10.0,10.0,10.0,10.0,2.48015873015873e-06,2.48015873015873e-06,2.48015873015873e-06,,,,,,,,,2.124787600945544,10.0,,5.269810518218115e-06,5.269810518218115e-06,5.269810518218115e-06,,21.24787600945544,,21.24787600945544,0.0,21.24787600945544,42.78757761110767,25.672546566664604,3696846.7055997024,2.0096207096882966e-05,99.99871504336541,25.672546566664604,42.277539301978294,25.366523581186975,187953821.28017503,2506.39527232056
2026-01-05,14310,25.477777777777778,25.478266946191475,25.477777777777778,25.477777777777778,594.2452131376659,0.0,0.0,29379571.5,0.9970943658999789,20.0,26.0,32.0,#1629 (100 cores),100,10485760.0,10.0,42.46296296296296,166.66666666666666,25.477777777777778,3668800.0,99.99808005617207,0.0,25.477777777777778,1.0,1.0,10.0,10.0,10.0,10.0,2.48015873015873e-06,2.48015873015873e-06,2.48015873015873e-06,,,,,,,,,2.138867697736621,10.0,,5.304731393195985e-06,5.304731393195985e-06,5.304731393195985e-06,,21.388676977366213,,21.388676977366213,0.0,21.388676977366213,42.75595437263722,25.653572623582335,3694114.4577958556,5.28727095570705e-06,99.99890795624468,25.653572623582335,42.27078189491708,25.362469136950253,191622621.28017503,2527.783949297926
2026-01-06,14321,25.584526220236018,25.58466587528804,25.584526220236018,25.584526220236018,594.8197751553663,0.0,0.0,29393887.0,0.9972185968115739,20.0,26.0,31.0,#1629 (100 cores),100,10485760.0,10.0,42.640877033726696,166.66666666666666,25.58452622023602,3684171.7757139867,99.99945414549207,0.0,25.58452622023602,1.0,2.0,10.0,10.0,10.0,20.0,2.48015873015873e-06,2.48015873015873e-06,2.48015873015873e-06,,,,,,,,,2.210821925932008,10.0,,5.483189300426607e-06,5.483189300426607e-06,5.483189300426607e-06,,22.10821925932008,,44.21643851864016,0.0,44.21643851864016,42.72998462494446,25.637990774966674,3691870.671595201,5.35257707061357e-06,99.99906334272262,25.637990774966674,42.27457081422766,25.364742488536596,195306793.055889,2572.000387816566
2026-01-07,14310,25.360377358490567,25.35988819007687,25.360377358490567,25.360377358490567,595.2020265548567,0.0,0.0,29408202.5,0.997260222472543,20.0,25.0,31.0,#1629 (100 cores),100,10485760.0,10.0,42.26729559748428,166.66666666666666,25.360377358490567,3651894.3396226414,100.00192890603472,0.0,25.360377358490567,1.0,2.0,10.0,10.0,10.0,20.0,2.48015873015873e-06,2.48015873015873e-06,2.48015873015873e-06,,,,,,,,,2.232928493363717,10.0,,5.5380170966362026e-06,5.5380170966362026e-06,5.5380170966362026e-06,,22.32928493363717,,44.65856986727434,0.0,44.65856986727434,42.6162062290172,25.569723737410317,3682040.218187086,5.398937077119227e-06,99.99910660639519,25.569723737410317,42.266093259030825,25.35965595541849,198958687.39551166,2616.6589576838405
2026-01-08,14317,25.65104421317315,25.650694977998185,25.65104421317315,25.65104421317315,595.3644618285954,0.0,0.0,29422516.0,0.9975033595174639,21.0,26.0,31.0,#1629 (100 cores),100,10485760.0,10.0,42.75174035528858,166.66666666666666,25.65104421317315,3693750.3666969338,100.00136150375367,0.0,25.65104421317315,1.0,,,,,,,,,,,,,,,,,,,,,,,,,,0.0,0.0,0.0,42.61566319617659,25.56939791770596,3681993.3001496573,5.398937077119227e-06,100.0000401465844,25.56939791770596,42.276736751149954,25.366042050689973,202652437.76220858,2616.6589576838405
2026-01-09,14328,25.628838637632608,25.629815745393635,25.628838637632608,25.628838637632608,595.341359575656,0.0,0.0,29436838.5,0.9975936942630433,20.0,26.0,32.0,#1629 (100 cores),100,10485760.0,10.0,42.71473106272101,166.66666666666666,25.628838637632605,3690552.763819095,99.99618761301005,0.0,25.628838637632605,1.0,,,,,,,,,,,,,,,,,,,,,,,,,,0.0,0.0,0.0,42.58892921355264,25.55335752813158,3679683.4840509477,5.398937077119227e-06,99.99984469949344,25.55335752813158,42.297594258308884,25.37855655498533,206342990.52602768,2616.6589576838405
2026-01-10,16631,25.34700258553304,25.348084901689617,25.34700258553304,25.346942456857676,594.3332331188744,0.0,0.0,29450022.0,0.9978768644529123,20.0,25.0,31.0,#1629 (100 cores),100,10485760.0,10.0,42.245004309221734,166.66666666666666,25.34700258553304,3649968.3723167577,99.99573018568947,0.0,25.34700258553304,0.9999976277796492,,,,,,,,,6.0,11.091179050000001,168.45548669570002,2.7507884548611113e-06,1.0,72.0,1000.0,10.0,2.0809401133951235,,11.091179050000001,,,,5.724226039184677e-06,,23.08007938999262,0.0,350.5457795865807,350.5457795865807,42.51149365664272,25.506896193985632,3672993.0519339317,5.398937077119227e-06,99.99888486132095,25.506896193985632,42.295322909213276,25.377193745527965,209992958.89834443,2967.204737270421
2026-01-11,12005,24.48371511870054,24.48271553519367,24.48371511870054,24.48371511870054,595.5912536443149,0.0,0.0,29466636.0,0.9989818485989127,19.0,25.0,31.0,#1629 (100 cores),100,10485760.0,10.0,40.8061918645009,166.66666666666666,24.48371511870054,3525654.977092878,100.00408281305819,0.0,24.48371511870054,1.0,,,,,,,,,2.0,10.627544050000001,21.255088100000002,2.635799615575397e-06,,,,,2.0915800068481016,,10.627544050000001,,,,5.512985777995412e-06,,22.228358656877504,0.0,44.45671731375501,44.45671731375501,42.26982902655802,25.361897415934813,3652113.227894613,5.4419792634195985e-06,99.9995464604586,25.361897415934813,42.239637705020684,25.34378262301241,213518613.87543732,3011.6614545841758
2026-01-12,14333,24.38519500453499,24.385334542663784,24.38519500453499,24.38519500453499,595.5515942231215,0.0,0.0,29479805.0,0.9989997054078698,19.0,24.0,31.0,#1629 (100 cores),100,10485760.0,10.0,40.64199167422498,166.66666666666666,24.38519500453499,3511468.0806530383,99.99942777849304,0.0,24.38519500453499,1.0,,,,,,,,,13.0,10.609,191.6784792918,2.631200396825397e-06,,,,,2.063547683418033,,10.609,,,,5.429607483477657e-06,,21.892177373381912,0.0,395.53768190368527,395.53768190368527,42.009690271024034,25.205814162614416,3629637.239416476,5.510603198531405e-06,99.99973899221875,25.205814162614416,42.187307534941596,25.312384520964955,217030081.95609036,3407.199136487861
2026-01-13,14322,25.003630777824327,25.00384024577573,25.003630777824327,25.003630777824327,595.4553135037006,0.0,0.0,29494132.5,0.9988920435393258,20.0,25.0,31.0,#1629 (100 cores),100,10485760.0,10.0,41.67271796304055,166.66666666666666,25.003630777824327,3600522.832006703,99.99916225687996,0.0,25.003630777824327,1.0,,,,,,,,,1.0,18.0514597617,18.0514597617,4.477048552008928e-06,,,,,2.051739859760119,,18.0514597617,,,,9.185738968238042e-06,,37.03689951993579,0.0,37.03689951993579,37.03689951993579,41.87138183235457,25.122829099412744,3617687.3903154354,5.5380170966362026e-06,99.99969729384559,25.122829099412744,42.1884928716931,25.31309572301586,220630604.78809705,3444.2360360077964
2026-01-14,14313,25.688814364563683,25.689163697338085,25.688814364563683,25.688814364563683,595.8474813106966,0.0,0.0,29508450.0,0.9989286386956217,20.0,26.0,32.0,#1629 (100 cores),100,10485760.0,10.0,42.81469060760614,166.66666666666666,25.688814364563683,3699189.2684971704,99.9986401551311,0.0,25.688814364563683,1.0,,,,,,,,,1.0,10.609,10.609,2.631200396825397e-06,,,,,2.276394474061368,,10.609,,,,5.989650043481413e-06,,24.150268975317054,0.0,24.150268975317054,24.150268975317054,41.949581119514846,25.169748671708906,3624443.8087260826,,99.99922747228791,25.169748671708906,42.24686025506193,25.348116153037157,224329794.05659422,3468.3863049831134
2026-01-15,14331,25.808596748307863,25.807689623892262,25.808596748307863,25.808596748307863,595.9889749494104,0.0,0.0,29522772.0,0.9987079901616303,20.0,26.0,32.0,#1629 (100 cores),100,10485760.0,10.0,43.014327913846444,166.66666666666666,25.808596748307867,3716437.9317563325,100.00351493848858,0.0,25.808596748307867,1.0,,,,,,,,,1.0,63.0502149918,63.0502149918,1.5637454115029763e-05,,,,,2.2265779550898417,,63.0502149918,,,,3.48180106062542e-05,,140.38621876441692,0.0,140.38621876441692,140.38621876441692,41.98709362788025,25.192256176728147,3627684.889448854,,99.99953510582148,25.192256176728147,42.31735087484025,25.39041052490415,228046231.98835057,3608.77252374753
2026-01-16,16642,25.798882345871892,25.799122701598364,25.798882345871892,25.798882345871892,596.2979810118976,0.0,0.0,29535962.5,0.9990270727580373,20.0,26.0,32.0,#1629 (100 cores),100,10485760.0,10.0,42.99813724311982,166.66666666666666,25.798882345871892,3715039.057805552,99.99906835697767,0.0,25.798882345871892,1.0,,,,,,,,,,,,,,,,,,,,,,,,,,0.0,0.0,0.0,42.02758022508009,25.216548135048047,3631182.9314469188,,99.999946640674,25.216548135048047,42.37629742535017,25.425778455210104,231761271.0461561,3608.77252374753
2026-01-17,12029,25.67919195278078,25.679524482500625,25.67919195278078,25.67919195278078,595.7555075234849,0.0,1.0,29552594.0,0.9990110775934306,20.0,26.0,32.0,#1629 (100 cores),100,10485760.0,10.0,42.79865325463464,166.66666666666666,25.679191952780776,3697803.6412004326,99.99870507835894,0.0,25.679191952780776,1.0,,,,,,,,,1.0,10.609,10.609,2.631200396825397e-06,,,,,2.1192172304610803,,10.609,,,,5.576085217748413e-06,,22.482775597961602,0.0,22.482775597961602,22.482775597961602,42.10667293156764,25.264003758940582,3638016.541287444,,100.00037162534106,25.264003758940582,42.41441743136739,25.44865045882044,235459074.68735653,3631.255299345492
2026-01-18,14323,25.782796900090762,25.78349507784682,25.782796900090762,25.782796900090762,596.4656845632899,0.0,0.0,29565770.0,0.9989628507295174,20.0,26.0,32.0,#1629 (100 cores),100,10485760.0,10.0,42.97132816681793,166.66666666666666,25.78279690009076,3712722.7536130697,99.99729215238683,0.0,25.78279690009076,1.0,,,,,,,,,,,,,,,,,,,,,,,,,,0.0,0.0,0.0,42.41597811761293,25.44958687056776,3664740.5093617574,,99.99940153095945,25.44958687056776,42.44954878146237,25.46972926887742,239171797.4409696,3631.255299345492
2026-01-19,14329,25.578756368204342,25.57777932863424,25.578756368204342,25.578756368204342,595.6761811710517,0.0,0.0,29580096.0,0.9979965033486078,19.0,26.0,32.0,#1629 (100 cores),100,10485760.0,10.0,42.6312606136739,166.66666666666666,25.578756368204342,3683340.917021425,100.00381987645429,0.0,25.578756368204342,1.0,,,,,,,,,,,,,,,,,,,,,,,,,,0.0,0.0,0.0,42.700159394677065,25.620095636806234,3689293.771700098,,100.00002897352533,25.620095636806234,42.47267316400052,25.483603898400315,242855138.357991,3631.255299345492
2026-01-20,14336,25.649623325892858,25.649832589285715,25.649623325892858,25.649623325892858,596.10888671875,0.0,0.0,29594428.5,0.9983392666479348,19.0,26.0,32.0,#1629 (100 cores),100,10485760.0,10.0,42.74937220982142,166.66666666666666,25.649623325892858,3693545.7589285714,99.99918415298762,0.0,25.649623325892858,1.0,,,,,,,,,,,,,,,,,,,,,,,,,,0.0,0.0,0.0,42.85396714421719,25.71238028653031,3702582.7612603647,,100.00003210154071,25.71238028653031,42.49788930578918,25.498733583473506,246548684.11691958,3631.255299345492
2026-01-21,14335,25.54809905824904,25.548726892221836,25.54809905824904,25.54809905824904,596.1417509591907,0.0,0.0,29608764.0,0.9988434947102922,20.0,26.0,31.0,#1629 (100 cores),100,10485760.0,10.0,42.58016509708173,166.66666666666666,25.54809905824904,3678926.264387862,99.99754260172945,0.0,25.54809905824904,1.0,,,,,,,,,,,,,,,,,,,,,,,,,,0.0,0.0,0.0,42.82046349985655,25.69227809991393,3699688.0463876063,,99.99987530819763,25.69227809991393,42.52365346974022,25.514192081844126,250227610.38130745,3631.255299345492
2026-01-22,14345,25.485186476124085,25.48441965841757,25.485186476124085,25.485186476124085,596.2706169397003,0.0,0.0,29623104.0,0.9985921646746347,20.0,25.0,31.0,#1629 (100 cores),100,10485760.0,10.0,42.47531079354014,166.66666666666666,25.485186476124085,3669866.8525618683,100.00300896672083,0.0,25.485186476124085,1.0,,,,,,,,,1.0,10.0,10.0,2.48015873015873e-06,,,,,1.9466918045055863,,10.0,,,,4.828104673872982e-06,,19.466918045055863,0.0,19.466918045055863,19.466918045055863,42.74346105409852,25.64607663245911,3693035.0350741115,,99.99980302651652,25.64607663245911,42.550776198114484,25.53046571886869,253897477.2338693,3650.722217390548
2026-01-23,14330,25.330774598743893,25.330704815073272,25.330774598743893,25.330774598743893,596.2772505233776,0.0,0.0,29637441.5,0.9989230521751294,20.0,25.0,31.0,#1629 (100 cores),100,10485760.0,10.0,42.217957664573156,166.66666666666666,25.330774598743893,3647631.5422191205,100.00027549044187,0.0,25.330774598743893,1.0,,,,,,,,,,,,,,,,,,,,,,,,,,0.0,0.0,0.0,42.63200682859185,25.579204097155106,3683405.389990336,,99.99997547415425,25.579204097155106,42.545584366792994,25.527350620075797,257545108.77608845,3650.722217390548
2026-01-24,14332,25.416620150711694,25.41689924644153,25.416620150711694,25.416620150711694,595.8411247557913,0.0,0.0,29651772.5,0.9987898288439956,20.0,25.0,31.0,#1629 (100 cores),100,10485760.0,10.0,42.36103358451949,166.66666666666666,25.416620150711694,3659993.301702484,99.99890192848808,0.0,25.416620150711694,1.0,,,,,,,,,,,,,,,,,,,,,,,,,,0.0,0.0,0.0,42.56948973286111,25.541693839716668,3678003.9129192,,100.00000359560129,25.541693839716668,42.52048084305933,25.512288505835603,261205102.07779092,3650.722217390548
2026-01-25,16640,25.63996394230769,25.64002403846154,25.63996394230769,25.63996394230769,596.0912259615385,0.0,0.0,29665002.5,0.9991778072768962,20.0,26.0,31.0,#1629 (100 cores),100,10485760.0,10.0,42.73327323717948,166.66666666666666,25.63996394230769,3692154.8076923075,99.99976561584435,0.0,25.63996394230769,1.0,,,,,,,,,,,,,,,,,,,,,,,,,,0.0,0.0,0.0,42.535481885769904,25.52128913146194,3675065.63493052,,100.00035694752377,25.52128913146194,42.51468982367962,25.508813894207766,264897256.88548324,3650.722217390548
2026-01-26,14342,25.573420722353926,25.5730023706596,25.573420722353926,25.573420722353926,596.638753311951,0.0,0.0,29680453.5,0.9991982720022389,20.0,26.0,31.0,#1629 (100 cores),100,10485760.0,10.0,42.622367870589876,166.66666666666666,25.57342072235393,3682572.5840189657,100.0016359115299,0.0,25.57342072235393,1.0,,,,,,,,,,,,,,,,,,,,,,,,,,0.0,0.0,0.0,42.53421149390075,25.52052689634046,3674955.8730730256,,100.0000449525346,25.52052689634046,42.51572421344085,25.509434528064507,268579829.4695022,3650.722217390548
2026-01-27,14355,26.480390107976316,26.48052943225357,26.480390107976316,25.62375478927203,596.4378265412748,0.0,0.0,29694802.0,0.9991821022529119,22.0,26.0,31.0,#1629 (100 cores),100,10485760.0,10.0,44.133983513293856,166.66666666666666,26.480390107976316,3813176.1755485893,99.99947386143616,0.0,26.480390107976316,0.9676502001967768,2.0,67.72142854,67.72142854,67.72142854,135.44285708,1.679598922123016e-05,1.679598922123016e-05,1.679598922123016e-05,,,,,,,,,1.874866920666127,67.72142854,,3.149024459074925e-05,3.149024459074925e-05,3.149024459074925e-05,,126.96866618990099,,253.93733237980197,0.0,253.93733237980197,42.73201310868253,25.639207865209524,3692045.932590171,3.149024459074925e-05,100.00008633945582,25.639207865209524,42.56061392904078,25.536368357424468,272393005.6450508,3904.6595497703497
2026-01-28,14336,27.094587053571427,27.095493861607142,27.094587053571427,25.517996651785715,597.0009765625,0.0,0.0,29709147.5,0.9990248827933665,21.0,27.0,34.0,#1629 (100 cores),100,10485760.0,10.0,45.157645089285715,166.66666666666666,27.094587053571427,3901620.5357142854,99.99665328840159,0.0,27.094587053571427,0.9418116098736447,,,,,,,,,,,,,,,,,,,,,,,,,,0.0,0.0,0.0,43.10022453614024,25.860134721684148,3723859.399922517,3.149024459074925e-05,99.99995929469468,25.860134721684148,42.64305791094177,25.585834746565062,276294626.1807651,3904.6595497703497
2026-01-29,14350,26.948710801393727,26.94843205574913,26.948710801393727,25.371219512195122,597.5941463414634,0.0,0.0,29723490.5,0.9986079251629179,21.0,27.0,33.0,#1629 (100 cores),100,10485760.0,10.0,44.91451800232287,166.66666666666666,26.948710801393727,3880614.3554006964,100.00103436683818,0.0,26.948710801393727,0.9414632001944591,,,,,,,,,,,,,,,,,,,,,,,,,,0.0,0.0,0.0,43.44868270882349,26.069209625294096,3753966.1860423503,3.149024459074925e-05,99.99967720899716,26.069209625294096,42.71278633543333,25.627671801259996,280175240.5361658,3904.6595497703497
2026-01-30,12055,26.8744089589382,26.873911240149315,26.8744089589382,25.267689755288263,597.4715885524679,0.0,0.0,29738989.0,0.9988968021319121,21.0,27.0,33.0,#1629 (100 cores),100,10485760.0,10.0,44.79068159823033,166.66666666666666,26.8744089589382,3869914.8900871007,100.00185205191919,0.0,26.8744089589382,0.9402137845671372,,,,,,,,,,,,,,,,,,,,,,,,,,0.0,0.0,0.0,43.81621469934595,26.28972881960757,3785720.95002349,3.149024459074925e-05,99.99990243206535,26.28972881960757,42.770350909741836,25.662210545845102,284045155.4262529,3904.6595497703497
2026-01-31,14358,27.108023401587964,27.10788410642151,27.108023401587964,25.489901100431815,597.6817105446441,0.0,0.0,29752195.5,0.9989276326815643,22.0,27.0,33.0,#1629 (100 cores),100,10485760.0,10.0,45.1800390026466,166.66666666666666,27.108023401587968,3903555.3698286666,100.00051385481032,0.0,27.108023401587968,0.9403083626871386,,,,,,,,,,,,,,,,,,,,,,,,,,0.0,0.0,0.0,44.21892975907839,26.531357855447034,3820515.531184373,3.149024459074925e-05,100.00013270725425,26.531357855447034,42.85116749032429,25.710700494194576,287948710.79608154,3904.6595497703497
2026-02-01,14364,26.773391812865498,26.773879142300196,26.773391812865498,25.179546087440823,597.3861737677527,0.0,0.0,29766556.5,0.9984262406383425,21.0,27.0,33.0,#1629 (100 cores),100,10485760.0,10.0,44.622319688109165,166.66666666666666,26.773391812865498,3855368.4210526315,99.9981798325446,0.0,26.773391812865498,0.9404690396881735,,,,,,,,,,,,,,,,,,,,,,,,,,0.0,0.0,0.0,44.48879353778263,26.69327612266958,3843831.7616644194,3.149024459074925e-05,99.99990616678285,26.69327612266958,42.90851584855831,25.745109509134988,291804079.2171342,3904.6595497703497
2026-02-02,15759,26.9715083444381,26.97214290246843,26.9715083444381,25.360428961228504,597.5376610191001,0.0,0.0,29779782.0,0.9986284331826574,21.0,27.0,33.0,#1629 (100 cores),100,10485760.0,10.0,44.95251390739683,166.66666666666666,26.9715083444381,3883897.201599086,99.99764735774748,0.0,26.9715083444381,0.940267360555613,12.0,10.0,10.0,10.0,120.0,2.48015873015873e-06,2.48015873015873e-06,2.48015873015873e-06,,,,,,,,,1.5000838740919824,10.0,,3.7204461162995595e-06,3.7204461162995595e-06,3.7204461162995595e-06,,15.000838740919825,,180.0100648910379,0.0,180.0100648910379,44.82167154304077,26.893002925824458,3872592.421318722,1.7605345353524405e-05,99.99933637338536,26.893002925824458,42.98069787188517,25.7884187231311,295687976.41873324,4084.6696146613876
2026-02-03,12053,26.890068862523854,26.889488094250392,26.890068862523854,25.31154069526259,596.3903592466606,0.0,0.0,29796424.0,0.9985950703046534,21.0,27.0,34.0,#1629 (100 cores),100,10485760.0,10.0,44.81678143753976,166.66666666666666,26.890068862523854,3872169.916203435,100.00215983387793,0.0,26.890068862523854,0.9412969830857805,1.0,10.0,10.0,10.0,10.0,2.48015873015873e-06,2.48015873015873e-06,2.48015873015873e-06,,,,,,,,,1.544858234358694,10.0,,3.831493636802316e-06,3.831493636802316e-06,3.831493636802316e-06,,15.44858234358694,,15.44858234358694,0.0,15.44858234358694,44.91921410364733,26.951528462188396,3881020.098555129,3.7759698765509377e-06,99.9997200837342,26.951528462188396,43.05799577730003,25.83479746638002,299560146.3349367,4100.118197004975
2026-02-04,14335,26.960585978374606,26.963027554935472,26.960585978374606,25.372166027206138,597.3288454830833,0.0,0.0,29809618.0,0.9981667484060813,21.0,27.0,34.0,#1629 (100 cores),100,10485760.0,10.0,44.93430996395767,166.66666666666666,26.960585978374606,3882324.380885943,99.99094472400813,0.0,26.960585978374606,0.9410836265783482,1.0,10.0,10.0,10.0,10.0,2.48015873015873e-06,2.48015873015873e-06,2.48015873015873e-06,,,,,,,,,1.4925744481263417,10.0,,3.701821547932395e-06,3.701821547932395e-06,3.701821547932395e-06,,14.925744481263417,,14.925744481263417,0.0,14.925744481263417,44.88730908574332,26.93238545144599,3878263.505008223,3.751253767011423e-06,99.99890457453512,26.93238545144599,43.14037401066653,25.884224406399916,303442470.71582264,4115.0439414862385
2026-02-05,14349,26.760819569307966,26.762352777197016,26.760819569307966,25.163426022719353,596.9381838455641,0.0,0.0,29823960.0,0.9983113954138703,22.0,27.0,32.0,#1629 (100 cores),100,10485760.0,10.0,44.60136594884661,166.66666666666666,26.760819569307966,3853558.0179803474,99.99427102728293,0.0,26.760819569307966,0.9403084968137274,1.0,10.0,10.0,10.0,10.0,2.48015873015873e-06,2.48015873015873e-06,2.48015873015873e-06,,,,,,,,,1.4641761867671226,10.0,,3.6313893521009985e-06,3.6313893521009985e-06,3.6313893521009985e-06,,14.641761867671226,,14.641761867671226,0.0,14.641761867671226,44.84257307810385,26.90554384686231,3874398.3139481726,3.721287663283817e-06,99.99793838317008,26.90554384686231,43.205723641170515,25.923434184702312,307296028.733803,4129.68570335391
2026-02-06,14353,25.86170138646973,25.8614226990873,25.86170138646973,24.313592977077963,597.281125897025,0.0,0.0,29838311.0,0.9985425976576199,20.0,26.0,32.0,#1629 (100 cores),100,10485760.0,10.0,43.10283564411622,166.66666666666666,25.861701386469726,3724084.999651641,100.00107761814063,0.0,25.861701386469726,0.9401389573618036,,,,,,,,,,,,,,,,,,,,,,,,,,0.0,0.0,0.0,44.60145222751612,26.760871336509673,3853565.472457393,3.721287663283817e-06,99.99782774977315,26.760871336509673,43.23357497605825,25.940144985634955,311020113.73345464,4129.68570335391
2026-02-07,14367,25.774135170877706,25.77420477483121,25.774135170877706,24.168998399109068,597.2664439340155,0.0,0.0,29852671.0,0.9987343922748584,20.0,26.0,32.0,#1629 (100 cores),100,10485760.0,10.0,42.95689195146284,166.66666666666666,25.774135170877706,3711475.46460639,99.99972994723169,0.0,25.774135170877706,0.9377229629189542,,,,,,,,,7.0,11.2550881,183.5091512966,2.7914405009920637e-06,1.0,77.0,1000.0,10.0,1.366746995727783,,11.2550881,,,,3.81519291848376e-06,,15.38285784732652,0.0,250.81058122318325,250.81058122318325,44.28385979163273,26.570315874979634,3826125.485997068,3.721287663283817e-06,99.9977157629762,26.570315874979634,43.2404133625974,25.944248017558436,314731589.19806105,4380.496284577093
2026-02-08,14362,26.58522489903913,26.584528617184237,26.58522489903913,24.117602005291744,597.364016153739,0.0,0.0,29867035.5,0.9991818232623124,21.0,27.0,33.0,#1629 (100 cores),100,10485760.0,10.0,44.30870816506521,166.66666666666666,26.58522489903913,3828272.3854616345,100.00261912432195,0.0,26.58522489903913,0.9071806650830111,,,,,,,,,2.0,37.4708607208,74.9417214416,9.293368234325396e-06,,,,,1.3736655774491684,,37.4708607208,,,,1.2765980042052353e-05,,51.47243152955509,0.0,102.94486305911018,102.94486305911018,44.23905814548359,26.543434887290154,3822254.6237697825,3.721287663283817e-06,99.99834994751582,26.543434887290154,43.293545932675535,25.97612755960532,318559861.5835227,4483.441147636204
2026-02-09,14361,26.404289394888934,26.405333890397603,26.404289394888934,24.018661653088223,597.5071373859759,0.0,0.0,29881397.0,0.9990854924454394,21.0,26.0,32.0,#1629 (100 cores),100,10485760.0,10.0,44.00714899148156,166.66666666666666,26.404289394888934,3802217.6728640064,99.99604437681793,0.0,26.404289394888934,0.909649992615878,,,,,,,,,9.0,10.92727,96.876291486,2.7101364087301585e-06,,,,,1.338852923141552,,10.92727,,,,3.6284740529407207e-06,,14.630007381456988,0.0,129.70310603914416,129.70310603914416,44.10400601463856,26.46240360878313,3810586.119664771,3.7215681789452363e-06,99.99812095024016,26.46240360878313,43.35228408875086,26.011370453250517,322362079.2563867,4613.144253675348
2026-02-10,16667,26.27167456650867,26.27137457250855,26.27167456650867,24.008759824803505,597.3940121197576,0.0,4.0,29895029.0,0.9988229418485778,21.0,26.0,32.0,#1629 (100 cores),100,10485760.0,10.0,43.78612427751445,166.66666666666666,26.27167456650867,3783121.1375772487,100.00114190446827,0.0,26.27167456650867,0.913864845730468,,,,,,,,,8.0,10.92727,94.8220942976,2.7101364087301585e-06,,,,,1.3206021878249927,,10.92727,,,,3.579012070673216e-06,,14.430576668954409,0.0,125.22226518355833,125.22226518355833,43.95676927749208,26.374061566495246,3797864.865575316,3.6666054500166965e-06,99.99797553175306,26.374061566495246,43.45161516918464,26.07096910151079,326145200.39396393,4738.366518858907
2026-02-11,12049,26.157357457050377,26.159183334716573,26.157357457050377,23.933023487426343,597.5738235538219,0.0,0.0,29911269.0,0.9990817070127278,20.0,26.0,32.0,#1629 (100 cores),100,10485760.0,10.0,43.59559576175062,166.66666666666666,26.157357457050377,3766659.473815254,99.9930201274144,0.0,26.157357457050377,0.9149633531110195,,,,,,,,,1.0,10.0,10.0,2.48015873015873e-06,,,,,1.2827053742322307,,10.0,,,,3.1813129321235883e-06,,12.827053742322308,0.0,12.827053742322308,12.827053742322308,43.765524391462506,26.2593146348775,3781341.30742236,3.6313893521009985e-06,99.99827201795397,26.2593146348775,43.550068638768835,26.1300411832613,329911859.8677792,4751.193572601229
2026-02-12,14371,26.360726463015794,26.360308955535455,26.360726463015794,24.120590077238884,597.5895205622434,0.0,0.0,29924479.0,0.9992574331401438,21.0,26.0,32.0,#1629 (100 cores),100,10485760.0,10.0,43.934544105026326,166.66666666666666,26.360726463015794,3795944.610674274,100.00158384896416,0.0,26.360726463015794,0.9150199297838081,,,,,,,,,,,,,,,,,,,,,,,,,,0.0,0.0,0.0,43.67026412805961,26.202158476835763,3773110.82066435,,99.99931670676558,26.202158476835763,43.625462843501694,26.175277706101017,333707804.47845346,4751.193572601229
2026-02-13,14364,26.339111668059036,26.338485101642995,26.339111668059036,23.996170983013087,597.5717070453912,0.0,0.0,29938846.5,0.9992451176101068,20.0,26.0,33.0,#1629 (100 cores),100,10485760.0,10.0,43.89851944676506,166.66666666666666,26.339111668059033,3792832.0802005013,100.0023789007364,0.0,26.339111668059033,0.9110470878982911,,,,,,,,,,,,,,,,,,,,,,,,,,0.0,0.0,0.0,43.78393324272373,26.270359945634233,3782931.8321713298,,99.99950260427924,26.270359945634233,43.661590471473666,26.196954282884192,337500636.55865395,4751.193572601229
2026-02-14,16618,26.125646888915632,26.127091106029606,26.125646888915632,23.809965098086412,594.9446383439644,0.0,0.0,29952542.0,0.9993047909618173,20.0,26.0,32.0,#1629 (100 cores),100,10485760.0,10.0,43.54274481485939,166.66666666666666,26.125646888915632,3762093.1520038513,99.99447233866138,0.0,26.125646888915632,0.911363657302905,,,,,,,,,,,,,,,,,,,,,,,,,,0.0,0.0,0.0,43.86762650892323,26.320575905353937,3790162.930370967,,99.99875151734065,26.320575905353937,43.67920436817409,26.207522620904452,341262729.7106578,4751.193572601229
2026-02-15,13443,26.322770214981777,26.323216543926208,26.322770214981777,24.053857025961467,597.4794316744774,0.0,0.0,29967072.0,0.9993002390378727,21.0,26.0,32.0,#1629 (100 cores),100,10485760.0,10.0,43.8712836916363,166.66666666666666,26.322770214981777,3790478.910957376,99.99830442855003,0.0,26.322770214981777,0.9138041638288913,,,,,,,,,,,,,,,,,,,,,,,,,,0.0,0.0,0.0,43.80513729843339,26.283082379060033,3784763.8625846445,,99.99813513223037,26.283082379060033,43.708309249791306,26.22498554987478,345053208.6216152,4751.193572601229
2026-02-16,4853,26.26705130846899,26.26705130846899,26.26705130846899,24.00597568514321,597.4366371316711,0.0,0.0,29977120.0,0.9995074808844804,21.0,26.0,32.0,#1629 (100 cores),100,10485760.0,10.0,43.778418847448314,166.66666666666666,26.267051308468993,3782455.3884195345,100.0,0.0,26.267051308468993,0.9139197012724163,,,,,,,,,,,,,,,,,,,,,,,,,,0.0,0.0,0.0,43.77246156357149,26.263476938142897,3781940.679092577,,99.99870022125639,26.263476938142897,43.74096810288509,26.244580861731055,348835664.0100347,4751.193572601229
