_day,block_count,blocks_with_data,total_encoded_bytes,total_gas_used,total_gas_limit,total_chunks_produced,total_da_cost_near,avg_block_time_ms,p10_block_time_ms,p50_block_time_ms,p90_block_time_ms,p50_encoded_bytes,p90_encoded_bytes,p99_encoded_bytes,p10_cost_per_byte_near,p50_cost_per_byte_near,p90_cost_per_byte_near,daily_data_mib,actual_mib_per_s,max_mib_per_s,utilization_pct,avg_cost_per_mib_near,cost_per_mib_near_p10,cost_per_mib_near_p50,cost_per_mib_near_p90,avg_near_usd,cost_per_mib_usd,cost_per_mib_usd_p10,cost_per_mib_usd_p50,cost_per_mib_usd_p90,daily_da_spend_usd,actual_mib_per_s_7d,utilization_pct_7d,daily_data_mib_7d,cost_per_mib_usd_7d,cumulative_daily_data_mib,cumulative_daily_da_spend_usd
2025-11-10,104526,104526,8214089034.0,2.7720719536031396e+19,9.40734e+20,933694,2772.0719536031393,626.0295440194409,452.0,605.0,751.0,43713.5,189503.5,418619.75,1.7543657991353733e-07,3.59100347535447e-07,6.591873150749698e-07,7833.565744400024,0.12387389312446008,59.01639344262295,0.2081769592786065,0.3538710268162118,0.18395858721941732,0.37654400601732885,0.6912079980920516,2.9099050416666667,1.029731085032255,0.5353020204076597,1.095707301519189,2.0113496384883844,8066.466153652541,0.12387389312446008,0.2081769592786065,7833.565744400024,1.029731085032255,7833.565744400024,8066.466153652541
2025-11-11,138874,138874,10290889105.0,3.4765113286287897e+19,1.249866e+21,1241498,3476.511328628789,622.165183264924,459.0,605.0,735.0,39577.0,180896.4,399618.1199999994,1.8722079897821793e-07,3.565166434519477e-07,6.24142612651176e-07,9814.1566324234,0.11680909673425831,59.01639344262295,0.19630417645618414,0.35423434318780966,0.19631523650938384,0.3738347959242695,0.6544609642033196,2.6913509999999996,0.9533689537728546,0.5283532080947666,1.0061206518455785,1.761384170469568,9356.512240816419,0.1203414949293592,0.2022405678673953,8823.861188411713,0.9915500194025548,17647.722376823425,17422.97839446896
2025-11-12,140260,140260,10531511362.0,3.5699563147798884e+19,1.26234e+21,1256064,3569.9563147798885,616.08678693668,472.0,605.0,721.0,40933.5,178570.1,402193.46000000037,1.9399486330281144e-07,3.6145830457296453e-07,6.219882329121638e-07,10043.631898880005,0.11835907928816972,59.01639344262295,0.19890900824817412,0.35544475850195034,0.2034183577826088,0.37901650317590085,0.652201933314105,2.573460625,0.9147230903674032,0.5234891341557061,0.9753840471483683,1.678415994932725,9187.14200905615,0.11968068971562935,0.20113004799432158,9230.451425234476,0.9659410430575042,27691.35427570343,26610.120403525107
2025-11-13,141126,141126,10542716242.0,3.5852052593484763e+19,1.270134e+21,1265343,3585.2052593484764,612.2825344407279,474.0,605.0,717.0,40764.0,176957.0,388999.75,1.9552492229968566e-07,3.5834393609724145e-07,6.186364030449365e-07,10054.317705154419,0.11775793936389087,59.01639344262295,0.19789875920876102,0.35658364540345633,0.2050227409253152,0.37575085113710105,0.6486872849592473,2.5168295,0.8974602379689584,0.5160072825316906,0.9457008267919644,1.63263529506034,9023.350360283397,0.11920000212769474,0.20032222579793144,9436.417995214462,0.9488208417853677,37745.67198085785,35633.4707638085
2025-11-14,139513,139513,10582093560.0,3.6467917872292495e+19,1.255617e+21,1248848,3646.79178722925,619.3630042223131,468.0,605.0,731.0,40208.0,182530.2,385890.64000000025,1.9966237370252424e-07,3.627242182223305e-07,6.249216380737561e-07,10091.87084197998,0.11956432913926718,59.01639344262295,0.20093449758126844,0.3613593400402423,0.20936117316749805,0.3803439098466984,0.6552778315648269,2.399231125,0.866984575934008,0.5023058430299762,0.9125329467083928,1.57216296901284,8749.496362314794,0.11927286753000924,0.20044468015459885,9567.508564567566,0.9324535886150958,47837.54282283783,44382.967126123294
2025-11-15,139243,139243,10436715738.0,3.593793434250534e+19,1.253187e+21,1245557,3593.7934342505337,620.5420730568683,470.0,606.0,729.0,40045.0,180211.8,392711.559999997,1.9650138161626732e-07,3.641705015148189e-07,6.32842229659615e-07,9953.227746963501,0.11795543208141672,59.01639344262295,0.1985583106703848,0.36106814046799207,0.20604663272965912,0.38186044779640277,0.6635831738075605,2.4715420416666665,0.8923950890730479,0.5092529153352034,0.9437841507784688,1.6400737122079845,8882.211561815824,0.1190532949552438,0.20013028524056317,9631.795094966888,0.9257771720247545,57790.77056980133,53265.178687939115
2025-11-16,138130,138130,10290755284.0,3.5273720892243337e+19,1.24317e+21,1234149,3527.372089224334,625.5684217385638,477.0,606.0,726.0,39536.5,179489.50000000003,401043.9399999991,1.9770931149225357e-07,3.634369048895769e-07,6.320722024823735e-07,9814.029010772705,0.11724294030630142,59.01639344262295,0.19735894951560737,0.35942140433377495,0.20731323900730128,0.381091215981493,0.6627757417901573,2.3964120833333333,0.861321796354094,0.49680795099206815,0.9132515948302429,1.5882837961661462,8453.03709702994,0.11879467286253775,0.19973438013699804,9657.828511510577,0.9165692612146602,67604.79958057404,61718.215784969056
2025-11-17,139204,139204,10579108041.0,3.653242919281767e+19,1.252836e+21,1244165,3653.242919281767,620.861283971199,466.0,605.0,725.0,41996.0,176187.0,368085.58,2.040885130922973e-07,3.66518371732654e-07,6.242432515405086e-07,10089.023629188538,0.11979592622597927,59.01639344262295,0.20132370935199295,0.3621007397299156,0.21400231670426872,0.3843223681579394,0.6545664917273404,2.280747875,0.825860492674933,0.48808532906833785,0.8765424244911879,1.4929011350533365,8332.126025010686,0.1182121061627548,0.19875534443319612,9980.036780766079,0.8874448908778998,77693.82320976257,70050.34180997974
2025-11-18,140905,140905,10292138918.0,3.4668109094212456e+19,1.268145e+21,1264273,3466.8109094212455,613.3486078968665,471.0,606.0,724.0,38618.0,177118.40000000002,378741.75999999896,1.9047352005725622e-07,3.5396293442382207e-07,6.132826121062374e-07,9815.348546981812,0.11494939709023591,59.01639344262295,0.19349815176856375,0.3532030363289828,0.1997259617675575,0.37115703792639365,0.6430734282719099,2.271556791666667,0.8023207560103893,0.4536888649252523,0.8431042902765822,1.4607778135314242,7875.057866719923,0.1179464347850373,0.19835448376353607,9980.207054274422,0.8658665769118333,87509.17175674438,77925.39967669967
2025-11-19,139669,139669,10465454431.0,3.5217422757207278e+19,1.257021e+21,1250379,3521.7422757207273,618.6451167120149,467.0,606.0,727.0,39543.0,180617.99999999994,388465.88000000076,1.9067213117399147e-07,3.5701535416891365e-07,6.147025587030762e-07,9980.635100364685,0.1179194730762749,59.01639344262295,0.1984977796783961,0.3528575326425916,0.19993422061789928,0.3743577320130228,0.6445623501946368,2.2541684583333335,0.7954003203682546,0.4506854138583266,0.8438653916369588,1.4529521192379546,7938.600356308717,0.11788363389762375,0.19829573682499632,9971.207511629376,0.8488204669119551,97489.80685710907,85864.00003300839
2025-11-20,141898,141898,10523750798.0,3.653545927550766e+19,1.277082e+21,1273109,3653.545927550766,608.9534405108434,480.0,605.0,711.0,40288.0,176304.10000000003,386051.8899999999,2.025752261034627e-07,3.6792879207370674e-07,6.450175668340346e-07,10036.230848312378,0.11690659008248597,59.01639344262295,0.19646801944417777,0.3640356606748559,0.2124155202866645,0.3858013010774791,0.6763499401605647,2.2887540833333335,0.8331881048485242,0.4861668894194779,0.8830043031963931,1.5479986873047482,8362.068160327688,0.11776201257170878,0.19809134543005588,9968.623674937657,0.8396387336090358,107526.03770542145,94226.06819333608
2025-11-21,141153,141153,10413726556.0,3.6152212215694238e+19,1.270377e+21,1265791,3615.221221569424,612.1756107584174,477.0,606.0,716.0,40136.0,174128.80000000002,381072.16000000015,1.9972213767191965e-07,3.6831815013281087e-07,6.464426000821905e-07,9931.303554534912,0.11610302079270013,59.01639344262295,0.1954400850010452,0.36402282960313026,0.20942384023147081,0.3862095725936623,0.677844195823783,1.9536099166666665,0.7111586098057354,0.40913249106261695,0.7545028509305735,1.3242431429162842,7062.732029401806,0.11726753995077062,0.19730642934716686,9945.685491016933,0.8173778813049969,117457.34125995636,101288.80022273789
2025-11-22,141193,141193,10299060356.0,3.5498884145099674e+19,1.270737e+21,1266513,3549.8884145099682,611.9488908405814,477.0,606.0,716.0,38965.0,177231.2,390229.71999999956,1.9706482425010455e-07,3.688548982702912e-07,6.480462563328961e-07,9821.94934463501,0.1147920732781937,59.01639344262295,0.19323332335162607,0.361424019810182,0.20663744515287763,0.38677239380866885,0.6795257512805228,1.8385120833333335,0.6644824276279258,0.3799054397826945,0.7110857195169963,1.2493163046654026,6526.512744561586,0.11681563155031019,0.19654571687305847,9926.931433541435,0.7848189296699795,127279.29060459137,107815.31296729947
2025-11-23,141698,141698,10075105832.0,3.4592578371564462e+19,1.275282e+21,1271660,3459.2578371564464,609.7867568177968,478.0,605.0,713.0,35496.0,173668.10000000003,351998.19999999984,2.024403456342608e-07,3.6086136786749186e-07,6.131364043683793e-07,9608.369667053223,0.11208064161427736,59.01639344262295,0.188357744935105,0.36002547331397183,0.21227408786379065,0.37839056967302315,0.6429201183469777,1.8609504166666666,0.6699895545742497,0.3950315522576578,0.7041660882957498,1.1964424621211909,6437.507313413721,0.11607816030859246,0.19525983050441528,9897.551527295795,0.7574857522728589,136887.6602716446,114252.82028071319
2025-11-24,140467,140467,10214082895.0,3.4292410701048332e+19,1.264203e+21,1259567,3429.2410701048334,615.1700474905482,471.0,606.0,725.0,37824.0,176055.40000000002,379670.4199999999,1.8789707898306453e-07,3.5158778667615004e-07,6.152702524524811e-07,9740.908522605896,0.11443332934388166,59.01639344262295,0.19262943772886743,0.35204530071774454,0.19702436749174587,0.3686665150017307,0.6451576202356128,1.8861043333333332,0.6639941672133743,0.37160851329844097,0.6953435114996626,1.2168345832094103,6467.906442369363,0.11531207503972138,0.1940177917011116,9847.820797783988,0.7343619914926361,146628.5687942505,120720.72672308255
2025-11-25,139814,139814,10517105083.0,3.5357414119054655e+19,1.258326e+21,1252748,3535.741411905466,618.0308228241976,467.0,606.0,729.0,39243.5,180225.7,389782.22999999986,1.9304004307139973e-07,3.56559464915053e-07,6.170697689425867e-07,10029.893000602722,0.11837854970782165,59.01639344262295,0.19927055867483312,0.3525203520808242,0.20241715620363604,0.3738796974827666,0.6470445500387418,1.8838262916666668,0.6640871075974468,0.3813187607408081,0.7043244040384155,1.21891953524261,6660.722632282139,0.11580195398509076,0.1948424212591501,9878.470005444118,0.7146143274336445,156658.4617948532,127381.44935536469
2025-11-26,141350,141350,9753742233.0,3.2145458074926916e+19,1.27215e+21,1267816,3214.5458074926914,611.2658705172378,479.0,605.0,713.0,34414.0,172811.2,377721.51000000094,1.7483689139336755e-07,3.4740340048729467e-07,6.230590054216127e-07,9301.893456459045,0.10877276622952867,59.01639344262295,0.18279867658018012,0.34557972766937856,0.18332976822969177,0.3642788680693655,0.653324719668973,1.8955780833333333,0.6550733578143759,0.34751589067878336,0.6905190385337641,1.238428019904399,6093.422580554198,0.11449528157841274,0.19259969224511925,9781.506913457599,0.694567618497376,165960.35525131226,133474.8719359189
2025-11-27,138485,138485,10240743506.0,3.3978431745968034e+19,1.246365e+21,1235462,3397.8431745968032,623.9653279795477,479.0,606.0,722.0,40175.0,175710.2,374791.3200000002,1.8656246091848695e-07,3.4294995224697296e-07,5.942669738699201e-07,9766.334062576294,0.11637406801842681,59.01639344262295,0.19589634783101847,0.34791387974501403,0.19562491902006338,0.3596090891273219,0.6231340863926254,1.9277067499999998,0.6706759344031518,0.3771074768631795,0.69322086847209,1.201219784494147,6550.045223111685,0.11441920699783284,0.19251802487181077,9742.950229781014,0.671351594148037,175726.68931388855,140024.9171590306
2025-11-28,141163,141163,10452125214.0,3.5632401419394036e+19,1.270467e+21,1265565,3563.240141939403,612.0779197778376,480.0,605.0,712.0,40408.0,178054.8,370765.8200000004,1.913857999310193e-07,3.553970793038087e-07,6.246911162941007e-07,9967.92336845398,0.11671547355991875,59.01639344262295,0.196146837510419,0.35747065965777586,0.2006825565484685,0.3726608478280705,0.655036111959203,1.8977199166666665,0.6783791904565327,0.38083928448961324,0.7072059130852153,1.243075075800876,6762.031785224565,0.11450670025029266,0.19261898951600703,9748.181631769452,0.6666688199552938,185694.61268234253,146786.94894425516
2025-11-29,142701,142701,9827184099.0,3.2096402691921756e+19,1.284309e+21,1281403,3209.6402691921758,605.461923882804,485.0,605.0,704.0,34517.0,168797.0,358611.0,1.7825475624261654e-07,3.370103464347807e-07,5.765493122472818e-07,9371.933077812195,0.10855423911340942,59.01639344262295,0.18243142962114636,0.34247366498923415,0.18691365928185788,0.3533809610231966,0.6045557716390058,1.8709412083333332,0.6407480925973029,0.34970446755080414,0.661155002218734,1.1310883058951722,6005.048243557734,0.1136155810838949,0.1910758618402242,9683.893593651908,0.6632782006652048,195066.54576015472,152791.9971878129
2025-11-30,142223,142223,9829474219.0,3.220415887536403e+19,1.280007e+21,1276709,3220.4158875364033,607.5016031275048,484.0,605.0,708.0,34143.0,173203.2,358124.47999999975,1.7816527858915182e-07,3.3658028905584494e-07,5.778558735328341e-07,9374.117106437683,0.10894446355647726,59.01639344262295,0.1830872234768576,0.3435433813094547,0.18681983516189846,0.35293001317702166,0.6059258004455651,1.85152725,0.6360799320515961,0.3459020156427631,0.6534595367401147,1.121888131003026,5962.687772106586,0.1131675556470663,0.19032293020333174,9650.428942135402,0.6584339688762544,204440.6628665924,158754.68495991948
2025-12-01,142279,142279,10337316536.0,3.442988513057243e+19,1.280511e+21,1277321,3442.9885130572434,607.2597080384315,484.0,605.0,707.0,38807.0,174393.59999999998,363599.82000000007,1.8993478854627795e-07,3.4778100468770816e-07,5.916333564505848e-07,9858.433280944824,0.11452801216542151,59.01639344262295,0.1924706871113334,0.34924296943938643,0.19916106083470195,0.3646748147714183,0.6203725383735285,1.6527098333333334,0.5771972898150068,0.32915544365861016,0.6027016523417349,1.0252957944998913,5690.260971583418,0.11318108176442913,0.19030025154368402,9667.218193326678,0.6460344149622018,214299.09614753723,164444.9459315029
2025-12-02,138005,138005,10119795659.0,3.379959824952984e+19,1.242045e+21,1234311,3379.959824952983,626.0674328280339,457.0,607.0,765.0,40069.0,176335.6000000001,388777.6399999991,1.7994243681356192e-07,3.4837904260701506e-07,6.297830104755067e-07,9650.989207267761,0.115209506797682,59.01639344262295,0.19425602951720272,0.3502190037066537,0.1886833206242175,0.3653019029806934,0.6603753499923649,1.7248725,0.6040831284710051,0.3254546709533956,0.6300992066490662,1.1390632808797054,5829.999753166215,0.11272836134869492,0.1895838902354511,9613.089079993111,0.6374624179441388,223950.085354805,170274.94568466913
2025-12-03,125850,125850,10217263748.0,3.429841484664252e+19,1.13265e+21,1112969,3429.8414846642518,686.5298969399836,390.0,616.0,1095.199999999997,43205.5,199235.90000000005,394907.02999999974,1.75188921180936e-07,3.5083541623213455e-07,6.49176725522243e-07,9743.94202041626,0.1256900094992526,59.01639344262295,0.21506957180983224,0.35199732074326623,0.18369889821622115,0.3678775974110267,0.6807111341412114,1.8134546666666667,0.6383311839560396,0.33312962423173126,0.6671293457871477,1.2344387828603391,6219.862046291316,0.1151451103872269,0.1941940181254014,9676.238874844143,0.6350706788215194,233694.02737522125,176494.80773096046
2025-12-04,138174,138174,10391678718.0,3.500215279934885e+19,1.243566e+21,1235267,3500.215279934885,625.3043047172406,455.0,606.0,753.0,41619.0,181535.09999999998,398954.3599999993,1.8329880519775743e-07,3.576767916078183e-07,6.314148711952241e-07,9910.277097702026,0.11835506369118205,59.01639344262295,0.19923102388015645,0.35319045526451603,0.1922027279590437,0.3750512994369597,0.6620864799784033,1.8424570833333334,0.6507382560678324,0.35412527756412976,0.6910159232609974,1.2198659248154424,6448.996435707595,0.11542810976904909,0.1946704004181354,9696.80216557639,0.6322224390593308,243604.30447292328,182943.80416666804
2025-12-05,141745,141745,9911011205.0,3.262185695820041e+19,1.275705e+21,1271622,3262.185695820042,609.5447317365692,482.0,605.0,710.0,37327.0,171424.4000000001,392959.2399999997,1.783396120945789e-07,3.442028703934612e-07,6.202683245275161e-07,9451.876835823059,0.1102186103122918,59.01639344262295,0.18522849788593482,0.3451362890654906,0.18700263709168516,0.360922869025694,0.6503984786597647,1.7409895000000002,0.600878655331984,0.32556962764893443,0.6283629252836085,1.1323369221626247,5679.431043472888,0.11449998644795951,0.19311063761463765,9623.081232343402,0.6211509340415382,253056.18130874634,188623.23521014093
2025-12-06,141435,141435,9584489418.0,3.1136940873396634e+19,1.272915e+21,1268849,3113.694087339663,610.8808357195885,482.0,605.0,717.0,34801.0,170238.40000000002,397885.42000000086,1.6983462070970872e-07,3.358919144143947e-07,6.193777610802812e-07,9140.481393814087,0.1068210394087999,59.01639344262295,0.1795186912286776,0.34064880756137056,0.17808450724530353,0.35220820004898834,0.649464655202517,1.7022802916666666,0.5798797514914721,0.3031497469348499,0.5995570775067836,1.1055708826853317,5300.380079157337,0.11425238649015816,0.19269453212999926,9590.016706057957,0.6124554567407052,262196.6627025604,193923.61528929826
2025-12-07,141309,141309,9531493672.0,3.127406517377704e+19,1.271781e+21,1268454,3127.406517377704,611.4251675406379,482.0,606.0,717.0,34091.0,172016.2,399327.8400000026,1.7298509254042362e-07,3.3966995046502045e-07,6.221747754629503e-07,9089.940711975098,0.10614965900951397,59.01639344262295,0.17868525933268184,0.34405136584198565,0.18138801639566723,0.3561697579788093,0.6523975373558386,1.709393375,0.5881191254299916,0.310063473531145,0.60883422466433,1.1152040282223856,5345.96798173727,0.11385312869773483,0.19206568010940273,9549.420078277588,0.6056039129376188,271286.6034145355,199269.58327103555
2025-12-08,140788,140788,9798607330.0,3.2087582910699766e+19,1.267092e+21,1262402,3208.7582910699766,613.6910319061284,481.0,606.0,718.0,35461.0,176619.90000000002,389485.69000000006,1.7474897993906464e-07,3.4188496986706344e-07,6.10799285340227e-07,9344.68014717102,0.10952825716154155,59.01639344262295,0.18437256622192824,0.343378076139009,0.18323758638858464,0.3584923741633259,0.6404694714249138,1.7548470416666666,0.6025760010857314,0.32155393639614804,0.6290992822605722,1.1239259572078237,5630.879994507537,0.11313887798289483,0.19090880569663055,9476.026773452759,0.609229443119151,280631.28356170654,204900.46326554308
2025-12-09,133721,133721,10000192081.0,3.18615779312756e+19,1.203489e+21,1186659,3186.15779312756,646.1186275902812,420.0,606.0,913.0,37617.0,190542.0,391864.7999999997,1.627317680008557e-07,3.3079354621529387e-07,6.040850037762919e-07,9536.92634677887,0.11768908565152353,59.01639344262295,0.19810996084673127,0.3340864422428612,0.17063662636326526,0.346862173516248,0.6334290369197291,1.7657930000000002,0.5899275011073487,0.3013089603758693,0.6124867979597761,1.1185045593895993,5626.0951280000945,0.11349310353344363,0.19145936731513463,9459.732079097203,0.6072072106386285,290168.2099084854,210526.55839354318
2025-12-10,137503,137503,9931063213.0,3.0019051109405024e+19,1.237527e+21,1227657,3001.9051109405027,628.3563075446175,462.0,606.0,744.0,37023.0,180916.0,392027.0600000031,1.5648491333828597e-07,3.0936549853387655e-07,5.536274571628705e-07,9470.999920845032,0.11366088551281331,59.01639344262295,0.1913291572799024,0.316957569003196,0.16408632448860655,0.32439323699065814,0.5805204645220141,1.779824125,0.5641287279132404,0.2920447989074002,0.5773629091828157,1.0332243278124873,5342.863137412708,0.11177465724966659,0.18806787952514467,9420.740350587028,0.5966068597753715,299639.20982933044,215869.42153095588
2025-12-11,139495,139495,9843454901.0,2.9638851229505106e+19,1.255455e+21,1248014,2963.8851229505112,619.3857756303183,474.0,606.0,727.0,36914.0,176119.0,384651.89999999997,1.5586254588436065e-07,3.102629004431202e-07,5.553289571283042e-07,9387.450123786926,0.11104944111564766,59.01639344262295,0.1869332258780069,0.31572845489109996,0.16343372491323935,0.3253342310950452,0.5823046165497687,1.6756521666666666,0.5290510695165905,0.27385807525727346,0.5451470092252465,0.9757399923816225,4966.440528023124,0.11073099688173309,0.18631105123912328,9346.05078288487,0.5792229759823371,309026.65995311737,220835.862058979
2025-12-12,142477,142477,9489920338.0,2.8246123260103647e+19,1.282293e+21,1279157,2824.612326010365,606.4125227229658,488.0,604.0,704.0,32712.0,169478.2,384946.59999999916,1.542314491251931e-07,3.0575504273479157e-07,5.451817392591678e-07,9050.293291091919,0.10516735536182882,59.01639344262295,0.176447451773735,0.312101744679434,0.16172339599789848,0.3206073996906768,0.5716644874254211,1.6678674166666667,0.5205443306356472,0.2697331826975753,0.5347306354863066,0.9534605718423113,4711.078863267732,0.11000938903166697,0.18505661608023763,9288.681705066136,0.5677466438828603,318076.9532442093,225546.94092224672
2025-12-13,142032,142032,9115874918.0,2.6928410012027326e+19,1.278288e+21,1274298,2692.8410012027325,608.3363585797067,485.0,604.0,709.0,31411.5,165643.1000000001,391829.5300000003,1.4925718866938607e-07,3.0052643600194e-07,5.525532111669507e-07,8693.57578086853,0.10133869399532447,59.01639344262295,0.17002380881437773,0.30975067901619013,0.15650750586619017,0.31512480815717026,0.5793940359525965,1.6545912916666667,0.5125107760880251,0.258955956286668,0.5214027633649829,0.9586603263307698,4455.551270432989,0.1092261968297419,0.1837002043067662,9224.838046073914,0.5581225045395107,326770.5290250778,230002.49219267973
2025-12-14,139596,139596,9456690370.0,2.8307292509965144e+19,1.256364e+21,1249070,2830.7292509965146,618.9528336354063,482.0,606.0,722.0,33135.0,174791.0,393481.49999999895,1.5320628220931168e-07,3.0349416117812264e-07,5.479729072956284e-07,9018.602724075317,0.10660894805721922,59.01639344262295,0.179458395896319,0.3138766988194117,0.1606484305739112,0.31823669355151113,0.5745912392404209,1.6252187083333334,0.510118283031215,0.26108883483310913,0.5172042280380578,0.9338364316579661,4600.55413694594,0.10929180955084265,0.1838106523872858,9214.646904945374,0.5469795270539712,335789.13174915314,234603.04632962568
2025-12-15,134265,134265,9816642385.0,2.9619173354256695e+19,1.208385e+21,1190081,2961.9173354256695,643.5336516259739,437.0,605.0,809.0,37020.0,188040.4000000002,406875.9599999988,1.5125179687668075e-07,3.0913603172260204e-07,5.67796330949572e-07,9361.879715919495,0.11525104344860734,59.01639344262295,0.19368578135113176,0.31638062283464824,0.1585990041617624,0.32415262359955915,0.5953776055217784,1.58822725,0.5024843265579606,0.25189126023257447,0.5148280299598129,0.945594937129439,4704.197824370439,0.11010935044899492,0.1851411116914577,9217.103986195156,0.5326807164071468,345151.01146507263,239307.24415399611
2025-12-16,141224,141224,9855294032.0,2.943633556632462e+19,1.271016e+21,1265910,2943.633556632463,611.8057243205733,483.0,605.0,713.0,35636.0,175220.4,382852.34999999835,1.5630351526497235e-07,3.0625455968762193e-07,5.37530364490759e-07,9398.740798950195,0.11000331925590101,59.01639344262295,0.18486668930505584,0.31319446079003005,0.16389611482248365,0.32113118117900785,0.5636414394762621,1.5489494166666666,0.48512237734394825,0.25386679144821905,0.49741595576070186,0.8730520788859165,4559.539480426279,0.10901138382104883,0.18324921575693268,9197.363193648202,0.5177085558695181,354549.7522640228,243866.7836344224
2025-12-17,139925,139925,9793666952.0,2.919790126450409e+19,1.259325e+21,1252192,2919.7901264504094,617.4875359128657,482.0,606.0,715.0,35466.0,177418.80000000005,383001.16000000015,1.5252591400169018e-07,3.052023886469943e-07,5.437848103634516e-07,9339.968635559082,0.11014821867159012,59.01639344262295,0.1854161680971767,0.3126124123516003,0.15993501280023628,0.3200278998779107,0.5701997013116666,1.5312383333333335,0.47868410926857724,0.24489862244187915,0.4900389880292189,0.873111640303641,4470.894566909048,0.10850957427230266,0.1824045030165433,9178.644438607353,0.5055021817774235,363889.7208995819,248337.67820133147
2025-12-18,141690,141690,10001659420.0,2.996088098921146e+19,1.27521e+21,1271407,2996.0880989211464,609.8037689240216,486.0,605.0,709.0,36521.0,178573.10000000024,402255.97999999975,1.554604226829727e-07,3.0499779269424173e-07,5.514148290195251e-07,9538.32571029663,0.11126986816518462,59.01639344262295,0.18699519511093526,0.314110483319611,0.1630120681752208,0.3198133654721572,0.5782003557539775,1.482019,0.46551770437884654,0.24158698226497255,0.47396948408368095,0.856903913034154,4440.259488275018,0.10854106385080795,0.18241335576410447,9200.198093823024,0.4964259867577457,373428.04660987854,252777.93768960648
2025-12-19,142071,142071,9846518162.0,2.930979681470521e+19,1.278639e+21,1275602,2930.9796814705205,608.1458214554694,488.0,605.0,705.0,35789.0,173662.0,402837.3999999998,1.534184362910416e-07,3.0458267684354144e-07,5.525430055547055e-07,9390.371477127075,0.10925012964507241,59.01639344262295,0.18360091232019113,0.3121260632350655,0.16087089025231524,0.3193780849538933,0.5793833345925309,1.4935910416666667,0.4661886919185773,0.24027532054579953,0.47702024659179065,0.865361758238365,4377.68499555139,0.10912431731984273,0.18343527869931248,9248.780691828046,0.48866089551244996,382818.4180870056,257155.62268515787
2025-12-20,141708,141708,9569857054.0,2.822670506831405e+19,1.275372e+21,1272072,2822.6705068314045,609.7053659638129,487.0,606.0,710.0,34064.5,174081.40000000002,398183.56999999966,1.4883020244274585e-07,2.988111113476866e-07,5.417042756222373e-07,9126.52688407898,0.10627681843134434,59.01639344262295,0.1788993110260963,0.30928200208947937,0.15605977835660467,0.31332615989251184,0.5680181025148631,1.5201606666666667,0.47015833448434435,0.2372359367064284,0.4763061041063074,0.8634787773977293,4290.912679445166,0.10982976366784558,0.18470320758670083,9310.630849429539,0.4826105467119241,391944.9449710846,261446.53536460304
2025-12-21,132287,132287,9448487846.0,2.8201333640811327e+19,1.190583e+21,1167384,2820.1333640811326,653.1298474517333,435.0,606.0,911.0,34538.0,186318.2,401457.5,1.4626445226486243e-07,3.0476211470126946e-07,5.579446656813096e-07,9010.780187606812,0.11240162855741637,59.01639344262295,0.18920940807165085,0.3129732726096093,0.15336939429808039,0.3195662391849983,0.5850473857614449,1.4975157083333333,0.46868239202138046,0.22967307713894414,0.47855546303254215,0.876117650297115,4223.194012306423,0.11065728945358802,0.18609620932603396,9309.513344219753,0.47669113371051924,400955.7251586914,265669.72937690944
2025-12-22,133931,133931,9730960359.0,2.8850906799163343e+19,1.205379e+21,1185938,2885.090679916334,645.1068087298684,440.0,606.0,814.0,37762.0,180190.0,391399.9000000016,1.5080846345109176e-07,3.01228943417459e-07,5.483035529834351e-07,9280.166968345642,0.1143410179753616,59.01639344262295,0.19247404692519204,0.310887798652469,0.158134135371692,0.3158614405729055,0.5749379463731584,1.5368685416666665,0.47779367773698034,0.2430313780164115,0.4854375115420137,0.8836040431913441,4434.0051058191075,0.11052728581455293,0.18592310440804258,9297.840094566345,0.4731638981646649,410235.89212703705,270103.7344827285
2025-12-23,128334,128334,9729816778.0,2.872644966478514e+19,1.155006e+21,1124515,2872.6449664785146,673.2413545903657,413.0,606.0,1092.0,38421.5,195875.79999999996,407112.8299999999,1.4080990027044418e-07,2.9886378108029694e-07,5.614534736035623e-07,9279.076364517212,0.11931372202357612,59.01639344262295,0.20084476540635313,0.30958307202464513,0.14764988198598128,0.31338138811005345,0.5887266375373289,1.4941223333333333,0.46255498193396416,0.22060698618928565,0.468230130826232,0.8796296173727615,4292.083000153133,0.11185734335279222,0.18820568670822793,9280.745175361633,0.46993998453466723,419514.96849155426,274395.81748288166
2025-12-24,126219,126219,10017682335.0,2.895678168312924e+19,1.135971e+21,1100826,2895.6781683129234,684.5367105857373,406.0,606.0,1157.0,39294.0,205661.0,415061.23999999976,1.328883281359733e-07,2.927743974197336e-07,5.473818087364007e-07,9553.606352806091,0.12490216991759193,59.01639344262295,0.21025198602794637,0.30309791521422724,0.13934351156350633,0.30699620654879456,0.5739714274775801,1.4584567083333333,0.4420551877260376,0.2032264792025192,0.447740676873975,0.837112478796336,4223.221249750362,0.11396505067364962,0.19175366069833788,9311.264849254063,0.4647072814571616,429068.57484436035,278619.038732632
2025-12-25,126982,126982,9823828827.0,2.9001739709451567e+19,1.142838e+21,1108115,2900.1739709451563,680.4118615236805,417.0,607.0,1080.0,39490.0,198940.80000000002,410022.8400000001,1.4155873141671669e-07,2.988935350274095e-07,5.510403847705401e-07,9368.733241081238,0.121548616291077,59.01639344262295,0.20494447246856592,0.309558816151163,0.14843508835401512,0.31341258738490096,0.5778077225011539,1.486323125,0.460104426993097,0.22062250438199085,0.46583237629626156,0.8588089797570478,4310.595639538864,0.11543344326306283,0.1943178431779994,9287.037353651864,0.4639339561163402,438437.3080854416,282929.6343721709
2025-12-26,129067,129067,9193896565.0,2.744881043936671e+19,1.161603e+21,1130868,2744.8810439366707,669.4170004726227,417.0,605.0,1034.0,35165.0,184429.40000000002,390068.11999999994,1.4966981019991332e-07,3.0400333380428647e-07,5.502042311553796e-07,8767.983021736145,0.11228690463267166,59.01639344262295,0.1887043813965732,0.31305729460606985,0.1569401709001843,0.3187705997471635,0.5769309518879833,1.5141169583333334,0.47400535869300475,0.23762577420370057,0.4826559708952676,0.8735409380409879,4156.070937232216,0.1158672682612913,0.19504691018891113,9198.124717167446,0.4650506227984012,447205.29110717773,287085.7053094031
2025-12-27,141102,141102,9352771579.0,2.789193061225741e+19,1.269918e+21,1265085,2789.193061225741,612.3259273433403,485.0,605.0,710.0,32022.5,171455.7,381670.9099999999,1.5153546285318103e-07,3.048623945415721e-07,5.403138361419146e-07,8919.498042106628,0.10448450036444686,59.01639344262295,0.17559200755691762,0.312707402149615,0.15889644949673715,0.3196713902188235,0.5665601210463442,1.5343877083333333,0.4798143941632178,0.24380875900560173,0.4904998518575913,0.869322885765356,4279.703549313399,0.11561122282316307,0.19457443826474274,9168.549168314252,0.46643005989538316,456124.78914928436,291365.40885871655
2025-12-28,142247,142247,9205498746.0,2.7577228852440715e+19,1.280223e+21,1277586,2757.722885244071,607.3920996576378,486.0,604.0,709.0,30764.0,168739.40000000002,392335.20000000024,1.5242800558488772e-07,3.0753041113621005e-07,5.597670373992437e-07,8779.047723770142,0.10218034281766929,59.01639344262295,0.17143590850520068,0.3141255147499954,0.15983234838417923,0.3224690083875626,0.5869582810079493,1.5861300833333332,0.4982439288875364,0.25351489606196054,0.511477795146182,0.9309921871683287,4374.1072297824185,0.11415103914605636,0.192035366898107,9135.4445306233,0.4706531365905483,464903.8368730545,295739.516088499
2025-12-29,142581,142581,9372563982.0,2.798418973023127e+19,1.283229e+21,1280701,2798.418973023128,605.9717564051311,489.0,604.0,701.0,31099.0,172285.0,362336.00000000064,1.5486281944646877e-07,3.058162189914883e-07,5.379603419641896e-07,8938.37354850769,0.10379105001947876,59.01639344262295,0.17413831725490325,0.3130792148970255,0.16238543576390044,0.3206715476452188,0.564092303535442,1.5518644583333334,0.48585650624159776,0.25200018631296767,0.4976387775893592,0.8753947970760311,4342.76694376026,0.11264390086664451,0.18941597694520862,9086.616899217877,0.47180496923406506,473842.2104215622,300082.28303225926
2025-12-30,135115,135115,9543915701.0,2.807777793098235e+19,1.216035e+21,1199354,2807.7777930982347,639.4578618214114,459.0,605.0,755.0,33254.0,187481.20000000004,400891.45999999915,1.441114171322771e-07,3.013395224071529e-07,5.605631350002494e-07,9101.787281990051,0.11134423638498397,59.01639344262295,0.18712017503587586,0.3084864220738337,0.1511117733308946,0.31597739104760275,0.5877930498460215,1.5299227499999999,0.47196039519686034,0.2311893398117789,0.48342099904937375,0.8992779592513123,4295.683122605782,0.11150540291827422,0.18745532117799754,9061.289887428284,0.4731485997001931,482943.99770355225,304377.96615486505
2025-12-31,140833,140833,9505601164.0,2.83156472600489e+19,1.267497e+21,1262423,2831.5647260048895,613.4915254237288,484.0,605.0,713.0,33863.0,172204.2,390448.75999999995,1.4753291917168397e-07,3.042864805606824e-07,5.592896166802739e-07,9065.247692108154,0.10639466945121809,59.01639344262295,0.1788021528277415,0.31235381780797206,0.1546994782533677,0.3190675006403981,0.5864576691001349,1.50866275,0.4712365697471741,0.2333893402852909,0.4813652529517698,0.8847668398231995,4271.876226337533,0.10886147428022082,0.18296248786368258,8991.524364471436,0.4773173685603554,492009.2453956604,308649.84238120256
2026-01-01,140585,140585,9147854145.0,2.729402685154815e+19,1.265265e+21,1261348,2729.402685154815,614.5762848099015,480.0,606.0,722.0,31320.0,170614.00000000003,385389.80000000005,1.4548517589708998e-07,3.019835802747884e-07,5.63126303976738e-07,8724.073548316956,0.10240182786798065,59.01639344262295,0.1723764102444341,0.31285874311334416,0.15255226380146703,0.31665273467021654,0.590480727318712,1.5451817083333335,0.48342360715089666,0.23572096759086816,0.489286013506147,0.9124000189762367,4217.423103777105,0.10612621879120702,0.17830990754594947,8899.430122647967,0.4806486800114697,500733.31894397736,312867.26548497967
2026-01-02,140759,140759,9305139035.0,2.793536548602951e+19,1.266831e+21,1262123,2793.536548602951,613.813411575814,482.0,605.0,717.0,32111.0,171370.0,377691.0000000019,1.5336895044162213e-07,3.068809189165472e-07,5.514139153907499e-07,8874.072108268738,0.10420568334715632,59.01639344262295,0.1751234400695266,0.31479759399295076,0.16081900057827436,0.3217879664338374,0.5781993977447709,1.6497304583333332,0.5193311790202212,0.2653080035327051,0.5308634093510458,0.9538731574495382,4608.582330697664,0.104971758607562,0.1763697730706571,8914.585706438336,0.4871237972010721,509607.3910522461,317475.84781567735
2026-01-03,141073,141073,9192662927.0,2.735644812809337e+19,1.269657e+21,1265377,2735.644812809337,612.4465985695349,485.0,605.0,710.0,30233.0,174670.0,384578.95999999996,1.4702045072359287e-07,3.0414815324136114e-07,5.531270972392295e-07,8766.806532859802,0.10271695725271364,59.01639344262295,0.1726215531608104,0.3120457606262412,0.15416211613794212,0.3189224539332135,0.5799957991147223,1.6923708333333334,0.5280971439491656,0.2608994689567992,0.5397350591316642,0.9815679738776152,4629.725491558149,0.10471925244874296,0.17594542244264177,8892.77263368879,0.4940213328847789,518374.1975851059,322105.5733072355
2026-01-04,140414,140414,9163623192.0,2.771003096808257e+19,1.263726e+21,1259311,2771.0030968082574,615.3270186733516,478.0,606.0,723.0,30836.0,171360.3,381816.44999999984,1.5141032705658254e-07,3.0987010378679944e-07,5.660061091362817e-07,8739.112083435059,0.10270327058107728,59.01639344262295,0.17288383881148006,0.3170806221905174,0.1587652351036831,0.324922353948347,0.5935004218936857,1.717926375,0.5447211638625001,0.27274698481769305,0.5581926816749507,1.01959002834479,4760.379305213583,0.10479395641494411,0.1761522696292531,8887.06754221235,0.5006609378812023,527113.309668541,326865.95261244907
2026-01-05,141885,141885,9525662673.0,2.8783682386877805e+19,1.276965e+21,1274019,2878.3682386877804,608.9408605560842,488.0,605.0,708.0,31513.0,176553.2,348753.80000000005,1.5561440721057387e-07,3.130811448246106e-07,5.529921413694311e-07,9084.379837989807,0.10582869129538684,59.01639344262295,0.17785099509363622,0.31684807218768896,0.1631735326552347,0.3282893745156109,0.5798542876285926,1.7506615833333334,0.5546937477322139,0.2856616350363066,0.5747235961810091,1.015128625282494,5039.048698157528,0.10508504802578812,0.1766826521776435,8907.925583566937,0.5104948295227189,536197.6895065308,331905.0013106066
2026-01-06,140883,140883,9574104625.0,2.908346910565615e+19,1.267947e+21,1263630,2908.3469105656145,613.2758672089607,483.0,605.0,715.0,31660.0,179138.8,361947.89999999927,1.5862392753933386e-07,3.1510511666507014e-07,5.539474477738174e-07,9130.577683448792,0.1071233856432982,59.01639344262295,0.180026800872765,0.3185282477622026,0.16632924344348454,0.3304116628121926,0.5808559989968783,1.781912375,0.5675894264745349,0.2963841372163327,0.5887646308093734,1.035034492705525,5182.419350729887,0.10448206934840443,0.17566931301148483,8912.038498061043,0.5241561197052438,545328.2671899796,337087.4206613365
2026-01-07,141143,141143,9409315708.0,2.803135378319095e+19,1.270287e+21,1266253,2803.1353783190953,612.1444988416004,484.0,605.0,715.0,30882.0,175209.00000000006,359752.63999999734,1.5449576332299714e-07,3.050338053203753e-07,5.339773950166085e-07,8973.42272567749,0.10508564844736026,59.01639344262295,0.1766022703073693,0.31238195992905926,0.16200054952217505,0.31985112744761784,0.5599158809569352,1.7532366666666668,0.5476795061528241,0.28402530344242644,0.5607747245158368,0.9816650527426674,4914.559726899576,0.10429506634785331,0.1753550440800031,8898.920645713806,0.5350765391917652,554301.689915657,342001.98038823606
2026-01-08,140952,140952,9641329266.0,2.9037008390695084e+19,1.268568e+21,1263402,2903.700839069508,612.975438447131,486.0,605.0,711.0,32184.5,180075.80000000002,367415.4399999995,1.6044415096839518e-07,3.1017357014643417e-07,5.458758954171429e-07,9194.688097000122,0.10782274508548625,59.01639344262295,0.1812021132686644,0.3158019944164148,0.16823788604583595,0.32524056148986735,0.5723923629129261,1.6966765833333335,0.5358138488962951,0.28544528168347166,0.5518280446300431,0.9711647186331969,4926.641218654587,0.10506948309321126,0.17661585879775027,8966.151295525688,0.5425608594411079,563496.3780126572,346928.62160689064
2026-01-09,141693,141693,9343766320.0,2.794753396634372e+19,1.275237e+21,1271990,2794.753396634372,609.7700450974995,485.0,605.0,713.0,30430.0,175547.40000000002,362192.24,1.5340370992888994e-07,3.0772498493020574e-07,5.453096641762024e-07,8910.909957885742,0.10394851396959474,59.01639344262295,0.17469125264334673,0.3136327726172505,0.1608554485423957,0.3226730337981754,0.5717986264232257,1.694065375,0.5313144205561322,0.2724996457557668,0.5466292140036937,0.9686642544961467,4734.494960901931,0.10503274461070247,0.17655411773686744,8971.413845470974,0.5442727510890951,572407.2879705429,351663.11656779255
2026-01-10,141628,141628,9203317964.0,2.7476480758884356e+19,1.274652e+21,1271185,2747.648075888436,610.0475965204621,488.0,605.0,708.0,29567.0,170584.5,358147.36000000034,1.5158335946160722e-07,3.0419598319231017e-07,5.371298143464837e-07,8776.96796798706,0.10243302928130732,59.01639344262295,0.1721443964310859,0.31305207970567434,0.15894667273081425,0.31897260727185983,0.5632214322081784,1.6990608333333332,0.531894527421456,0.2700600662255779,0.5419538639218322,0.9569474759588211,4668.421229525736,0.10499218347193014,0.17648595248976393,8972.865479060581,0.5448152344422795,581184.25593853,356331.5377973183
2026-01-11,142978,142978,8844289513.0,2.6531534842496877e+19,1.286802e+21,1284870,2653.1534842496876,604.2868203499839,490.0,604.0,702.0,27015.5,164870.60000000003,353541.06000000023,1.4949260695234313e-07,3.044405269641427e-07,5.475742591252462e-07,8434.57175540924,0.09766903141641622,59.01639344262295,0.16386693048754278,0.3145569877389653,0.15675435982766014,0.3192290300019529,0.5741732263365141,1.6989543333333332,0.5344179573993952,0.2663184988980958,0.5423555438476145,0.9754940909684015,4507.586609064439,0.10427300644840712,0.17519782272920148,8929.359717914036,0.5433433478046931,589618.8276939392,360839.12440638273
2026-01-12,143176,143176,9287570393.0,2.806401465841526e+19,1.288584e+21,1286528,2806.4014658415263,603.4572833435772,491.0,604.0,700.0,28801.0,166871.0,332580.75,1.5968562337160855e-07,3.1197225136106025e-07,5.525822202320757e-07,8857.317345619202,0.10242242199406687,59.01639344262295,0.1718420635678233,0.3168455364455879,0.1674425122125078,0.3271266154431751,0.579424454162069,1.6998326666666665,0.5385843931377341,0.28462425204755304,0.5560605070664135,0.9849246150501875,4770.412887418644,0.10378639654821854,0.17433940393979963,8896.922219003949,0.5410420114340531,598476.1450395584,365609.5372938014
2026-01-13,142023,142023,7569510898.0,2.259226471903387e+19,1.278207e+21,1274014,2259.226471903387,608.351865542905,488.0,604.0,704.0,22600.0,146222.6,330522.81999999995,1.538008795308465e-07,3.14552596074433e-07,5.603379416398527e-07,7218.84813117981,0.08415351961670198,59.01639344262295,0.14119090513468885,0.31296218328036096,0.1612719110549369,0.32983230298134464,0.5875569174929501,1.7702134166666665,0.5540098557521873,0.2854857006809226,0.5838735679876412,1.04010113840133,3999.3130118518734,0.10050498711584767,0.1687914188343602,8623.817997251239,0.539102072759432,605694.9931707382,369608.85030565324
2026-01-14,141828,141828,11046342864.0,3.3545927656089293e+19,1.276452e+21,1272139,3354.5927656089293,609.1859223848605,485.0,604.0,709.0,43415.0,189513.0,365321.67000000086,1.570512863921549e-07,3.10298178819483e-07,5.48818476431677e-07,10534.613479614258,0.1229758090484176,59.01639344262295,0.2063260796256784,0.3184352963780275,0.1646802096799402,0.3253712231538182,0.5754778827428222,1.8360852083333334,0.5846743374909373,0.30236689709857006,0.5974092900500498,1.0566264282270803,6159.3181569165645,0.10306072434457014,0.17303767730840433,8846.845247813633,0.5443870486648767,616229.6066503525,375768.1684625698
2026-01-15,142805,142805,9681230855.0,2.949406341089952e+19,1.285245e+21,1282379,2949.406341089952,605.0227443016701,487.0,603.0,702.0,35353.0,172635.00000000003,386118.11999999965,1.562847860863704e-07,3.1374733714528996e-07,5.577252623656422e-07,9232.74121761322,0.10721855189132846,59.01639344262295,0.17959107441797517,0.31945077540605116,0.16387647585530193,0.32898792779445957,0.5848173247103157,1.7627572083333334,0.5631141570546894,0.28887443909019694,0.5799258411743298,1.0308909546913245,5199.087288060356,0.10297441103111903,0.17280752890116302,8852.281407901219,0.5482870926875044,625462.3478679657,380967.25575063017
2026-01-16,142952,142952,9146898851.0,2.6948828071186567e+19,1.286568e+21,1284032,2694.882807118657,604.3972032570373,487.0,603.0,705.0,29357.5,170156.60000000003,385482.49999999953,1.4348850256537786e-07,2.990498222800797e-07,5.52357682978e-07,8723.162508964539,0.10119671510381083,59.01639344262295,0.16950449779888313,0.3089341513870921,0.15045860006599365,0.31357646644715687,0.5791890097863394,1.72028425,0.5314545549183303,0.25883155997057783,0.5394406563996974,0.9963697313085355,4635.964448682013,0.10258129690743563,0.17206656392338252,8825.460343769619,0.5483071118821042,634185.5103769302,385603.2201993122
2026-01-17,143055,143055,9006589567.0,2.6826879748815143e+19,1.287495e+21,1284872,2682.6879748815136,603.965698507567,487.0,603.0,702.0,29145.0,168950.0,384901.1199999994,1.4434928802281335e-07,3.0258217263631327e-07,5.779959291125839e-07,8589.353148460388,0.0995726590963766,59.01639344262295,0.1667842039864308,0.312327125048104,0.15136119903780954,0.3172804042542948,0.6060726593651568,1.7646861666666667,0.5511593570471593,0.26710501411210247,0.5599003403419619,1.0695280379765708,4734.102358756421,0.10217267259530265,0.17130082214557465,8798.658226694379,0.5510592304000619,642774.8635253906,390337.3225580686
2026-01-18,142960,142960,8949377714.0,2.7560833399223587e+19,1.28664e+21,1284106,2756.0833399223584,604.3628707330722,487.0,603.0,705.0,27383.5,170235.1,385709.8300000002,1.4947804870322547e-07,3.1251254182230397e-07,5.925372236111065e-07,8534.791673660278,0.09900589936045708,59.01639344262295,0.1658348814287656,0.3229233290401298,0.15673909439703335,0.3276931510538642,0.6213203117852396,1.719894375,0.5553940171723935,0.2695746867960517,0.5635976072235663,1.0686053093126797,4740.172233363677,0.10236365373016564,0.17158195799432074,8812.9753578731,0.5540558103676331,651309.6551990509,395077.4947914323
2026-01-19,142243,142243,9348295072.0,2.8720658127014994e+19,1.280187e+21,1276541,2872.065812701499,607.4114930084432,485.0,604.0,708.0,29991.0,176268.0,377329.43999999977,1.5309900551451225e-07,3.180717191986668e-07,5.870465909055075e-07,8915.228912353516,0.10376828925709675,59.01639344262295,0.17410012975357342,0.32215278384179,0.1605359428063852,0.33352237103046123,0.6155629661053335,1.577397125,0.508162875042786,0.25322893464195645,0.5260972291866328,0.9709872529910255,4530.388355766133,0.10255592048202704,0.17190453887799934,8821.248438835144,0.5497098792112118,660224.8841114044,399607.8831471984
2026-01-20,134231,134231,9531691529.0,2.887769773497712e+19,1.208079e+21,1187999,2887.769773497712,643.666895128547,482.0,606.0,744.0,33452.0,187068.0,406793.90000000125,1.5294059257961072e-07,3.1485172187212734e-07,5.832643210975153e-07,9090.129403114319,0.11174924970008623,59.01639344262295,0.18811123699514515,0.3176819212835792,0.1603698348047579,0.3301459591137878,0.6115969687591482,1.5496325000000002,0.4922902298834761,0.248514308033084,0.5116049079863968,0.9477505396906608,4474.9818935296935,0.10649816763679622,0.17860744342949308,9088.574334825787,0.540892789801396,669315.0135145187,404082.8650407281
2026-01-21,129258,129258,9457278167.0,2.854430998544482e+19,1.163322e+21,1132249,2854.4309985444816,668.4329016385833,412.0,605.0,1021.0,32523.0,198638.10000000003,395757.00999999995,1.4248269405411884e-07,3.139003617622693e-07,5.82056996496391e-07,9019.163290977478,0.115332961356133,59.01639344262295,0.1938234489457235,0.3164851224503248,0.1494039334004917,0.3291483857352333,0.6103309971581997,1.5318368333333332,0.4848035677714177,0.22886244822775342,0.5042016209014383,0.9349275019719923,4372.522541778882,0.10540633225218413,0.17682135333235668,8872.08145073482,0.5266255369843218,678334.1768054962,408455.387582507
2026-01-22,143195,143195,9162432830.0,2.6979724341319025e+19,1.288755e+21,1286029,2697.9724341319024,603.3714375501938,484.0,602.0,704.0,29481.0,173053.0,395254.31999999983,1.3883137424674894e-07,3.0102348920392623e-07,5.747991742173931e-07,8737.976865768433,0.1013646547516105,59.01639344262295,0.16950422822352643,0.3087639708341844,0.14557524708215902,0.31564600621549616,0.6027206189041772,1.5328970416666667,0.4733033774649742,0.22315186559213562,0.48385282914163236,0.9239086536697156,4135.713962779009,0.10457006123222443,0.1753803753045783,8801.400829042706,0.5137954256143624,687072.1536712646,412591.101545286
2026-01-23,140802,140802,9080712262.0,2.6845619104253436e+19,1.267218e+21,1261642,2684.5619104253433,613.6259002002812,474.0,604.0,722.0,28326.5,175516.80000000002,388241.95999999996,1.368278191794426e-07,3.038003172457728e-07,5.722972525466888e-07,8660.042058944702,0.10182964715263469,59.01639344262295,0.17084751911164264,0.30999409612018436,0.1434743673239032,0.31855772145630346,0.6000971638863968,1.5181204583333334,0.4706083792826017,0.21781137228084896,0.4836089941028658,0.9110197814837502,4075.4883578791314,0.10466048009634212,0.17557223549211537,8792.383621897015,0.5051031148092584,695732.1957302094,416666.5899031651
2026-01-24,143030,143030,9025510621.0,2.6639498719698993e+19,1.28727e+21,1285051,2663.949871969899,604.0717052366637,484.0,603.0,706.0,28215.0,171483.0,381093.66999999934,1.4107203749469732e-07,3.008548846333569e-07,5.509832848048404e-07,8607.397671699524,0.09979928217519599,59.01639344262295,0.16716379764345327,0.3094953868262374,0.14792475278803974,0.31546921150930685,0.5777478488475203,1.505101,0.46582181620755675,0.2226416933460314,0.47481302571186923,0.8695688650482516,4009.513616251767,0.10469285482188774,0.1756264631574043,8794.961410931179,0.49291203754645796,704339.5934019089,420676.1035194169
2026-01-25,142902,142902,9057240133.0,2.6986971644017263e+19,1.286118e+21,1283821,2698.6971644017262,604.6065625393626,483.0,603.0,709.0,29153.0,170039.50000000006,396583.49999999953,1.4421740070295097e-07,3.055522768023112e-07,5.687024409124429e-07,8637.657292366028,0.1002398365430041,59.01639344262295,0.16790172620953187,0.31243392427560635,0.15122290515949752,0.3203947842002603,0.5963277306822057,1.4801400000000002,0.46244594867729605,0.2238310708427787,0.4742291358861733,0.8826485272919601,3994.449620917572,0.10486913156225161,0.17592172669751374,8809.656499317714,0.4796337420471584,712977.2506942749,424670.55314033444
2026-01-26,142847,142847,9245626315.0,2.7288067269531013e+19,1.285623e+21,1283291,2728.806726953101,604.842894845534,483.0,603.0,709.0,29297.0,176016.40000000002,375965.62000000046,1.4263319849069593e-07,3.029649774272932e-07,5.566901196172395e-07,8817.316355705261,0.10236417414149976,59.01639344262295,0.1714599916870121,0.30948268349103997,0.14956174874057998,0.3176818041708014,0.5837318988677666,1.457838125,0.4511756550205462,0.21803681935568825,0.46312864573897833,0.8509866169480744,3978.158482308696,0.10466854368859489,0.17554456411657643,8795.668991225106,0.47149271061540976,721794.5670499802,428648.7116226431
2026-01-27,142690,142690,9265097086.0,2.72997501138323e+19,1.28421e+21,1281933,2729.9750113832297,605.508430864111,484.0,604.0,707.0,29164.0,177542.80000000005,370008.89999999874,1.4493912338248288e-07,3.0339193976851634e-07,5.443088436058004e-07,8835.885129928589,0.1025225936688643,59.01639344262295,0.17201012937776122,0.3089645203892882,0.15197968623991037,0.3181295066347118,0.5707491899927958,1.4692564583333334,0.4539481169778225,0.22329713554346195,0.4674138322094473,0.8385769334854339,4011.033416563426,0.10335044996984889,0.1732444058855216,8759.348380770001,0.46601526591460213,730630.4521799088,432659.7450392065
2026-01-28,141532,141532,9368746384.0,2.7472884851812667e+19,1.273788e+21,1270195,2747.288485181267,610.4663680298448,476.0,604.0,723.0,31235.0,175593.8000000001,394227.28,1.4137562198695343e-07,2.9961568808318e-07,5.54487166833825e-07,8934.732803344727,0.10451773435723061,59.01639344262295,0.17535753208824245,0.30748412354903515,0.14824308420059168,0.31416981974750857,0.5814219354499449,1.4790134583333334,0.4547731569528524,0.21925351663751663,0.46466139160872266,0.8599308675006831,4063.2766435072904,0.10180541754143428,0.17060641776302427,8747.286882536751,0.46172520722623567,739565.1849832535,436723.0216827138
2026-01-29,140316,140316,9265038344.0,2.7266029270154064e+19,1.262844e+21,1257929,2726.6029270154063,615.7524587359959,477.0,604.0,717.0,30562.5,178805.5,379813.50000000006,1.4355188205710586e-07,3.0253419746065477e-07,5.50590596865446e-07,8835.829109191895,0.10425650774712922,59.01639344262295,0.17491925188685012,0.3085848417076024,0.15052505827991183,0.31723009863650353,0.5773360856987819,1.4167140416666666,0.43717647829264594,0.21325096368784444,0.4494243351776362,0.8179201393703344,3862.8166527521594,0.10221853939793694,0.1713799925720705,8761.265774454389,0.4565642216301888,748401.0140924454,440585.838335466
2026-01-30,140340,140340,9444896891.0,2.8068511883079807e+19,1.26306e+21,1257598,2806.851188307981,615.6460951973778,474.0,605.0,726.0,33355.0,174762.40000000002,411434.7599999998,1.415365819071741e-07,3.077230629467132e-07,5.85647274684601e-07,9007.355586051941,0.10608658295087305,59.01639344262295,0.17828439634799495,0.3116176730775948,0.148411862909897,0.32267101845241275,0.6140956766996801,1.3297812083333334,0.41438332584314563,0.19735530639132384,0.4290818568117967,0.8166128909939767,3732.4979648000394,0.10282667308339957,0.17244240360583513,8810.881992612567,0.4485320711388379,757408.3696784973,444318.33630026603
2026-01-31,141538,141538,9340365081.0,2.831776444767325e+19,1.273842e+21,1269930,2831.776444767325,610.4379177323405,478.0,604.0,717.0,31381.5,173000.10000000003,399801.0100000001,1.4604731978435238e-07,3.1173672485374244e-07,5.951297189178831e-07,8907.666283607483,0.10419669530640034,59.01639344262295,0.17481889990296054,0.3179032930295739,0.15314171439019708,0.32687964800023783,0.6240387401440382,1.2617847083333333,0.4011255138735271,0.19323187342550147,0.4124517413120828,0.787402539721346,3573.0922154259424,0.10345487495928592,0.1735359896429076,8853.777508599418,0.43928974223397654,766316.0359621048,447891.42851569195
2026-02-01,141374,141374,9013412299.0,2.6897981856541127e+19,1.272366e+21,1268301,2689.7981856541123,611.1460310948265,478.0,604.0,718.0,29341.5,170064.69999999995,399093.80999999994,1.429482384545056e-07,3.048750676243199e-07,5.748961489696532e-07,8595.859812736511,0.10066600634736118,59.01639344262295,0.1688951884272393,0.3129178749132961,0.14989209208567167,0.31968467890923885,0.6028223043020031,1.190399875,0.3724973991820533,0.17843152768227205,0.38055260181297307,0.7175995956883164,3201.9354239778822,0.10351575635990835,0.17367791281686581,8847.806440080914,0.42643994944894187,774911.8957748413,451093.36393966986
2026-02-02,140745,140745,9266402761.0,2.7378544831396008e+19,1.266705e+21,1262407,2737.854483139601,613.8762869018437,473.0,605.0,727.0,31123.0,174515.20000000004,413932.19999999984,1.404703591000697e-07,3.053840656160431e-07,5.823101037647463e-07,8837.130318641663,0.10378220876735533,59.01639344262295,0.17441176751180548,0.30981261839764646,0.1472938472637147,0.32021840198740803,0.6105963993652226,1.1932810833333334,0.36969353691188017,0.17576296163118002,0.38211056162680307,0.7286131329139655,3267.0299636498466,0.10371833273503059,0.1740995950775506,8850.637006214687,0.4147996468619896,783749.026093483,454360.3939033197
2026-02-03,140896,140896,9521342177.0,2.85147155510753e+19,1.268064e+21,1262967,2851.47155510753,613.2176428003634,477.0,604.0,718.0,33355.0,175632.5,390713.19999999856,1.4645688158321262e-07,3.081189556923229e-07,5.652165019013685e-07,9080.259491920471,0.10669956709322014,59.01639344262295,0.17901816256751377,0.3140297430535705,0.15357117106299875,0.3230861420840332,0.5926724586977293,1.1890870416666666,0.3734086981629136,0.18260948948458677,0.3841775448941993,0.7047391405901926,3390.647875859462,0.10431504322422427,0.17510074267608663,8885.547629356384,0.4032940156027169,792829.2855854034,457751.0417791792
2026-02-04,142440,142440,9421801008.0,2.7994252882282865e+19,1.28196e+21,1279319,2799.4252882282863,606.5691589441168,484.0,603.0,711.0,31491.0,172376.30000000002,386951.6899999996,1.475891861876786e-07,3.052050249491867e-07,5.432087801987773e-07,8985.329635620117,0.10461277851615411,59.01639344262295,0.17522640401455813,0.3115551016771446,0.15475847849593127,0.32003066424111837,0.5695956899057131,1.17383475,0.3657142048884156,0.18166087991565186,0.3756631147518071,0.6686112142615502,3286.0626833511283,0.10432862096121333,0.17508201009413174,8892.775748252869,0.3905713081649402,801814.6152210236,461037.1044625303
2026-02-05,143209,143209,9644516457.0,2.974552799248935e+19,1.288881e+21,1286834,2974.5527992489347,603.3159577959486,488.0,604.0,705.0,34930.0,172253.8,387175.0400000008,1.5676889333504034e-07,3.2027821279663923e-07,5.843522751569858e-07,9197.727639198303,0.10633427991755003,59.01639344262295,0.17840529186166726,0.32340083506845435,0.16438409909768326,0.3358360472614488,0.6127377712750115,1.092799,0.35341210916197185,0.17963877910984918,0.367001296611264,0.6695992237115613,3250.588324466437,0.10462544555698773,0.17558001580481994,8944.475538253784,0.378604969717701,811012.3428602219,464287.6927869967
2026-02-06,142434,142434,9478735843.0,2.892440036868881e+19,1.281906e+21,1277702,2892.440036868881,606.5948649901006,485.0,603.0,707.0,33693.0,171787.7,388734.75000000163,1.5235063658437797e-07,3.1700586252090576e-07,5.82851433537603e-07,9039.626925468445,0.10524937464817077,59.01639344262295,0.17629270253568602,0.3199733861493395,0.15975122110710072,0.3324047392987213,0.6111640247731256,1.0226465833333334,0.3272196901032194,0.16336904044850445,0.33993257092764473,0.6250048017904856,2957.9439212005022,0.1045058443708874,0.17529548811734721,8949.085729598999,0.3661530217548545,820051.9697856903,467245.63670819724
2026-02-07,144100,144100,9026367382.0,2.727505778179991e+19,1.2969e+21,1295700,2727.505778179991,599.5839694656488,490.0,602.0,697.0,29436.0,165642.00000000017,375205.3500000003,1.490774939666054e-07,3.1227259613598095e-07,5.791229875905453e-07,8608.214742660522,0.09923220012242931,59.01639344262295,0.16593829020472903,0.31684917950095265,0.15631908231352723,0.32744154976588236,0.6072544658357436,1.0740111666666667,0.34029955693319425,0.16788843996781408,0.3516758808791967,0.6521980773157905,2929.371662913167,0.10379663077317727,0.17402682958902843,8906.306938035148,0.35746359933480687,828660.1845283508,470175.0083711104
2026-02-08,144278,144278,8907641173.0,2.6953042362605384e+19,1.298502e+21,1297598,2695.3042362605393,598.846442285033,490.0,602.0,697.0,28408.5,165538.3,365352.96000000054,1.4913045634692876e-07,3.1066270059355977e-07,5.710048856498364e-07,8494.988606452942,0.09780615724438389,59.01639344262295,0.16355362961421974,0.31728167760144366,0.15637461739443717,0.32575345193759253,0.5987420189751629,1.05825525,0.33576500105053514,0.16548425982440446,0.34473030071857996,0.6336218849760658,2852.319858369956,0.10338808090132336,0.17326374975859707,8891.896765708923,0.35221611388744717,837155.1731348038,473027.32822948036
2026-02-09,144215,144215,9064124949.0,2.6912214264015733e+19,1.297935e+21,1297004,2691.221426401574,599.1052664424644,489.0,603.0,699.0,28994.0,166512.40000000005,370644.47999999975,1.44367552712493e-07,3.053475021504035e-07,5.625242589113216e-07,8644.22316455841,0.09940270983326512,59.01639344262295,0.1664995389707191,0.3113317848428147,0.15138035095305505,0.3201800624148615,0.589849437312198,1.0243224166666667,0.31890412623533865,0.1550622869240815,0.3279676153012751,0.6041960010971041,2756.678435276774,0.10276243819645334,0.1721334313955847,8864.338600839887,0.34496048379079836,845799.3962993622,475784.00666475715
2026-02-10,131042,131042,8262313397.0,2.429288288339238e+19,1.179378e+21,1178536,2429.288288339238,597.7493475374307,490.0,603.0,694.0,29662.5,164935.90000000008,378530.0,1.4260845432012346e-07,2.991999456721723e-07,5.54885262415747e-07,7879.556080818176,0.09971808414187586,59.01639344262295,0.16702779093764206,0.30830268398660754,0.14953580259717777,0.31373388223314375,0.5818393689228544,1.001533625,0.3087755046903365,0.14976513444243586,0.3142150323582835,0.5827316923250186,2433.0139055904424,0.10176508348911843,0.17042052116274592,8692.809542110988,0.3357271704375731,853678.9523801804,478217.0205703476
