_day,max_version_app,block_count,blocks_with_blobs,total_blobs_bytes,total_blobs_count,total_bytes_in_block,total_txs,total_fee_utia,total_gas_used,total_gas_limit,avg_fill_rate,avg_block_time_ms,p10_block_time_ms,p50_block_time_ms,p90_block_time_ms,p50_square_size,p90_square_size,max_square_size_seen,p50_blobs_size,p90_blobs_size,p99_blobs_size,p10_gas_price_utia,p50_gas_price_utia,p90_gas_price_utia,era,max_data_bytes,era_block_time_s,daily_blob_mib,daily_block_mib,actual_mib_per_s,utilization_pct,max_mib_per_s,avg_gas_price_utia,avg_tia_usd,cost_per_mib_tia,cost_per_mib_usd,cost_per_mib_day_usd,cost_per_mib_usd_p10,cost_per_mib_usd_p50,cost_per_mib_usd_p90,daily_da_spend_usd,actual_mib_per_s_7d,utilization_pct_7d,daily_blob_mib_7d,cost_per_mib_usd_7d,cumulative_daily_blob_mib,cumulative_daily_da_spend_usd
2025-11-15,5,3255,2565,272969186.0,78152,285033523.0,6962,17694588.0,2914742515.0,3283711311.0,0.044623379416282645,5549.901075268817,4951.0,5059.0,6825.799999999999,4.0,32.0,128.0,21075.0,188917.6,993073.2800000065,0.0042401826429006,0.00594661131041162,0.008555733800009723,Ginger (v3-5),2097152.0,6.0,260.3237018585205,271.82915019989014,0.015808768474156746,4.462337941628265,0.3333333333333333,0.00607072079572696,,0.05092489703280154,0.0,0.0,0.0,0.0,0.0,0.0,0.015808768474156746,4.462337941628265,260.3237018585205,0.0,260.3237018585205,0.0
2025-11-16,5,15603,11953,1279290234.0,368272,1345479205.0,35018,97698320.0,13992804508.0,15829571719.0,0.04394203037877332,5536.780362750753,4947.2,5054.0,6861.0,4.0,32.0,128.0,17180.0,192307.00000000003,1157122.3599999913,0.004219446889902575,0.0064327179540818995,0.01522355179204168,Ginger (v3-5),2097152.0,6.0,1220.0262393951416,1283.1489610671997,0.015471265005569682,4.394203037877332,0.3333333333333333,0.006982039943754212,0.8182878888888889,0.05856959612849613,0.04792679116906194,0.0015975597056353981,0.028963533805361385,0.04415608225079665,0.10449897071145499,79.9453520207911,0.015640016739863212,4.428270489752798,740.174970626831,0.02396339558453097,1480.349941253662,79.9453520207911
2025-11-17,5,15744,12204,1427018881.0,375229,1494349450.0,34974,110529636.0,15311869655.0,17176731040.0,0.04836704776422764,5487.2166539634145,4936.0,5042.0,6219.700000000001,4.0,32.0,128.0,21688.5,199937.40000000002,1566208.1099999999,0.004194454706580232,0.006135114829981716,0.0161878362728611,Ginger (v3-5),2097152.0,6.0,1360.9112558364868,1425.1226902008057,0.017143989167775327,4.836704776422764,0.3333333333333333,0.007218559097641431,0.8198122916666667,0.06055366259494769,0.04964263690077418,0.0016547545633591393,0.028845617134801896,0.04219169971869445,0.11132510899098867,90.6135541862425,0.016141340882500587,4.56441525197612,947.0870656967163,0.03252314268994538,2841.261197090149,170.5589062070336
2025-11-18,5,15811,12638,1618001993.0,372831,1683576020.0,35110,116909269.0,16859321859.0,18685724402.0,0.054260293466573906,5464.274429194865,4936.0,5038.0,6186.0,4.0,32.0,128.0,20638.0,198911.30000000002,1753711.3699999992,0.004202965954883275,0.006152333101489412,0.014967824684304958,Ginger (v3-5),2097152.0,6.0,1543.046944618225,1605.583209991455,0.019371428018204837,5.426029346657391,0.3333333333333333,0.006934399258626788,0.8039542916666668,0.058169957096110746,0.04676598665348411,0.0015588662217828036,0.028345043661365858,0.041491687597033346,0.10094386886464235,93.9897085481628,0.01694886266642665,4.779818775646438,1096.0770354270935,0.03608385368083006,4384.308141708374,264.5486147551964
2025-11-19,5,15879,12745,1656560652.0,377328,1722522053.0,36434,119323404.0,17281687749.0,19175798921.0,0.05527849360790982,5440.499401725549,4930.0,5033.0,6228.200000000001,4.0,32.0,128.0,20159.0,197921.2,1762586.4399999995,0.0042029526144277025,0.006177814284444464,0.015958149361152443,Ginger (v3-5),2097152.0,6.0,1579.8193473815918,1642.7250413894653,0.019767754964492883,5.527849360790982,0.3333333333333333,0.006904615205011132,0.764919625,0.05792011034567802,0.04430422908557465,0.0014768076361858218,0.02696871149753227,0.03964063038697921,0.1023972349053121,91.2728134414035,0.017512641126039896,4.929424892675347,1192.8254978179932,0.03772792876177898,5964.127489089966,355.8214281965999
2025-11-20,5,15735,13028,1948240047.0,384531,2029096619.0,41609,137951043.0,20276611879.0,22405318514.0,0.06571187797902765,5489.422243406419,4932.0,5036.0,6570.0,8.0,32.0,128.0,20757.0,200676.30000000002,1770449.39,0.004099921324495443,0.005985783763561541,0.015991902309821643,Ginger (v3-5),2097152.0,6.0,1857.9864950180054,1935.097331047058,0.023447151213746006,6.571187797902765,0.3333333333333333,0.006803456308342746,0.7493763750000001,0.05707152801581442,0.04276805478020196,0.0014256018260067318,0.02577302651088116,0.0376279814700247,0.10052869056973365,103.37725253080913,0.01850172614065758,5.203052043546584,1303.6856640179951,0.03856794976484947,7822.113984107971,459.19868072740906
2025-11-21,5,15753,13263,1985514231.0,390282,2071774702.0,52023,144978216.0,21217869198.0,23750028178.0,0.06701737446835523,5484.19761315305,4930.0,5035.0,6476.800000000001,8.0,32.0,128.0,21427.0,209033.80000000002,1728471.3,0.004140743949863061,0.0062364863871034164,0.015775488229371557,Ginger (v3-5),2097152.0,6.0,1893.5339269638062,1975.7983226776123,0.023873183871898882,6.701737446835524,0.3333333333333333,0.006832835787943573,0.6825857083333333,0.05731798095342976,0.03912443462933336,0.0013041478209777787,0.023709667700353463,0.03570977139528031,0.09032956112671654,98.960058261263,0.01926907724512062,5.417149958302146,1387.9497015816826,0.03864744760263289,9715.647911071777,558.1587389886721
2025-11-22,5,15819,13496,1366651515.0,398952,1435786778.0,49943,108939678.0,15491518206.0,17741808764.0,0.046251216891080346,5460.893672166382,4922.0,5026.0,6485.200000000001,8.0,32.0,128.0,10507.0,189436.5,1104206.899999961,0.004291547808054191,0.006406977896719199,0.013807648215701141,Ginger (v3-5),2097152.0,6.0,1303.340449333191,1369.2729740142822,0.01639292166395268,4.625121689108035,0.3333333333333333,0.0070322144383374065,0.6302532083333333,0.05899049029515267,0.037178945769676335,0.0012392981923225444,0.022689186261695256,0.03387335324574597,0.0730003057670822,68.65958157430025,0.019352527700805755,5.440404779370685,1536.952094078064,0.04395872556972951,11018.988360404968,626.8183205629723
2025-11-23,5,15819,13332,1448335997.0,429352,1523818513.0,50166,115276299.0,16281673837.0,18522928818.0,0.049086579429799604,5461.383905430179,4922.0,5025.0,6457.4000000000015,8.0,32.0,128.0,21135.5,194808.8,1062583.5400000035,0.0042326217269492246,0.006086505621734092,0.013623009689284635,Ginger (v3-5),2097152.0,6.0,1381.2408418655396,1453.2265787124634,0.017376180502953836,4.908657942979961,0.3333333333333333,0.0070801257999675285,0.6191255,0.059392399926614006,0.03677134930076486,0.0012257116433588287,0.021982548951371784,0.03161088242794778,0.07075247841142694,71.37049625652449,0.019624658486146352,5.513898337242488,1559.982751573835,0.04236509101711563,12400.229202270508,698.1888168194968
2025-11-24,6,14908,13137,1507377124.0,448078,1581167591.0,46564,122921802.0,16562981342.0,18593079721.0,0.05404667963509525,5794.4831634022,4947.0,5941.5,6135.0,8.0,32.0,128.0,17780.0,206891.59999999998,1401812.959999999,0.004218012923345503,0.0061009174061179726,0.016481210930697356,Current (v6),8388608.0,6.0,1437.5468482971191,1507.918921470642,0.016229551609738633,5.4046679635095245,1.3333333333333333,0.007421478021489882,0.6255602916666666,0.0622558699028942,0.03894480013441655,0.0012981600044805516,0.022134360539559892,0.03201505257171789,0.08648647396254298,76.89499831131224,0.019494024549283968,5.59503593539774,1570.9306933539253,0.040836828621921686,13837.776050567627,775.083815130809
2025-11-25,6,14009,13072,1535680633.0,445878,1610338098.0,42612,132906709.0,17024525847.0,18990586527.0,0.058574794774787636,6166.761795988294,6107.0,6117.0,6128.0,16.0,32.0,128.0,64191.0,201430.4,1636099.2199999995,0.0041974391429565995,0.005634690542612548,0.018112545021250804,Current (v6),8388608.0,6.0,1464.5391778945923,1535.7380847930908,0.017090523987919912,5.857479477478764,1.3333333333333333,0.0078067788903160755,0.6272311666666667,0.06548800785353655,0.04107611956864956,0.001369203985621652,0.02208523061055142,0.02964746737579512,0.09530090136257517,83.36323014389717,0.01916818111638612,5.656671668372222,1559.7152981076922,0.040023990466945325,15302.31522846222,858.4470452747062
2025-11-26,6,14034,13334,1403201128.0,446373,1578146988.0,41772,547077856.0,29540095936.0,40106837826.0,0.057302166167878005,6155.624839675075,6104.0,6116.0,6128.0,16.0,32.0,128.0,98336.0,120552.90000000001,1568589.7600000002,0.004205917894714579,0.004988296988167637,0.012270071668433613,Current (v6),8388608.0,6.0,1338.196876525879,1505.0382499694824,0.015590895582254074,5.730216616787801,1.3333333333333333,0.018519840192302347,0.619247625,0.15535567959586902,0.09620363562000285,0.003206787854000095,0.021848168687705546,0.025912335140640206,0.06373842817023571,338.776663018092,0.018571486918923432,5.685581276371768,1525.1978022711617,0.04743819140043507,16640.512104988098,1197.2237082927982
2025-11-27,6,14111,13403,1271262619.0,476438,1346909184.0,40431,109610696.0,14296173055.0,16125346896.0,0.04863796329104953,6121.292608603218,6105.0,6117.0,6127.0,16.0,32.0,128.0,98072.0,119405.00000000001,1376103.719999993,0.004208759963938868,0.005105702831358349,0.011008035156803259,Current (v6),8388608.0,6.0,1212.370509147644,1284.5126953125,0.014045561033631122,4.863796329104953,1.3333333333333333,0.007667135503907762,0.6430883333333334,0.06431659422516468,0.04136125138593745,0.0013787083795312484,0.022704643579446356,0.0275433058672398,0.05938412189972617,70.48935980614668,0.01722840260747845,5.441668209400651,1432.9669471468244,0.047237219486968705,17852.882614135742,1267.7130680989449
2025-11-28,6,14112,13457,1243914776.0,371822,1308488688.0,42059,208859096.0,13975826774.0,15932504954.0,0.047247555272108846,6121.05470521542,6102.0,6114.0,6124.0,16.0,32.0,128.0,98353.0,119690.2,1194865.3600000208,0.004212173300275603,0.005253929891302162,0.04625464795489984,Current (v6),8388608.0,6.0,1186.2895736694336,1247.872055053711,0.013749177263575512,4.724755527210885,1.3333333333333333,0.01494431058551413,0.6227534166666667,0.1253619633321285,0.07806959098512442,0.0026023196995041474,0.022004537769024477,0.027446709925586565,0.24163586713061613,130.06771563591136,0.01578211594914654,5.159242220882846,1331.9320395333427,0.05280081325208171,19039.172187805176,1397.7807837348562
2025-11-29,6,14127,13577,1235050900.0,370088,1296034091.0,40149,97411163.0,13653307023.0,15439503406.0,0.046748248035676364,6114.66050824662,6098.0,6109.0,6121.0,16.0,32.0,128.0,99052.0,120372.99999999999,892037.2799999997,0.004210501456095629,0.004840310620657442,0.009685231716654655,Current (v6),8388608.0,6.0,1177.8363227844238,1235.9944257736206,0.013647869869759605,4.6748248035676365,1.3333333333333333,0.007134620413640719,0.6285007083333333,0.059849533878829846,0.03761547443626438,0.0012538491478754795,0.022198799754337528,0.02551930864700486,0.05106292485450034,61.22298494507378,0.015389965692833242,5.1663426658056455,1314.0028785978045,0.05286317449016572,20217.0085105896,1459.0037686799299
2025-11-30,6,14135,13628,1242091623.0,376224,1310550281.0,43218,142461879.0,14101761405.0,16104460326.0,0.047245107888220735,6111.730668553237,6099.0,6111.0,6123.0,16.0,32.0,128.0,99800.0,122216.6,1001133.9399999995,0.004210741921697531,0.005290994473895648,0.02093307983067607,Current (v6),8388608.0,6.0,1184.5508794784546,1249.8381433486938,0.013713415126126506,4.724510788822074,1.3333333333333333,0.010102417344083549,0.6468247083333333,0.08474521895191801,0.05481530153121884,0.0018271767177072947,0.022847312702159256,0.028708718676768608,0.11358203129150932,92.14786333279362,0.014866713496143625,5.140035929497377,1285.9043125425067,0.055440881951659145,21401.559390068054,1551.1516320127234
2025-12-01,6,14113,13525,1309548083.0,375724,1375332222.0,41936,120738376.0,14511565134.0,16394961277.0,0.04965771983277829,6121.149507546234,6097.0,6110.0,6122.0,16.0,32.0,128.0,99775.0,123238.2,1408989.6000000013,0.00420613740885335,0.0049340111660288125,0.01552330336121489,Current (v6),8388608.0,6.0,1248.8823728561401,1311.6190166473389,0.014483081817592003,4.965771983277829,1.3333333333333333,0.008320148439200052,0.5699430833333333,0.06979446375826108,0.03977887187397991,0.0013259623957993304,0.020109665385635585,0.02358965100592806,0.07421736522840916,68.81400229409934,0.014617217811551248,5.077336503749992,1258.9522446223668,0.05556003505731106,22650.441762924194,1619.9656343068227
2025-12-02,6,14099,13136,1245950778.0,371932,1366348049.0,35123,161662904.0,21895059386.0,25786492261.0,0.04938318320448259,6126.8392084545,6102.0,6113.0,6124.0,16.0,32.0,128.0,99263.0,119280.5,967978.2499999964,0.004168950901651731,0.004703173598855779,0.013325436203792788,Current (v6),8388608.0,6.0,1188.2312564849854,1303.0510416030884,0.013786634624529344,4.938318320448259,1.3333333333333333,0.007383533478944089,0.5835834166666667,0.061937568009738216,0.03614573755914706,0.0012048579186382353,0.020408901187730914,0.023024163035780216,0.06523404021353911,94.34378986457534,0.014145233616781164,4.946027767031348,1219.4796844209943,0.05485569477023928,23838.67301940918,1714.309424171398
2025-12-03,6,14124,13215,1239622073.0,373834,1299542556.0,34919,103485975.0,13478560273.0,15125389575.0,0.04688535117530445,6116.114910790145,6101.0,6112.0,6124.0,16.0,32.0,128.0,99268.0,118584.2,912333.3400000008,0.00416979720368198,0.00458407206006592,0.011229514229727703,Current (v6),8388608.0,6.0,1182.1957330703735,1239.3403587341309,0.013694567880615065,4.688535117530445,1.3333333333333333,0.007677821139940382,0.6278700416666666,0.064406231837073,0.04043874346713602,0.0013479581155712006,0.021962136959989935,0.024144104257332426,0.05914535346938783,64.97574343516561,0.013874329659404164,4.797216124280298,1197.1938067844935,0.04688928160554401,25020.868752479553,1779.2851676065636
2025-12-04,6,13998,12832,1232141221.0,369002,1295986500.0,35270,98281203.0,13529088929.0,15150516507.0,0.04717869695670811,6170.722746106587,6097.0,6109.0,6122.0,16.0,32.0,128.0,99378.0,120482.6,937081.8500000016,0.004115764169498352,0.004708203585578002,0.010816900289777442,Current (v6),8388608.0,6.0,1175.0614366531372,1235.9490394592285,0.013741193631842142,4.717869695670811,1.3333333333333333,0.007264436172736758,0.6393680833333334,0.06093850739410895,0.03896213667376561,0.0012987378891255203,0.02207452337330807,0.025252017806647577,0.058015451916074746,62.83786438980426,0.01383084860200574,4.776369462361134,1191.8639392852783,0.0465465509323766,26195.93018913269,1842.123031996368
2025-12-05,6,14134,13157,1267487871.0,383623,1329280435.0,34874,95846531.0,13762897400.0,15356949872.0,0.04792445875194566,6111.713527663789,6097.0,6111.0,6123.0,16.0,32.0,128.0,99306.0,119824.0,1199630.760000001,0.004115764169498352,0.004406597378777061,0.008271434431536932,Current (v6),8388608.0,6.0,1208.7706289291382,1267.7006101608276,0.013994794580172686,4.792445875194566,1.3333333333333333,0.006964124501865428,0.6055998333333333,0.05841931050934435,0.035378724707907185,0.001179290823596906,0.020908656569299824,0.022386129874699873,0.04202004165986184,58.04464319917817,0.013865936790091049,4.7860395120730885,1195.0755186080933,0.040447855749917,27404.70081806183,1900.167675195546
2025-12-06,6,14040,12952,1200033841.0,371954,1258535383.0,33578,80990604.0,13104353665.0,14619250642.0,0.04567827635327635,6152.984472934473,6096.0,6109.0,6122.0,16.0,32.0,128.0,98328.0,118645.5,932590.5199999987,0.004115764169498352,0.004377663669385721,0.007367260074655242,Current (v6),8388608.0,6.0,1144.4414529800415,1200.232871055603,0.013343087903327461,4.567827635327635,1.3333333333333333,0.0061804348440560805,0.5743532916666667,0.05184524517632759,0.029777487224289124,0.000992582907476304,0.01982985308764984,0.02109169132536609,0.03549564040175022,46.51722000147151,0.013822396509172172,4.770754202324517,1190.304822921753,0.039328143291063385,28549.14227104187,1946.6848951970176
2025-12-07,6,14126,13231,1246999301.0,378100,1308693032.0,35851,92326289.0,13704381789.0,15297143513.0,0.047208480815517484,6115.488460993912,6095.0,6108.0,6122.0,16.0,32.0,128.0,98427.0,118928.0,1321447.600000005,0.004175487966362177,0.004499710254675751,0.009288951883343133,Current (v6),8388608.0,6.0,1189.2312059402466,1248.0669326782227,0.013783136794810856,4.720848081551749,1.3333333333333333,0.006736990432804995,0.575773625,0.056513971840551444,0.03253925442978223,0.0010846418143260741,0.020167353161786146,0.02173332711357771,0.044865073170700744,53.159042100327625,0.01383235674755565,4.7702309584287566,1190.9734409877233,0.036145850848001024,29738.373476982117,1999.8439372973453
2025-12-08,6,13997,12877,1754786567.0,380150,1819245385.0,37305,123736378.0,19411430740.0,23506592113.0,0.06623154961777523,6172.140244338072,6093.0,6106.0,6121.0,16.0,32.0,128.0,98308.0,122116.79999999999,3002140.1199999996,0.004115764169498352,0.004467184241180146,0.00900384133558529,Current (v6),8388608.0,6.0,1673.4948797225952,1734.9675989151,0.019580898912414872,6.623154961777524,1.3333333333333333,0.00637440792785169,0.58417275,0.05347240933884011,0.031237124412595907,0.0010412374804198636,0.020168875112900643,0.021890972698190757,0.044122389902608576,72.2834202112995,0.014560616332530347,5.006999955357284,1251.632370540074,0.03492560121066045,31411.868356704712,2072.1273575086448
2025-12-09,6,14150,13153,1269141245.0,372819,1331646425.0,35298,103874410.0,13923272201.0,15731886322.0,0.0479561554770318,6104.634840989399,6092.0,6103.0,6115.0,16.0,32.0,128.0,97940.0,118480.8,1205276.9999999998,0.004115764169498352,0.004506084500191748,0.010604051640311347,Current (v6),8388608.0,6.0,1210.347409248352,1269.9569940567017,0.014015552905375877,4.79561554770318,1.3333333333333333,0.007460488346449157,0.601300625,0.06258311222693017,0.03763126449649825,0.0012543754832166083,0.020760224113387866,0.022729029226484083,0.053487634251316626,62.45974765450625,0.014593318944079852,4.986613844965129,1254.7918209348406,0.035137819344567764,32622.215765953064,2134.587105163151
2025-12-10,6,14148,13056,1268575063.0,367948,1329592110.0,33807,97958499.0,13852680140.0,15598622333.0,0.047888401187446986,6105.128003958157,6092.0,6103.0,6115.0,16.0,32.0,128.0,97660.0,117037.5,1230683.4000000022,0.004115764169498352,0.004486634135880014,0.009939064429615169,Current (v6),8388608.0,6.0,1209.8074560165405,1267.9978466033936,0.014011280760484511,4.788840118744699,1.3333333333333333,0.007071447402957216,0.6163929583333333,0.059319600256026124,0.036564183888962695,0.0012188061296320898,0.02128129495444005,0.023198944464779558,0.05139171074605191,60.380928992502874,0.014638563641204057,5.000943130852881,1258.736352784293,0.03458431083340014,33832.023221969604,2194.968034155654
2025-12-11,6,14141,13014,1253447506.0,366249,1317885705.0,32806,99828366.0,13701880182.0,15525400896.0,0.04749104023760695,6108.577540485114,6093.0,6105.0,6117.0,16.0,32.0,128.0,97496.5,116732.1,1202392.3399999922,0.004115764169498352,0.0045418938868970506,0.01013490961920591,Current (v6),8388608.0,6.0,1195.380693435669,1256.8337488174438,0.013846513923224378,4.749104023760696,1.3333333333333333,0.007285742151733552,0.5815975833333333,0.06111723489996929,0.0355456361178378,0.00118485453726126,0.020079966113131474,0.022158965281397006,0.0494461376629627,58.059936413715505,0.014653609397115807,5.005405177722864,1261.6391037532262,0.034096239325410456,35027.40391540527,2253.0279705693697
2025-12-12,6,14063,12846,1197274776.0,365730,1260296128.0,32769,95177961.0,13194003849.0,14907873176.0,0.04566766692739813,6142.28052335917,6092.0,6106.0,6119.0,16.0,32.0,128.0,97344.5,116120.5,1200169.6999999974,0.004115764169498352,0.004552371462674167,0.009454496214356524,Current (v6),8388608.0,6.0,1141.810203552246,1201.9120483398438,0.013297167606938658,4.566766692739813,1.3333333333333333,0.007213728454930967,0.5850706250000001,0.06051314022686155,0.03540446077324253,0.0011801486924414178,0.02019987472515917,0.022342711939108976,0.0464019878823064,55.68582912849563,0.014553948400939517,4.9731652945150415,1252.0733286993843,0.03409991590617265,36169.21411895752,2308.7137996978654
2025-12-13,6,14144,12954,1205430985.0,369065,1267155750.0,32229,91648738.0,13238175371.0,14913171718.0,0.045652941176470584,6106.705246040724,6091.0,6103.0,6118.0,16.0,32.0,128.0,97819.0,116935.8,1193621.2999999996,0.004115764169498352,0.004550894551885534,0.009083725240748615,Current (v6),8388608.0,6.0,1149.5885705947876,1208.453893661499,0.01331762616230098,4.565294117647058,1.3333333333333333,0.006923064201186582,0.581394375,0.05807487174258737,0.033764403759986746,0.0011254801253328915,0.020072950237267868,0.022195120058636865,0.04430214104050211,53.28406074904875,0.014550311009364306,4.9728033634178175,1252.8086312157768,0.034669475411272306,37318.80268955231,2361.9978604469143
2025-12-14,6,14101,12722,1194457818.0,360849,1253385712.0,30707,88562607.0,13013324751.0,14642098519.0,0.04529478051202042,6125.8604354301115,6091.0,6103.0,6117.0,16.0,32.0,128.0,97600.5,116860.9,1216882.0099999998,0.004115611563738718,0.004381711708643507,0.009775902104627782,Current (v6),8388608.0,6.0,1139.123743057251,1195.321762084961,0.013236635858293246,4.529478051202042,1.3333333333333333,0.00680553269011399,0.5649994583333333,0.057088945968551734,0.032255223549052664,0.0010751741183017555,0.019506183729349633,0.020767381059693443,0.04633346457015432,50.037824983587875,0.014472239447004645,4.945464787653573,1245.6504222324916,0.03462889957116808,38457.92643260956,2412.0356854305023
2025-12-15,6,14128,12857,3950970683.0,368807,4013845049.0,33141,209175790.0,36683362181.0,40852013681.0,0.14477230322763307,6114.987330124575,6090.0,6103.0,6117.0,16.0,32.0,256.0,97735.0,122311.6,7438772.56,0.004115764169498352,0.00444251952764157,0.010726960061197265,Current (v6),8388608.0,6.0,3767.9392652511597,3827.900933265686,0.043699839074037905,14.477230322763306,1.3333333333333333,0.005702197878370641,0.536365375,0.04783350274008299,0.02565623463474814,0.0008552078211582713,0.018518300046106433,0.01998848966693366,0.04826444296006953,112.19465104427125,0.017917802327236505,6.067475553508685,1544.8567630222865,0.03383162960290412,42225.86569786072,2524.2303364747736
2025-12-16,6,14069,13579,65584193273.0,377502,65653870267.0,41518,2523528964.0,560892693732.0,617424812857.0,2.3779394484327243,6139.126448219489,6093.0,6107.0,6123.0,128.0,128.0,256.0,7340491.0,7464573.0,14806047.78,0.004214461209170523,0.0044006578303189825,0.005985783763561541,Current (v6),8388608.0,6.0,62545.960686683655,62612.40984630585,0.7279610083638944,237.79394484327244,1.3333333333333333,0.00449912967703189,0.5070179583333333,0.037741435201787125,0.019135585420579904,0.0006378528473526635,0.017924840637846634,0.018716767433644223,0.025458585268499312,1279.4745031223117,0.11991001024988202,39.352951167161436,10307.08723122733,0.031189389734915782,104771.82638454437,3803.704839597085
2025-12-17,6,13929,13684,101475439339.0,384474,101541944465.0,47008,4092701562.0,866058603309.0,953096969779.0,3.714745710388398,6201.849307200804,6092.0,6108.0,6125.0,128.0,256.0,256.0,7437293.0,14680064.0,22126140.29,0.004395539296038975,0.00439999658486593,0.004709800908270489,Current (v6),8388608.0,6.0,96774.52024364471,96837.94447422028,1.1374755236579477,371.4745710388398,1.3333333333333333,0.004725663536350518,0.5019992083333333,0.03964173894633825,0.01990012156801847,0.0006633373856006156,0.018509943773045177,0.01852871374869788,0.01983332285821768,2054.532944068597,0.28040490209237673,91.73662701288931,23959.189058031356,0.02880880940335232,201546.3466281891,5858.2377836656815
2025-12-18,6,14081,13967,107585680984.0,385504,107657580247.0,48239,4089068653.0,918183569781.0,1010458566422.0,3.8959625310702366,6134.515801434557,6084.0,6097.0,6113.0,128.0,256.0,256.0,7437417.0,8761758.599999998,14877548.040000001,0.004395770856001914,0.004399994611395,0.004523190657649425,Current (v6),8388608.0,6.0,102601.70076751709,102670.26924800873,1.1951017060413391,389.59625310702364,1.3333333333333333,0.004453432611493257,0.4696987083333333,0.03735810043223323,0.017547051518806887,0.000584901717293563,0.017319857378345384,0.017336499474443132,0.01782190647599084,1920.630264600423,0.449155643823536,146.71479116764115,38445.80621147156,0.02623758303206219,304148.0473957062,7778.868048266105
2025-12-19,6,14067,13965,107547191581.0,385773,107612378618.0,46611,4078865397.0,917615922529.0,1009653269941.0,3.8982019975829956,6141.215326651028,6082.0,6094.0,6109.0,128.0,256.0,256.0,7437229.0,7941315.6,14865095.480000008,0.004395774661601607,0.004399994611395,0.004463666068113119,Current (v6),8388608.0,6.0,102564.99441242218,102627.1616153717,1.1964518439383682,389.82019975829957,1.3333333333333333,0.004445068243539653,0.4665108333333334,0.03728793502830268,0.017395225643332676,0.0005798408547777558,0.017202321297752236,0.017218835550141115,0.017468005933129294,1902.8348954089677,0.6181777404423118,201.75099589129255,52934.8325270244,0.023664835156360784,406713.04180812836,9681.702943675073
2025-12-20,6,14121,14022,107359786399.0,381574,107424006044.0,46558,4100882406.0,915989884137.0,1007980012927.0,3.8764979392394308,6117.793853126549,6086.0,6100.0,6114.0,128.0,128.0,256.0,7437177.0,7545062.8,14797227.82,0.004395817593614849,0.004399994611395,0.004464544868896486,Current (v6),8388608.0,6.0,102386.27090358734,102447.51552963257,1.1886293162211303,387.6497939239431,1.3333333333333333,0.004476995299859285,0.474860375,0.037555758588362,0.01783374160667905,0.0005944580535559683,0.017510376907718637,0.017527015713611524,0.017784146341593705,1947.3465571440622,0.7860794104507159,256.4773530064777,67397.21571745191,0.02138902627731683,509099.3127117157,11629.049500819136
2025-12-21,6,14035,13244,43211752678.0,368784,43271274646.0,38030,1754582494.0,370413474856.0,407700846387.0,1.5710541075881723,6155.882650516566,6082.0,6096.0,6113.0,16.0,128.0,256.0,105426.0,7442209.8,14786748.879999999,0.004208853624230972,0.0043999969372716385,0.0064270966519472785,Current (v6),8388608.0,6.0,41209.93869590759,41266.70326805115,0.4816644493928704,157.10541075881724,1.3333333333333333,0.0047368214525189785,0.46470933333333336,0.03973533833117232,0.018465382585653535,0.0006155127528551178,0.01640722437978107,0.017152351558283502,0.025054522274650576,815.3708610650774,0.852997669527084,278.2739148218513,73121.61785357339,0.01941904899683124,550309.2514076233,12444.420361884213
2025-12-22,6,14162,12959,1404402278.0,364679,1460678877.0,32141,111101868.0,14864993090.0,16573831746.0,0.052558268606129076,6098.474862307584,6081.0,6095.0,6108.0,16.0,32.0,128.0,97380.0,117937.6,1740521.6000000003,0.004115611563738718,0.004435240528095368,0.011039482124868593,Current (v6),8388608.0,6.0,1339.3423824310303,1393.011929512024,0.015516483786535138,5.255826860612908,1.3333333333333333,0.007474061193795012,0.46091787500000003,0.06269696952275838,0.02889815396136956,0.0009632717987123186,0.01591284490858242,0.01714867731388302,0.04268370914103456,51.2088369070905,0.8489714759145837,276.95657147011553,72774.67544174194,0.019882180329205724,551648.5937900543,12495.629198791303
2025-12-23,6,14168,12970,1484777655.0,369157,1541457792.0,32085,106792358.0,15683554102.0,17429679480.0,0.0554416149068323,6097.109683794466,6081.0,6094.0,6106.0,16.0,32.0,128.0,98669.5,131099.3,1746499.449999999,0.00411409938124622,0.0043545329182731705,0.008363270517032928,Current (v6),8388608.0,6.0,1415.9943151474,1470.0487060546875,0.01640025163770837,5.54416149068323,1.3333333333333333,0.006809193713711971,0.44816275,0.057119656860393955,0.025598902497610522,0.0008532967499203508,0.015466798765604427,0.016370699422610893,0.03144139460969412,47.860356840264494,0.7473199392394142,243.77803099117423,64041.82310295105,0.0208055113402101,553064.5881052017,12543.489555631568
2025-12-24,6,14147,13037,1429702592.0,376854,1488653776.0,34074,106046122.0,15282160724.0,17037901574.0,0.0536214674489291,6106.16886972503,6076.0,6088.0,6101.0,16.0,32.0,128.0,97910.0,129883.6,1746887.439999999,0.004115764169498352,0.004376532495554322,0.008731179834241463,Current (v6),8388608.0,6.0,1363.4706420898438,1419.6908721923828,0.01583094331940293,5.36214674489291,1.3333333333333333,0.006939209966131226,0.44049554166666666,0.058210312235568135,0.025641383018792378,0.0008547127672930792,0.015208343024669536,0.0161719196508569,0.032262970486330395,46.712843952039414,0.5870849991910507,191.47625609203897,50411.67315987178,0.021625691547463518,554428.0587472916,12590.202399583608
2025-12-25,6,14180,13148,1444438390.0,375619,1506855282.0,34302,102441469.0,15414595988.0,17252639986.0,0.05415023977433005,6091.036882933709,6078.0,6089.0,6103.0,16.0,32.0,128.0,97604.0,133702.10000000003,1705588.7800000005,0.004137885963518209,0.00441608082144886,0.008955385797821654,Current (v6),8388608.0,6.0,1377.5237941741943,1437.049180984497,0.01595426878099672,5.4150239774330045,1.3333333333333333,0.006645744661731578,0.454123375,0.055748546835358806,0.02531671824021871,0.0008438906080072904,0.0157631233790513,0.016822896390594134,0.034115210637182966,46.52106564223787,0.418635365296716,136.59322335924028,35951.076449394226,0.022735643936236633,555805.5825414658,12636.723465225847
2025-12-26,6,14173,13128,1442028399.0,377847,1502042900.0,35643,132894929.0,15431871724.0,17281987934.0,0.054003767727368944,6095.409017145276,6080.0,6092.0,6104.0,16.0,32.0,128.0,97684.5,140787.60000000038,1739992.9399999972,0.004140787871667084,0.004522213773161851,0.014845354360332963,Current (v6),8388608.0,6.0,1375.2254476547241,1432.4597358703613,0.015927668870062184,5.4003767727368945,1.3333333333333333,0.008611718097249263,0.4557770833333333,0.07224032732432994,0.0329254856869284,0.00109751618956428,0.015831620387658753,0.017289939496397483,0.056758767180808155,60.570463129410406,0.24998905457267234,81.67610578987419,21495.39516871316,0.024954252513893164,557180.8079891205,12697.293928355257
2025-12-27,6,14181,13156,1437799563.0,376117,1496892986.0,34705,106053762.0,15306944906.0,17098249198.0,0.053788357661659965,6091.098441576758,6079.0,6089.0,6101.0,16.0,32.0,128.0,97681.0,142970.0,1701191.8500000006,0.004115764169498352,0.0043825640158391185,0.008857137700540496,Current (v6),8388608.0,6.0,1371.19251537323,1427.5483951568604,0.015879821008856487,5.378835766165997,1.3333333333333333,0.006928473490384692,0.46493591666666667,0.058120248149228955,0.027022190850155902,0.0009007396950051967,0.016052159979649823,0.017092723442383394,0.034544299788729846,49.3082030514185,0.08245341239949035,27.065968910191742,7064.6696846825735,0.02626688812010414,558552.0005044937,12746.602131406675
2025-12-28,6,14180,13053,1434386149.0,376481,1492078536.0,34438,100127120.0,15259231929.0,17029139571.0,0.0536194287729196,6092.065021156559,6078.0,6089.0,6101.0,16.0,32.0,128.0,97641.0,143021.0,1711478.7599999998,0.004137884611200594,0.0043808154697994395,0.008379786585627024,Current (v6),8388608.0,6.0,1367.9372301101685,1422.9569778442383,0.015843238670002955,5.36194287729196,1.3333333333333333,0.00656174049033946,0.47632541666666667,0.055043868771185514,0.02621879372738026,0.0008739597909126754,0.016533775337274407,0.0175044559182873,0.03348317360180407,47.69309215363334,0.01590752515336643,5.388330641402415,1372.955189568656,0.027374518283207964,559919.9377346039,12794.295223560308
2025-12-29,6,14183,13125,1443516957.0,374323,1501981244.0,34459,101808738.0,15401108083.0,17211098558.0,0.05396358316294155,6089.97842487485,6078.0,6089.0,6101.0,16.0,32.0,128.0,98012.0,143480.8,1729279.0400000017,0.004136968758080787,0.0043799919682298875,0.008407191247910003,Current (v6),8388608.0,6.0,1376.6450471878052,1432.400936126709,0.01594071876101807,5.3963583162941555,1.3333333333333333,0.006610481366102364,0.4664455416666667,0.05545273687153722,0.02586568188694332,0.000862189396231444,0.016187250511203333,0.01713815872752385,0.032895900062017785,47.488231942809755,0.015968130149721132,5.408406563642593,1378.2841416767665,0.026941307986861358,561296.5827817917,12841.783455503117
2025-12-30,6,14187,13197,1451592344.0,380563,1515006800.0,35584,111426100.0,15583273025.0,17449988257.0,0.05441636709663777,6089.119123140904,6077.0,6088.0,6100.0,16.0,32.0,128.0,97738.0,143237.8,1693413.1599999901,0.00414329290834327,0.004521320165341188,0.011366255294098758,Current (v6),8388608.0,6.0,1384.346336364746,1444.8230743408203,0.016028007729457235,5.4416367096637765,1.3333333333333333,0.007150365640211839,0.45985733333333334,0.05998161441240615,0.027582985252717327,0.0009194328417572443,0.015983013028846298,0.01744127695261815,0.043846044794215305,51.24010920973333,0.0159149524485424,5.3937601663541,1373.7630018506732,0.027224748380448038,562680.9291181564,12893.02356471285
2025-12-31,6,14190,13158,1462081259.0,383348,1523699447.0,36152,108782155.0,15717122054.0,17564052408.0,0.05471686398872446,6086.412966878083,6075.0,6085.0,6097.0,16.0,32.0,128.0,97748.5,128660.8,1709395.5100000005,0.004115764169498352,0.004464707737860131,0.010730008559083484,Current (v6),8388608.0,6.0,1394.3493452072144,1453.1130285263062,0.016148367300768064,5.471686398872446,1.3333333333333333,0.006921251525963367,0.4608439166666667,0.05805966592070851,0.026756443843257503,0.0008918814614419168,0.015910881501730423,0.01725984114527383,0.04148048519430575,50.13159437364042,0.015960298731594564,5.409408688351177,1378.1742451531547,0.027384042783943057,564075.2784633636,12943.155159086491
2026-01-01,6,14182,13512,1497120571.0,376767,1572990802.0,40352,136588833.0,16382971073.0,18517455617.0,0.05651971513185728,6089.707798617967,6078.0,6089.0,6102.0,16.0,32.0,128.0,97830.5,129592.4,1674621.5799999975,0.004170247931002621,0.004600978028210482,0.013737328883698335,Current (v6),8388608.0,6.0,1427.7654371261597,1500.120927810669,0.016533827772057585,5.651971513185728,1.3333333333333333,0.008337244349109887,0.4734124583333333,0.069937874644898,0.03310946116624966,0.0011036487055416553,0.01656118690342878,0.018271733077856445,0.054554663166537704,64.66285521141111,0.016043092873174687,5.443258336315852,1385.351622717721,0.028497291773376055,565503.0439004898,13007.818014297902
2026-01-02,6,14189,13354,1474080081.0,377531,1536949614.0,37712,119990672.0,15847478332.0,17758228042.0,0.055196553668334626,6087.741348932272,6076.0,6087.0,6098.0,16.0,32.0,128.0,97422.0,143193.2,1729314.2699999975,0.004169241608286898,0.004599605755054251,0.012146313650793753,Current (v6),8388608.0,6.0,1405.7923135757446,1465.7493724822998,0.016276689317830408,5.5196553668334625,1.3333333333333333,0.007571594009231676,0.503975,0.06351513407859291,0.03201003969725886,0.001067001323241962,0.01762608893530327,0.019445517368141,0.05135034731962853,60.47229892119999,0.016092952937141577,5.460298135472504,1389.7183178492955,0.02836651377485183,566908.8362140656,13068.290313219102
2026-01-03,6,14186,13271,1442367256.0,375583,1502342710.0,35441,106480808.0,15454848660.0,17291582539.0,0.05396526152544762,6089.167630057804,6077.0,6087.0,6098.0,16.0,32.0,128.0,97494.0,142843.0,1594632.7999999986,0.0041586836793963845,0.00443020001893134,0.008745872266376324,Current (v6),8388608.0,6.0,1375.5486068725586,1432.745656967163,0.015929886596794417,5.396526152544762,1.3333333333333333,0.006889799463102604,0.5257590833333333,0.05779582689457821,0.030386680968585454,0.0010128893656195152,0.0183414038234104,0.019538895917540447,0.03857268005746876,55.983252006672664,0.016100105163989853,5.462825333526612,1390.3406166349139,0.02884715522034177,568284.3848209381,13124.273565225774
2026-01-04,6,14177,13292,1467149517.0,389041,1529699815.0,36676,116970505.0,15784170075.0,17660906949.0,0.054982295266981736,6091.632926571207,6079.0,6090.0,6102.0,16.0,32.0,128.0,98022.0,144000.3,1594180.2700000003,0.004152237653395537,0.004531914931114985,0.01174032212681841,Current (v6),8388608.0,6.0,1399.1828126907349,1458.835425376892,0.01620588787211756,5.498229526698173,1.3333333333333333,0.0074106211757858295,0.555752,0.062164796080166417,0.03454820975114465,0.0011516069917048217,0.019357672451918016,0.021127722481091737,0.05473321355416823,65.00659209476001,0.016151912192863365,5.482294854870358,1394.8042712892805,0.030037071795165255,569683.5676336288,13189.280157320534
2026-01-05,6,14178,13577,2757488446.0,393864,2825629622.0,41344,169562300.0,27062753245.0,30077170186.0,0.10155552264071097,6092.22908731838,6079.0,6089.0,6101.0,16.0,32.0,256.0,98961.0,154941.0,3078160.96,0.004190782679043735,0.0045011714473950255,0.00930008410290154,Current (v6),8388608.0,6.0,2629.7459087371826,2694.7303981781006,0.030461609193460384,10.155552264071096,1.3333333333333333,0.006265522892846374,0.573219375,0.052559015463114235,0.030127845994381675,0.0010042615331460557,0.020151431462218056,0.021643939776560078,0.04471957191424868,97.19639562956249,0.0182263251117837,6.162179704552778,1573.8186800820488,0.03064595238194216,572313.313542366,13286.476552950096
2026-01-06,6,14182,13419,1460804963.0,384230,1526522195.0,40082,116380142.0,15933026617.0,17880350384.0,0.05484916795938514,6090.359751798054,6077.0,6087.0,6099.0,16.0,32.0,128.0,97883.0,137081.60000000062,1739658.8599999999,0.0041715473236507185,0.004490058787945301,0.010968513645151577,Current (v6),8388608.0,6.0,1393.1321744918823,1455.8050107955933,0.0161380679448968,5.4849167959385134,1.3333333333333333,0.0073043336208216915,0.585625,0.061273191446293805,0.03588311274073581,0.0011961037580245268,0.0204930539441919,0.02205776653479967,0.05388368496823908,68.15512065875,0.018242047999703633,6.168362574020597,1575.0737998144966,0.03183168488023052,573706.4457168579,13354.631673608847
2026-01-07,6,14155,14049,1481578288.0,409767,1549815653.0,51008,109276902.0,16628021054.0,18575527639.0,0.05579087954786295,6101.73168491699,6077.0,6088.0,6099.0,16.0,32.0,128.0,97641.0,137498.40000000023,1739022.8400000012,0.004156390247847006,0.00441378287155521,0.007861806221051383,Current (v6),8388608.0,6.0,1412.9431610107422,1478.019383430481,0.01639608549481898,5.579087954786295,1.3333333333333333,0.006571852516010172,0.577101625,0.055128694590623056,0.03181485923237727,0.0010604953077459091,0.020121414826022175,0.021367472930761914,0.03805962742250172,63.063877719165745,0.018277436313139477,6.183705653436861,1577.7300592150007,0.03255431565010477,575119.3888778687,13417.695551328012
2026-01-08,6,14183,14073,1450591461.0,406680,1519975671.0,50153,106871887.0,16326761611.0,18258474600.0,0.05460858774589297,6089.862158922654,6079.0,6089.0,6100.0,16.0,32.0,128.0,97680.0,126612.2000000001,1665359.5200000012,0.004182881926538507,0.004408795361502695,0.007298502931078777,Current (v6),8388608.0,6.0,1383.3918199539185,1449.5617589950562,0.016018842317579586,5.460858774589298,1.3333333333333333,0.006545810464213313,0.5529327916666666,0.054910238026583506,0.030361671203119975,0.0010120557067706658,0.019401613662563964,0.020449476180162,0.03385291210002257,59.09297082959454,0.018203866962499766,6.156403833637371,1571.3909710475377,0.03216177422680053,576502.7806978226,13476.788522157607
2026-01-09,6,14162,13819,1278659169.0,393555,1341760844.0,45496,98783348.0,14518944422.0,16377482688.0,0.04827681118486089,6099.044344019207,6080.0,6093.0,6107.0,16.0,32.0,128.0,97753.0,127480.00000000015,1192146.7199999995,0.004169278424847203,0.004408795361502695,0.006836646791547726,Current (v6),8388608.0,6.0,1219.4244089126587,1279.602855682373,0.014131853147102769,4.8276811184860895,1.3333333333333333,0.00680375550238469,0.5536291666666667,0.057074037837348233,0.03159785200619291,0.0010532617335397637,0.019362871372253242,0.020475230673636765,0.03175060500957497,54.68934263378334,0.017897461795252957,6.057550369587746,1544.7669846670967,0.032102890270933965,577722.2051067352,13531.47786479139
2026-01-10,6,14179,14119,1287262268.0,414510,1353528203.0,49984,91175465.0,14874894731.0,16736864481.0,0.048641737781225755,6091.741519148036,6077.0,6089.0,6103.0,16.0,32.0,64.0,97551.0,126160.60000000003,1205822.8199999994,0.004161567952695803,0.004408795361502695,0.006347351655876068,Current (v6),8388608.0,6.0,1227.628963470459,1290.825083732605,0.01421921266442889,4.864173778122575,1.3333333333333333,0.006129486403018767,0.5496605,0.05141785867625445,0.02826236590891936,0.0009420788636306454,0.01918851735701633,0.020328454870699886,0.029266917855075854,50.1155516796325,0.017653079804915026,5.981500030384578,1523.6356070382255,0.031799416690981665,578949.8340702057,13581.593416471022
2026-01-11,6,14187,14131,1272102783.0,409546,1337773053.0,50097,92585002.0,14771284055.0,16638338682.0,0.04804857968562769,6088.337633044336,6075.0,6086.0,6100.0,16.0,32.0,128.0,97608.0,123174.0,1193108.9000000001,0.004187591036550533,0.004408795361502695,0.006847207964098953,Current (v6),8388608.0,6.0,1213.1717519760132,1275.799801826477,0.014050758608948218,4.804857968562769,1.3333333333333333,0.006267904784395537,0.5524131250000001,0.052578996217618676,0.029045327609937915,0.0009681775869979305,0.019405201217455866,0.02043025700690662,0.031729805313213545,51.145170282951256,0.017345204195890834,5.882446950650947,1497.0625983646937,0.031013290670809275,580163.0058221817,13632.738586753972
2026-01-12,6,14182,14135,1260132281.0,394032,1328138839.0,49742,111656071.0,14810902135.0,17010415590.0,0.04771838950782682,6091.00183330983,6073.0,6085.0,6098.0,16.0,32.0,128.0,97171.0,121937.20000000004,1234603.2199999997,0.004174847709094635,0.004408795361502695,0.008698171754737145,Current (v6),8388608.0,6.0,1201.7557916641235,1266.6118993759155,0.013925736080839028,4.771838950782683,1.3333333333333333,0.007538775827580607,0.544338125,0.0632398352174493,0.03442385332757532,0.001147461777585844,0.019063353054889723,0.020131613984384712,0.0397179324006008,60.77865633300687,0.014982936608373498,5.1133450487526035,1293.0640102113996,0.03162700600412265,581364.7616138458,13693.517243086979
2026-01-13,6,14195,14130,1243121820.0,394196,1314312836.0,50738,130252169.0,14713955938.0,16745576823.0,0.04717917576611483,6083.788798872843,6072.0,6083.0,6096.0,16.0,32.0,128.0,97159.0,121526.40000000002,1213147.8099999924,0.004174756396583627,0.004457615688779452,0.013719657840636064,Current (v6),8388608.0,6.0,1185.5333518981934,1253.4263954162598,0.01372968467024748,4.717917576611483,1.3333333333333333,0.008852287552636546,0.5665294166666667,0.07425837018234735,0.04206955114202264,0.0014023183714007546,0.01984008389777756,0.021184342473684795,0.06520120858543335,73.79168532313808,0.014638881854852168,5.003773731705885,1263.4070355551582,0.032510782918592204,582550.294965744,13767.308928410117
2026-01-14,6,14192,14108,1241337471.0,388945,1308183500.0,48998,115198795.0,14522114130.0,16427000981.0,0.046968566798196165,6087.724281285231,6071.0,6082.0,6095.0,16.0,32.0,128.0,96965.0,122149.1,1188653.77,0.004159895222389012,0.004408795361502695,0.009815196894298023,Current (v6),8388608.0,6.0,1183.8316640853882,1247.5810050964355,0.013715130163106609,4.696856679819616,1.3333333333333333,0.00793264630540402,0.60299225,0.0665438602586826,0.0401254320210686,0.0013375144007022866,0.02104185495413148,0.022300857968703923,0.04964787292826366,69.46398059433875,0.014255888236036114,4.87774069242493,1230.6768217086792,0.03369800760269096,583734.1266298294,13836.772909004456
2026-01-15,6,14202,14118,1261749189.0,391589,1328034437.0,48744,99235457.0,14602078407.0,16506962430.0,0.04764837346852556,6080.777073651599,6070.0,6080.0,6093.0,16.0,32.0,128.0,97074.5,117833.5,1200473.1,0.004167349510014534,0.004408795361502695,0.007661803210451105,Current (v6),8388608.0,6.0,1203.2977952957153,1266.512333869934,0.013935419067363048,4.7648373468525556,1.3333333333333333,0.006795981656448861,0.5748390833333333,0.05700882609114016,0.03277090133214043,0.0010923633777380143,0.020095374960236653,0.021259650936270948,0.03694597921666114,57.04441913604442,0.013958256343148038,4.77830905989111,1204.9491039003644,0.03404218333540817,584937.4244251251,13893.8173281405
2026-01-16,6,14191,14092,1361914292.0,859927,1479773611.0,51588,107047671.0,16578701747.0,18504612546.0,0.053133979282643934,6086.452117539286,6069.0,6081.0,6096.0,16.0,32.0,128.0,97185.5,152523.1,1234145.9400000006,0.0041577500589202575,0.004381117680130123,0.007416258301227874,Current (v6),8388608.0,6.0,1298.822681427002,1411.222086906433,0.015050878874361805,5.3133979282643935,1.3333333333333333,0.006456939308855762,0.558284875,0.05416473274178192,0.030239351048154128,0.0010079783682718042,0.01947171215156635,0.020517794759357375,0.0347320653807351,59.76309562327612,0.014089545732756472,4.8476971755737255,1216.2917142595563,0.03384811176997406,586236.2471065521,13953.580423763777
2026-01-17,6,14186,14157,1495485264.0,1177457,1643801666.0,53963,108814190.0,18535074238.0,20465406962.0,0.05904539687015368,6087.972578598618,6073.0,6087.0,6104.0,16.0,32.0,128.0,97721.0,155363.8,1218715.96,0.004151948397815613,0.00430949372534592,0.006604713051738028,Current (v6),8388608.0,6.0,1426.2058868408203,1567.6514301300049,0.016516535967936005,5.904539687015368,1.3333333333333333,0.0058707177863314254,0.5839070000000001,0.04924715018816209,0.028755755724919164,0.0009585251908306388,0.02033693634329216,0.021108619656806514,0.03235098706177905,63.537367240330006,0.014417734776114632,4.996320876844123,1244.659846169608,0.0339185960294026,587662.452993393,14017.117791004106
2026-01-18,6,14198,14168,1501337917.0,1172103,1647890602.0,53319,106502326.0,18528526493.0,20365770768.0,0.059141604451331174,6084.031976334695,6070.0,6082.0,6099.0,16.0,32.0,64.0,97685.5,155066.80000000002,1270906.9599999997,0.0041531078344865125,0.004307481533892462,0.00639559948589696,Current (v6),8388608.0,6.0,1431.7874116897583,1571.5509433746338,0.016580779815472967,5.914160445133118,1.3333333333333333,0.005748019198409336,0.5674973333333333,0.04821787983193014,0.02736351822360747,0.000912117274120249,0.019770922467521948,0.020505820419517196,0.03044633238727976,60.439785998797326,0.014779166377046737,5.154792659211316,1275.890654700143,0.033678337545641104,589094.2404050827,14077.557577002903
2026-01-19,6,14169,14118,1501613911.0,1170280,1650430429.0,53679,127016825.0,18517085862.0,20361036081.0,0.05935500741054414,6095.549015456278,6069.0,6080.0,6092.0,16.0,32.0,128.0,97985.5,160641.7,1219187.01,0.004135988488203187,0.004309033762546892,0.007400149186279414,Current (v6),8388608.0,6.0,1432.0506200790405,1573.973111152649,0.016623236746444243,5.9355007410544145,1.3333333333333333,0.006859439219896835,0.49610862499999997,0.05754114671554035,0.028546659177969988,0.0009515553059323329,0.017212581080136673,0.017932736811631347,0.030796910638713627,63.01414240261562,0.01516452361499034,5.321030057821565,1308.789915902274,0.032838738381411776,590526.2910251617,14140.571719405518
2026-01-20,6,14190,14170,1437816431.0,1174593,1587240588.0,53348,111235466.0,17943216397.0,19790548576.0,0.056997329105003526,6086.810993657506,6072.0,6084.0,6101.0,16.0,32.0,128.0,97493.0,154785.3,1263024.6799999992,0.0041552967354100195,0.00431047023311634,0.006401623453195769,Current (v6),8388608.0,6.0,1371.2086019515991,1513.7105827331543,0.01588297777499317,5.6997329105003525,1.3333333333333333,0.006199304714320779,0.4798282916666667,0.052003537120989,0.02495276837738824,0.0008317589459129413,0.016725449345711667,0.017350036863991,0.02576711980261997,53.373923623525585,0.015472136915668294,5.46128939123426,1335.314951624189,0.030393483700749714,591897.4996271133,14193.945643029043
2026-01-21,6,14188,14160,1444128603.0,1169268,1592656216.0,52660,108553574.0,17925028523.0,19712575702.0,0.05720016915703412,6088.278827177897,6072.0,6085.0,6102.0,16.0,32.0,128.0,97458.0,154775.7,1269755.7999999993,0.0041343100895495635,0.0043097897163628714,0.00640649712996037,Current (v6),8388608.0,6.0,1377.2283582687378,1518.8753280639648,0.01595233253776483,5.720016915703412,1.3333333333333333,0.006055977755388925,0.4731883333333333,0.050801223446677576,0.024038546254027616,0.0008012848751342539,0.016410695073589766,0.01710724240189486,0.025429894858482224,51.36628475843666,0.015791737254905184,5.607455139217659,1362.943050793239,0.028095357162601007,593274.7279853821,14245.31192778748
2026-01-22,6,14191,14163,1478685331.0,1191892,1628521726.0,54219,104079989.0,18329706204.0,20145388791.0,0.05847590726516806,6087.122612923684,6074.0,6086.0,6101.0,16.0,32.0,128.0,98162.0,157619.6,1272516.7799999958,0.004149388198063988,0.004310599565212252,0.005929525442380313,Current (v6),8388608.0,6.0,1410.1842222213745,1553.0793437957764,0.01632792147982799,5.847590726516806,1.3333333333333333,0.00567821370629973,0.46834029166666663,0.04763230892237557,0.022308129453462142,0.0007436043151154047,0.016301797336789655,0.016935152161692266,0.023295463680675182,48.744852404923456,0.016133523313828748,5.76213419345541,1392.4982546397619,0.026600675465646963,594684.9122076035,14294.056780192403
2026-01-23,6,14183,14144,1611036611.0,1175755,1762507835.0,54626,120511412.0,19542961765.0,21402282169.0,0.06332311217654939,6090.88211238807,6075.0,6089.0,6105.0,16.0,32.0,256.0,98164.5,157290.0,1296483.779999998,0.004147917321523117,0.004323528403380147,0.006469260582124673,Current (v6),8388608.0,6.0,1536.4042387008667,1680.8584547042847,0.0177906337747681,6.332311217654938,1.3333333333333333,0.006166486607768277,0.4603973333333333,0.05172823888981783,0.023815543242901756,0.0007938514414300586,0.016019641429897865,0.016697867716586007,0.024984884415235806,55.48313272103467,0.016524916871029645,5.907693234796916,1426.4384771074567,0.025682988636325198,596221.3164463043,14349.539912913437
2026-01-24,6,14179,14121,1507899885.0,1177426,1655772651.0,54261,107159239.0,18635180030.0,20433841038.0,0.05950436561111503,6090.97700825164,6076.0,6090.0,6107.0,16.0,32.0,128.0,98006.0,157894.0,1326334.999999999,0.0041487679114369765,0.0043120491730673175,0.006312604879058065,Current (v6),8388608.0,6.0,1438.045392036438,1579.0678510665894,0.016653660221584408,5.950436561111503,1.3333333333333333,0.005750373155906667,0.45694595833333335,0.04823762625862392,0.022041988358472073,0.0007347329452824025,0.01590281039621989,0.016528690416600086,0.024197101559036677,48.96598115912571,0.016544506050122275,5.914249931096363,1428.129834992545,0.02472387901254704,597659.3618383408,14398.505894072563
2026-01-25,6,14184,14125,1457257294.0,1150652,1601627244.0,51992,112502989.0,18018546410.0,19786963969.0,0.05753773265651438,6089.951283135928,6074.0,6089.0,6106.0,16.0,32.0,128.0,97611.0,155077.6,1268586.8000000003,0.004132408847118897,0.00430636644388852,0.006517471464782448,Current (v6),8388608.0,6.0,1389.7488536834717,1527.4307670593262,0.01609131838162888,5.7537732656514375,1.3333333333333333,0.006243732787321993,0.444838625,0.05237622680959157,0.02329896871666685,0.0007766322905555617,0.015420401181966093,0.01606953732267214,0.024320445627985538,50.045674935150124,0.01647458298814455,5.891337476884695,1422.1243267059326,0.024143229082984097,599049.1106920242,14448.551569007714
2026-01-26,6,14182,14108,1459211774.0,1149884,1603273385.0,51417,107649340.0,18002033375.0,19719994055.0,0.05760534480327175,6090.012480609223,6072.0,6085.0,6100.0,16.0,32.0,128.0,97843.0,155310.9,1262515.4200000004,0.004131745986737906,0.004304086784913769,0.0063035254951306135,Current (v6),8388608.0,6.0,1391.6127910614014,1529.0006494522095,0.016125765808214322,5.760534480327175,1.3333333333333333,0.005979843374221052,0.4426882083333334,0.05016256196773771,0.022206374682907617,0.0007402124894302539,0.015343395091523363,0.015983389167947327,0.023408380488956382,47.655093452865835,0.01640351571125456,5.866342296780803,1416.347493989127,0.023237474155118044,600440.7234830856,14496.20666246058
2026-01-27,6,14182,14135,1487253279.0,1163130,1633018510.0,52620,115501190.0,18346413830.0,20097386064.0,0.058674192638555916,6090.421661260753,6073.0,6087.0,6103.0,16.0,32.0,128.0,98019.0,157879.2,1263225.4999999998,0.0041348178085261296,0.0043049282497072735,0.0062324553669633005,Current (v6),8388608.0,6.0,1418.3552541732788,1557.367811203003,0.01643025254958184,5.8674192638555915,1.3333333333333333,0.006295573133269936,0.4436575833333333,0.052811095150333255,0.02343004284758357,0.0007810014282527857,0.01538842554441102,0.016021520393970076,0.023195139378478745,51.24297882752416,0.016481697821910085,5.890297490117265,1423.0827300207955,0.02301994193657452,601859.0787372589,14547.449641288104
2026-01-28,6,14146,14128,1537149943.0,1341852,1806226499.0,58821,211346929.0,33481004120.0,38047918239.0,0.06506337480559875,6105.341085819313,6071.0,6084.0,6100.0,16.0,32.0,128.0,99871.0,158463.6,1288652.1399999969,0.004166338747703142,0.004318149368240371,0.006363659741009864,Current (v6),8388608.0,6.0,1465.9404211044312,1722.5518217086792,0.0170330907739411,6.506337480559875,1.3333333333333333,0.006312442967436306,0.4543460833333333,0.052952609576179935,0.024058810763216514,0.0008019603587738838,0.015879296814804496,0.016457897367743033,0.02425401484975881,96.02464941567807,0.01663609185564955,6.002628999382475,1435.755881854466,0.023022836866458646,603325.0191583633,14643.474290703782
2026-01-29,6,14069,14032,1580856012.0,1496341,2075588596.0,62292,381037649.0,62404826345.0,72336176155.0,0.075174987561305,6138.908095813491,6070.0,6082.0,6097.0,32.0,32.0,128.0,105431.0,157543.8,1295540.4800000035,0.00417182364068896,0.004332620929925879,0.006521196434846537,Current (v6),8388608.0,6.0,1507.6217765808105,1979.4355354309082,0.01761906089074929,7.5174987561305,1.3333333333333333,0.0061059003176046735,0.43104875,0.05122000425146111,0.022078318807586997,0.0007359439602528998,0.015084892899838947,0.015666319656009967,0.023579987619569153,164.24580230438875,0.016820540342924024,6.241187289327288,1449.6755324772425,0.022990006774190767,604832.6409349442,14807.72009300817
2026-01-30,6,14201,14189,1609448299.0,1506144,1795971655.0,61974,123074811.0,20546382619.0,22571027909.0,0.06444414477853672,6081.832758256461,6069.0,6081.0,6095.0,32.0,32.0,64.0,108817.0,158068.0,1292074.0399999998,0.00417163797511505,0.0043233699731576114,0.005997328215250057,Current (v6),8388608.0,6.0,1534.8895063400269,1712.7720403671265,0.01777391856812392,6.444414477853671,1.3333333333333333,0.0059900963241182985,0.40790062499999996,0.05024856994526935,0.02049642308603158,0.0006832141028677194,0.014274170609818986,0.014793354786381793,0.02052116858131716,50.20229232865687,0.016818152456260567,6.25720204078425,1449.4591421399798,0.022515846751780744,606367.5304412842,14857.922385336828
2026-01-31,6,14198,14185,1630207605.0,1500797,1815980554.0,62101,145712742.0,20828852493.0,22885322878.0,0.06517517255951542,6081.803493449782,6068.0,6080.0,6095.0,32.0,32.0,128.0,108243.0,163085.4,1313036.3599999999,0.004159783989462618,0.00432067168291961,0.007468751994837825,Current (v6),8388608.0,6.0,1554.687123298645,1731.8540134429932,0.01800993935509177,6.517517255951542,1.3333333333333333,0.006995716257003117,0.38364504166666663,0.0586843213592264,0.02251394891304047,0.0007504649637680156,0.013387215945800088,0.013904992421883089,0.024036295166719904,55.90197097595424,0.017011906618190194,6.338213568618542,1466.1222466060094,0.02258326968814766,607922.2175645828,14913.824356312782
2026-02-01,6,14199,14188,1609775428.0,1493194,1794188237.0,63693,175657560.0,20935551418.0,25144800890.0,0.06438880202831186,6083.253257271639,6069.0,6081.0,6095.0,16.0,32.0,128.0,105809.0,160333.7,1290062.8599999964,0.004168290555462762,0.004386728282774616,0.02102717558668781,Current (v6),8388608.0,6.0,1535.2014808654785,1711.0712404251099,0.0177800352663912,6.438880202831186,1.3333333333333333,0.008390395671593005,0.3708113333333333,0.07038374025389045,0.026099088568532124,0.0008699696189510708,0.012965846742450934,0.013645317153020803,0.06540694139622714,65.13581403367999,0.01725315188744195,6.436085988215649,1486.901193346296,0.022983286809842695,609457.4190454483,14978.960170346461
2026-02-02,6,14160,14123,1622087194.0,1488243,1803525863.0,59892,124441252.0,20556932773.0,22527903535.0,0.06490175847457627,6100.272528248587,6070.0,6082.0,6097.0,16.0,32.0,128.0,108507.0,161301.80000000002,1308922.5600000012,0.004160365204537635,0.004309817092346879,0.006348573242949712,Current (v6),8388608.0,6.0,1546.9428958892822,1719.976294517517,0.017962410334297584,6.490175847457627,1.3333333333333333,0.006053493163311032,0.36839941666666665,0.05078038117769623,0.01870746280397427,0.000623582093465809,0.012857019115268417,0.013318878996290556,0.019619365975434205,45.84408464606967,0.01751552967688242,6.540320469234284,1509.0912083217077,0.02248344225570936,611004.3619413376,15024.80425499253
2026-02-03,6,14177,14143,1613367119.0,1494844,1796938240.0,62076,132049787.0,20566682061.0,22626777096.0,0.06458737391549693,6092.875502574592,6071.0,6084.0,6099.0,16.0,32.0,128.0,102454.0,167313.80000000002,1303868.779999999,0.004162985114631364,0.004334883914664969,0.006461690468443655,Current (v6),8388608.0,6.0,1538.626784324646,1713.69384765625,0.017838557951773224,6.458737391549693,1.3333333333333333,0.0064205683059788314,0.3718740833333333,0.05385963065608047,0.020029000778901823,0.0006676333592967274,0.012986456670177383,0.013522695992880215,0.020157281607761025,49.10589349498692,0.01771671616290976,6.6247944874763,1526.2728554861885,0.021997579103040538,612542.9887256622,15073.910148487517
2026-02-04,6,14193,14180,1571276284.0,1494077,1754172066.0,60371,118437658.0,20022487919.0,22053435143.0,0.06297860917353625,6085.268371732544,6070.0,6082.0,6097.0,16.0,32.0,128.0,100281.5,177161.2,873090.1799999975,0.004173792157197649,0.004310599565212252,0.005900138991795596,Current (v6),8388608.0,6.0,1498.4858360290527,1672.9088459014893,0.01735929260844242,6.297860917353624,1.3333333333333333,0.005915231837278853,0.36911508333333337,0.04962056111205208,0.018315697549921867,0.0006105232516640623,0.012923570350310228,0.013347175574368009,0.018268964640605127,43.717126002474835,0.017763316424981374,6.595012121303978,1530.9222004754204,0.021177134358284163,614041.4745616913,15117.627274489992
2026-02-05,6,14193,14183,1774466078.0,1487507,1962388685.0,60344,160575276.0,21889693704.0,24046768941.0,0.07045444937645319,6085.018953005003,6071.0,6083.0,6100.0,16.0,32.0,128.0,100366.0,179499.00000000003,1584159.0600000012,0.004172102213054906,0.004347403945306746,0.009442426281256393,Current (v6),8388608.0,6.0,1692.2627239227295,1871.4796876907349,0.01960088898612211,7.045444937645319,1.3333333333333333,0.007335656595809624,0.3443790416666667,0.06153594760486138,0.021191690664212375,0.0007063896888070792,0.012052622469955922,0.012559044769618052,0.027277854989329674,55.29875966424051,0.01804643472432035,6.527575861520381,1557.299478667123,0.02105047319494493,615733.737285614,15172.926034154232
2026-02-06,6,14197,14194,1662121367.0,1494442,1851029950.0,60732,199575184.0,20976997067.0,23271190461.0,0.06643789532999929,6084.2349792209625,6072.0,6082.0,6095.0,16.0,32.0,128.0,101813.0,169887.80000000002,1380648.3199999977,0.004160159364729815,0.004319285777744155,0.00786447300181146,Current (v6),8388608.0,6.0,1585.1224584579468,1765.2797222137451,0.018357765633173966,6.643789532999929,1.3333333333333333,0.009514001616273382,0.32535145833333334,0.07980923007028383,0.025966049391827364,0.0008655349797275787,0.01135409766566341,0.01178839276740138,0.02146408027264111,64.93207716154333,0.018129841447898927,6.55605801225556,1564.4756146839686,0.021831848381487187,617318.859744072,15237.858111315776
2026-02-07,6,14196,14192,1620844143.0,1496413,1809605965.0,61081,114672643.0,20559701903.0,22600338578.0,0.06495605100028176,6084.236263736264,6072.0,6083.0,6097.0,16.0,32.0,128.0,101376.0,160628.1,1347530.0400000005,0.0041576437382904695,0.004309328263464505,0.005829669949803806,Current (v6),8388608.0,6.0,1545.7574300765991,1725.7747316360474,0.017900185663974354,6.495605100028176,1.3333333333333333,0.005577544049083094,0.33910579166666666,0.046787830630490836,0.01586602434631851,0.0005288674782106171,0.011826939634099257,0.012258425310983626,0.016583228127045244,38.886157387024035,0.01811416234916787,6.552927704266508,1563.1999442236763,0.020882144871955475,618864.6171741486,15276.7442687028
2026-02-08,6,12003,11991,1351454246.0,1278099,1593427724.0,53236,155948408.0,28082202438.0,31831038960.0,0.06764663000916438,7196.484212280263,6071.0,6082.0,6096.0,16.0,32.0,128.0,99494.0,160901.0,1189244.9000000004,0.004158141679060866,0.004320361219582618,0.005916545971324427,Current (v6),8388608.0,6.0,1288.847204208374,1519.6110954284668,0.01765489796311711,6.764663000916437,1.3333333333333333,0.005553282665214865,0.33637045833333334,0.04658431139168274,0.015669586173963045,0.0005223195391321015,0.011732944870918187,0.012190676490673206,0.01669459894966375,52.45643747531367,0.018096285591557286,6.5994681039929715,1528.0064761298042,0.01939221595844561,620153.4643783569,15329.200706178113
2026-02-09,6,13501,13453,1513818952.0,1423572,1692242004.0,56474,108058304.0,19263745439.0,21154042361.0,0.0638701725798089,6397.301903562699,6071.0,6081.0,6094.0,16.0,32.0,128.0,98875.0,162543.6,1242088.119999991,0.004156754678461013,0.0043084492021106075,0.005902725988905001,Current (v6),8388608.0,6.0,1443.6902542114258,1613.8477363586426,0.01758462389974226,6.38701725798089,1.3333333333333333,0.0056094129951090865,0.329138,0.04705516672607604,0.015487643465887215,0.0005162547821962405,0.011476839821082004,0.011895669866233067,0.016297483475133098,35.566094061952,0.018042316100906525,6.584731162639153,1513.2560987472534,0.018932241767290314,621597.1546325684,15364.766800240066
2026-02-10,6,14087,14006,1671571424.0,1489758,1858721056.0,59130,116529976.0,20861275294.0,22912996952.0,0.06723568538368709,6131.183928444665,6071.0,6082.0,6094.0,32.0,32.0,128.0,109210.0,158701.0,1254312.9500000116,0.004150926036795612,0.004307005646145752,0.00574508732100006,Current (v6),8388608.0,6.0,1594.1347351074219,1772.6145324707031,0.01860630323030439,6.723568538368709,1.3333333333333333,0.005585946897192603,0.32057145833333334,0.046858318829365045,0.015021439602177845,0.0005007146534059282,0.011162455695053274,0.011582176911193544,0.015449391802312461,37.356184345868336,0.018151993997839545,6.6225641836132985,1521.1858060019356,0.018216875884901174,623191.2893676758,15402.122984585934
2026-02-11,6,14191,14187,1735427334.0,1486469,1924836257.0,58648,122801233.0,21111746563.0,23175489579.0,0.06911640476358255,6087.0011274751605,6073.0,6085.0,6100.0,16.0,32.0,128.0,102203.0,184300.2,1148202.779999985,0.00415772075111611,0.004310005136134746,0.005985558336558464,Current (v6),8388608.0,6.0,1655.032476425171,1835.66690158844,0.019166064160645882,6.911640476358255,1.3333333333333333,0.005816725425039861,0.3080403333333333,0.04879422943429278,0.01503059069968269,0.000501019689989423,0.010743673508222243,0.01113718086741693,0.015466859941264515,37.82773274706433,0.018410104219582897,6.7102469777568166,1543.5496117728096,0.017747574906295575,624846.321844101,15439.950717332998
2026-02-12,6,14195,14182,1768300004.0,1497304,1958690473.0,60228,134539059.0,21300499290.0,23408253072.0,0.07031210285311729,6084.545332863684,6071.0,6083.0,6097.0,16.0,32.0,128.0,103412.5,194808.4,1435422.4200000016,0.004171753882847327,0.004326671481283354,0.006143146162252024,Current (v6),8388608.0,6.0,1686.3822975158691,1867.9527978897095,0.019530025993202627,7.031210285311729,1.3333333333333333,0.006316239688482908,0.3191065416666667,0.05298445878072523,0.01690768740359728,0.0005635895801199094,0.01116719979840845,0.01158189247266659,0.01644434032092805,42.93229383657763,0.018399980934880118,6.7082134559948745,1542.709550857544,0.017135574440493424,626532.7041416168,15482.883011169575
2026-02-13,6,14197,14186,1688303171.0,1484014,1874214813.0,58075,118878665.0,20461493877.0,22432723951.0,0.06726983165457491,6084.473550750158,6071.0,6083.0,6098.0,16.0,32.0,128.0,100353.5,189053.0,1107138.2999999989,0.004149544753349304,0.004308512606505728,0.005705601729973536,Current (v6),8388608.0,6.0,1610.0913724899292,1787.3905305862427,0.018643872492944465,6.726983165457491,1.3333333333333333,0.005809872227053131,0.32450008333333336,0.048736740642835716,0.015815076399995246,0.0005271692133331749,0.011295492350733674,0.011728219378895404,0.015531241263328959,38.57613669905542,0.018440853343418755,6.72009826063167,1546.2765385763985,0.01568543544166026,628142.7955141068,15521.45914786863
2026-02-14,6,7442,7432,878959522.0,777349,977316537.0,31620,97266455.0,10754631730.0,11932857125.0,0.06691843590432679,6084.093523246439,6071.0,6081.0,6092.0,16.0,32.0,128.0,99142.5,189656.5000000001,1124691.5699999984,0.004161289937401421,0.004326039471078242,0.015033186726556515,Current (v6),8388608.0,6.0,838.2411212921143,932.0416803359985,0.018522700006335553,6.691843590432679,1.3333333333333333,0.009044145577637552,0.3426395625,0.075867791945735,0.02599530704012766,0.000866510234670922,0.011960666563485368,0.012434201036795507,0.04320942220508665,33.32733558712594,0.018529783963756073,6.748132330689456,1445.202780178615,0.01713247582649014,628981.0366353989,15554.786483455757
