ct_block,timestamp,who,old_core,core,begin,price,duration,workload
329458,1729508466,0xea05f87e141ce5a6f38702929411405799a18e69128fafd24e849444072e5d6d,60,52,292605,1000000000000,5040,[{"assignment":{"Task":2056},"mask":"0xffffffffffffffffffff"}]
627369,1733133228,0xea05f87e141ce5a6f38702929411405799a18e69128fafd24e849444072e5d6d,52,54,297645,1030000000000,5040,[{"assignment":{"Task":2056},"mask":"0xffffffffffffffffffff"}]
728412,1734367518,0x4e5d80a091a712b727ecbb00882bb28d4d64a6e7f6c87654b3243c489623f510,46,46,302685,151107194246,5040,[{"assignment":{"Task":2094},"mask":"0xffffffffffffffffffff"}]
730717,1734396006,0xea05f87e141ce5a6f38702929411405799a18e69128fafd24e849444072e5d6d,54,47,302685,81395509230,5040,[{"assignment":{"Task":2056},"mask":"0xffffffffffffffffffff"}]
832742,1735634172,0x24d6d7cd9a0500be768efc7b5508e7861cbde7cfc06819e4dfd9120b97d46d3e,51,54,302685,151107194246,5040,[{"assignment":{"Task":2101},"mask":"0xffffffffffffffffffff"}]
900371,1736454600,0x24d6d7cd9a0500be768efc7b5508e7861cbde7cfc06819e4dfd9120b97d46d3e,54,46,307725,6495450669,5040,[{"assignment":{"Task":2101},"mask":"0xffffffffffffffffffff"}]
900896,1736460954,0x6812a4741a7552fdaf6e47d4de51a70f1de7dcc1b5144ce53b7f6dcea8a29b46,49,47,307725,14370024330,5040,[{"assignment":{"Task":3403},"mask":"0xffffffffffffffffffff"}]
900901,1736461014,0x6812a4741a7552fdaf6e47d4de51a70f1de7dcc1b5144ce53b7f6dcea8a29b46,50,48,307725,14368675163,5040,[{"assignment":{"Task":3404},"mask":"0xffffffffffffffffffff"}]
900902,1736461026,0x6812a4741a7552fdaf6e47d4de51a70f1de7dcc1b5144ce53b7f6dcea8a29b46,51,49,307725,14367595814,5040,[{"assignment":{"Task":3405},"mask":"0xffffffffffffffffffff"}]
900905,1736461062,0x6812a4741a7552fdaf6e47d4de51a70f1de7dcc1b5144ce53b7f6dcea8a29b46,52,50,307725,14365976830,5040,[{"assignment":{"Task":3406},"mask":"0xffffffffffffffffffff"}]
900921,1736461254,0x6812a4741a7552fdaf6e47d4de51a70f1de7dcc1b5144ce53b7f6dcea8a29b46,53,51,307725,14364897480,5040,[{"assignment":{"Task":3407},"mask":"0xffffffffffffffffffff"}]
924619,1736748546,0x4e5d80a091a712b727ecbb00882bb28d4d64a6e7f6c87654b3243c489623f510,46,52,307725,151107194200,5040,[{"assignment":{"Task":2094},"mask":"0xffffffffffffffffffff"}]
926341,1736769582,0xea05f87e141ce5a6f38702929411405799a18e69128fafd24e849444072e5d6d,47,53,307725,83837374507,5040,[{"assignment":{"Task":2056},"mask":"0xffffffffffffffffffff"}]
1099803,1738875618,0x6812a4741a7552fdaf6e47d4de51a70f1de7dcc1b5144ce53b7f6dcea8a29b46,47,46,312765,14801125060,5040,[{"assignment":{"Task":3403},"mask":"0xffffffffffffffffffff"}]
1099916,1738876974,0x6812a4741a7552fdaf6e47d4de51a70f1de7dcc1b5144ce53b7f6dcea8a29b46,48,47,312765,14799735418,5040,[{"assignment":{"Task":3404},"mask":"0xffffffffffffffffffff"}]
1099917,1738876986,0x6812a4741a7552fdaf6e47d4de51a70f1de7dcc1b5144ce53b7f6dcea8a29b46,49,48,312765,14798623688,5040,[{"assignment":{"Task":3405},"mask":"0xffffffffffffffffffff"}]
1099927,1738877106,0x6812a4741a7552fdaf6e47d4de51a70f1de7dcc1b5144ce53b7f6dcea8a29b46,50,49,312765,14796956135,5040,[{"assignment":{"Task":3406},"mask":"0xffffffffffffffffffff"}]
1099928,1738877118,0x6812a4741a7552fdaf6e47d4de51a70f1de7dcc1b5144ce53b7f6dcea8a29b46,51,50,312765,14795844404,5040,[{"assignment":{"Task":3407},"mask":"0xffffffffffffffffffff"}]
1101502,1738896126,0x7232c82a96e3f7acf5fd434ffe60468d46fbf42dd4c70a6acd02566048cb4545,54,51,312765,14793124466,5040,[{"assignment":{"Task":3408},"mask":"0xffffffffffffffffffff"}]
1103847,1738924632,0xea05f87e141ce5a6f38702929411405799a18e69128fafd24e849444072e5d6d,53,52,312765,15110719400,5040,[{"assignment":{"Task":2056},"mask":"0xffffffffffffffffffff"}]
1104502,1738932690,0x4e5d80a091a712b727ecbb00882bb28d4d64a6e7f6c87654b3243c489623f510,52,53,312765,15110719400,5040,[{"assignment":{"Task":2094},"mask":"0xffffffffffffffffffff"}]
1112493,1739029380,0x24d6d7cd9a0500be768efc7b5508e7861cbde7cfc06819e4dfd9120b97d46d3e,46,54,312765,6690314189,5040,[{"assignment":{"Task":2101},"mask":"0xffffffffffffffffffff"}]
1299687,1741301052,0x6812a4741a7552fdaf6e47d4de51a70f1de7dcc1b5144ce53b7f6dcea8a29b46,46,44,317805,15245158812,5040,[{"assignment":{"Task":3403},"mask":"0xffffffffffffffffffff"}]
1299777,1741302162,0x6812a4741a7552fdaf6e47d4de51a70f1de7dcc1b5144ce53b7f6dcea8a29b46,47,45,317805,15243727481,5040,[{"assignment":{"Task":3404},"mask":"0xffffffffffffffffffff"}]
1299783,1741302240,0x6812a4741a7552fdaf6e47d4de51a70f1de7dcc1b5144ce53b7f6dcea8a29b46,48,46,317805,15242582399,5040,[{"assignment":{"Task":3405},"mask":"0xffffffffffffffffffff"}]
1299786,1741302276,0x6812a4741a7552fdaf6e47d4de51a70f1de7dcc1b5144ce53b7f6dcea8a29b46,49,47,317805,15240864819,5040,[{"assignment":{"Task":3406},"mask":"0xffffffffffffffffffff"}]
1299790,1741302324,0x6812a4741a7552fdaf6e47d4de51a70f1de7dcc1b5144ce53b7f6dcea8a29b46,50,48,317805,15239719736,5040,[{"assignment":{"Task":3407},"mask":"0xffffffffffffffffffff"}]
1300001,1741304886,0x24d6d7cd9a0500be768efc7b5508e7861cbde7cfc06819e4dfd9120b97d46d3e,54,49,317805,6891023615,5040,[{"assignment":{"Task":2101},"mask":"0xffffffffffffffffffff"}]
1300407,1741309818,0xdadfe3e4445cab0c4056a90021c935f8fef82c8b1edf1433624570e961b5953f,16,50,317805,9612576216,5040,[{"assignment":{"Task":2000},"mask":"0xffffffffffffffffffff"}]
1323517,1741590264,0x4e5d80a091a712b727ecbb00882bb28d4d64a6e7f6c87654b3243c489623f510,53,51,317805,15564040982,5040,[{"assignment":{"Task":2094},"mask":"0xffffffffffffffffffff"}]
1333458,1741711098,0xea05f87e141ce5a6f38702929411405799a18e69128fafd24e849444072e5d6d,52,52,317805,15564040982,5040,[{"assignment":{"Task":2056},"mask":"0xffffffffffffffffffff"}]
1346393,1741875228,0x3e00e472849a0fc27c35f5d8f4a3f962163d90cda7f2605e26c1f0fa0f6a2c05,13,53,317805,9612576216,5040,[{"assignment":{"Task":3369},"mask":"0xffffffffffffffffffff"}]
1494672,1743731676,0x6812a4741a7552fdaf6e47d4de51a70f1de7dcc1b5144ce53b7f6dcea8a29b46,44,44,322845,15702513576,5040,[{"assignment":{"Task":3403},"mask":"0xffffffffffffffffffff"}]
1494687,1743731862,0x6812a4741a7552fdaf6e47d4de51a70f1de7dcc1b5144ce53b7f6dcea8a29b46,45,45,322845,15701039305,5040,[{"assignment":{"Task":3404},"mask":"0xffffffffffffffffffff"}]
1494707,1743732102,0x6812a4741a7552fdaf6e47d4de51a70f1de7dcc1b5144ce53b7f6dcea8a29b46,46,46,322845,15699859871,5040,[{"assignment":{"Task":3405},"mask":"0xffffffffffffffffffff"}]
1494710,1743732138,0x6812a4741a7552fdaf6e47d4de51a70f1de7dcc1b5144ce53b7f6dcea8a29b46,47,47,322845,15698090764,5040,[{"assignment":{"Task":3406},"mask":"0xffffffffffffffffffff"}]
1494714,1743732186,0xdadfe3e4445cab0c4056a90021c935f8fef82c8b1edf1433624570e961b5953f,50,48,322845,9900953502,5040,[{"assignment":{"Task":2000},"mask":"0xffffffffffffffffffff"}]
1494714,1743732186,0x6812a4741a7552fdaf6e47d4de51a70f1de7dcc1b5144ce53b7f6dcea8a29b46,48,49,322845,15696911328,5040,[{"assignment":{"Task":3407},"mask":"0xffffffffffffffffffff"}]
1501917,1743820416,0x24d6d7cd9a0500be768efc7b5508e7861cbde7cfc06819e4dfd9120b97d46d3e,49,50,322845,7097754323,5040,[{"assignment":{"Task":2101},"mask":"0xffffffffffffffffffff"}]
1516909,1744003638,0x4e5d80a091a712b727ecbb00882bb28d4d64a6e7f6c87654b3243c489623f510,51,51,322845,16030962211,5040,[{"assignment":{"Task":2094},"mask":"0xffffffffffffffffffff"}]
1532157,1744190358,0xea05f87e141ce5a6f38702929411405799a18e69128fafd24e849444072e5d6d,52,52,322845,16030962211,5040,[{"assignment":{"Task":2056},"mask":"0xffffffffffffffffffff"}]
1694765,1746175290,0x56813fe48ae17cf7f2dd336ff3e6a146fe79c9bd6c7771bb6199172a3aede534,48,46,327885,10197982107,5040,[{"assignment":{"Task":2000},"mask":"0xffffffffffffffffffff"}]
1695489,1746184248,0x4e5d80a091a712b727ecbb00882bb28d4d64a6e7f6c87654b3243c489623f510,51,47,327885,16511891077,5040,[{"assignment":{"Task":2094},"mask":"0xffffffffffffffffffff"}]
1701145,1746261714,0x24d6d7cd9a0500be768efc7b5508e7861cbde7cfc06819e4dfd9120b97d46d3e,50,48,327885,7310686953,5040,[{"assignment":{"Task":2101},"mask":"0xffffffffffffffffffff"}]
1702150,1746274188,0xea05f87e141ce5a6f38702929411405799a18e69128fafd24e849444072e5d6d,52,49,327885,16511891077,5040,[{"assignment":{"Task":2056},"mask":"0xffffffffffffffffffff"}]
1706353,1746325500,0x6812a4741a7552fdaf6e47d4de51a70f1de7dcc1b5144ce53b7f6dcea8a29b46,44,50,327885,16173588983,5040,[{"assignment":{"Task":3403},"mask":"0xffffffffffffffffffff"}]
1706368,1746325692,0x6812a4741a7552fdaf6e47d4de51a70f1de7dcc1b5144ce53b7f6dcea8a29b46,45,51,327885,16172070484,5040,[{"assignment":{"Task":3404},"mask":"0xffffffffffffffffffff"}]
1706373,1746325752,0x6812a4741a7552fdaf6e47d4de51a70f1de7dcc1b5144ce53b7f6dcea8a29b46,46,52,327885,16170855667,5040,[{"assignment":{"Task":3405},"mask":"0xffffffffffffffffffff"}]
1706379,1746325824,0x6812a4741a7552fdaf6e47d4de51a70f1de7dcc1b5144ce53b7f6dcea8a29b46,47,53,327885,16169033487,5040,[{"assignment":{"Task":3406},"mask":"0xffffffffffffffffffff"}]
1706385,1746325896,0x6812a4741a7552fdaf6e47d4de51a70f1de7dcc1b5144ce53b7f6dcea8a29b46,49,54,327885,16167818668,5040,[{"assignment":{"Task":3407},"mask":"0xffffffffffffffffffff"}]
1735696,1746703854,0xf0fa761c48cad39cb8b402299c93ca92af0f4755b9636c77f5c2e97d3e791a54,60,55,327885,92272712073,5040,[{"assignment":{"Task":3420},"mask":"0xffffffffffffffffffff"}]
1735696,1746703854,0xf0fa761c48cad39cb8b402299c93ca92af0f4755b9636c77f5c2e97d3e791a54,56,56,327885,92272712073,5040,[{"assignment":{"Task":3420},"mask":"0xffffffffffffffffffff"}]
1735696,1746703854,0xf0fa761c48cad39cb8b402299c93ca92af0f4755b9636c77f5c2e97d3e791a54,53,57,327885,92272712073,5040,[{"assignment":{"Task":3420},"mask":"0xffffffffffffffffffff"}]
1735696,1746703854,0xf0fa761c48cad39cb8b402299c93ca92af0f4755b9636c77f5c2e97d3e791a54,61,58,327885,92272712073,5040,[{"assignment":{"Task":3420},"mask":"0xffffffffffffffffffff"}]
1735696,1746703854,0xf0fa761c48cad39cb8b402299c93ca92af0f4755b9636c77f5c2e97d3e791a54,57,59,327885,92272712073,5040,[{"assignment":{"Task":3420},"mask":"0xffffffffffffffffffff"}]
1735696,1746703854,0xf0fa761c48cad39cb8b402299c93ca92af0f4755b9636c77f5c2e97d3e791a54,58,60,327885,92272712073,5040,[{"assignment":{"Task":3420},"mask":"0xffffffffffffffffffff"}]
1735696,1746703854,0xf0fa761c48cad39cb8b402299c93ca92af0f4755b9636c77f5c2e97d3e791a54,55,61,327885,92272712073,5040,[{"assignment":{"Task":3420},"mask":"0xffffffffffffffffffff"}]
1735696,1746703854,0xf0fa761c48cad39cb8b402299c93ca92af0f4755b9636c77f5c2e97d3e791a54,54,62,327885,92272712073,5040,[{"assignment":{"Task":3420},"mask":"0xffffffffffffffffffff"}]
1735696,1746703854,0xf0fa761c48cad39cb8b402299c93ca92af0f4755b9636c77f5c2e97d3e791a54,59,63,327885,92272712073,5040,[{"assignment":{"Task":3420},"mask":"0xffffffffffffffffffff"}]
1891350,1748607156,0x7369626cd0070000000000000000000000000000000000000000000000000000,46,44,332925,10503921570,5040,[{"assignment":{"Task":2000},"mask":"0xffffffffffffffffffff"}]
1891577,1748609928,0x40c4301003d5d109819d51372edf6d0477ce8e3c13f98f951b7926003e5e632f,25,45,332925,92272712073,5040,[{"assignment":{"Task":2004},"mask":"0xffffffffffffffffffff"}]
1892596,1748622324,0x4e5d80a091a712b727ecbb00882bb28d4d64a6e7f6c87654b3243c489623f510,47,46,332925,17007247809,5040,[{"assignment":{"Task":2094},"mask":"0xffffffffffffffffffff"}]
1892782,1748624592,0xea05f87e141ce5a6f38702929411405799a18e69128fafd24e849444072e5d6d,24,47,332925,92272712073,5040,[{"assignment":{"Task":3338},"mask":"0xffffffffffffffffffff"}]
1892791,1748624700,0xea05f87e141ce5a6f38702929411405799a18e69128fafd24e849444072e5d6d,49,48,332925,17007247809,5040,[{"assignment":{"Task":2056},"mask":"0xffffffffffffffffffff"}]
1894155,1748641326,0x6812a4741a7552fdaf6e47d4de51a70f1de7dcc1b5144ce53b7f6dcea8a29b46,50,49,332925,16658796652,5040,[{"assignment":{"Task":3403},"mask":"0xffffffffffffffffffff"}]
1894205,1748641926,0x6812a4741a7552fdaf6e47d4de51a70f1de7dcc1b5144ce53b7f6dcea8a29b46,51,50,332925,16657232599,5040,[{"assignment":{"Task":3404},"mask":"0xffffffffffffffffffff"}]
1894215,1748642046,0x6812a4741a7552fdaf6e47d4de51a70f1de7dcc1b5144ce53b7f6dcea8a29b46,52,51,332925,16655981337,5040,[{"assignment":{"Task":3405},"mask":"0xffffffffffffffffffff"}]
1894223,1748642142,0x6812a4741a7552fdaf6e47d4de51a70f1de7dcc1b5144ce53b7f6dcea8a29b46,53,52,332925,16654104492,5040,[{"assignment":{"Task":3406},"mask":"0xffffffffffffffffffff"}]
1894231,1748642238,0x6812a4741a7552fdaf6e47d4de51a70f1de7dcc1b5144ce53b7f6dcea8a29b46,54,53,332925,16652853228,5040,[{"assignment":{"Task":3407},"mask":"0xffffffffffffffffffff"}]
1894321,1748643336,0xf0fa761c48cad39cb8b402299c93ca92af0f4755b9636c77f5c2e97d3e791a54,55,54,332925,95040893435,5040,[{"assignment":{"Task":3420},"mask":"0xffffffffffffffffffff"}]
1894321,1748643336,0xf0fa761c48cad39cb8b402299c93ca92af0f4755b9636c77f5c2e97d3e791a54,56,55,332925,95040893435,5040,[{"assignment":{"Task":3420},"mask":"0xffffffffffffffffffff"}]
1894321,1748643336,0xf0fa761c48cad39cb8b402299c93ca92af0f4755b9636c77f5c2e97d3e791a54,57,56,332925,95040893435,5040,[{"assignment":{"Task":3420},"mask":"0xffffffffffffffffffff"}]
1894321,1748643336,0xf0fa761c48cad39cb8b402299c93ca92af0f4755b9636c77f5c2e97d3e791a54,58,57,332925,95040893435,5040,[{"assignment":{"Task":3420},"mask":"0xffffffffffffffffffff"}]
1894321,1748643336,0xf0fa761c48cad39cb8b402299c93ca92af0f4755b9636c77f5c2e97d3e791a54,59,58,332925,95040893435,5040,[{"assignment":{"Task":3420},"mask":"0xffffffffffffffffffff"}]
1894321,1748643336,0xf0fa761c48cad39cb8b402299c93ca92af0f4755b9636c77f5c2e97d3e791a54,60,59,332925,95040893435,5040,[{"assignment":{"Task":3420},"mask":"0xffffffffffffffffffff"}]
1894321,1748643336,0xf0fa761c48cad39cb8b402299c93ca92af0f4755b9636c77f5c2e97d3e791a54,61,60,332925,95040893435,5040,[{"assignment":{"Task":3420},"mask":"0xffffffffffffffffffff"}]
1894321,1748643336,0xf0fa761c48cad39cb8b402299c93ca92af0f4755b9636c77f5c2e97d3e791a54,62,61,332925,95040893435,5040,[{"assignment":{"Task":3420},"mask":"0xffffffffffffffffffff"}]
1894321,1748643336,0xf0fa761c48cad39cb8b402299c93ca92af0f4755b9636c77f5c2e97d3e791a54,63,62,332925,95040893435,5040,[{"assignment":{"Task":3420},"mask":"0xffffffffffffffffffff"}]
1895120,1748653062,0x7232c82a96e3f7acf5fd434ffe60468d46fbf42dd4c70a6acd02566048cb4545,64,63,332925,922710642823,5040,[{"assignment":{"Task":3415},"mask":"0xffffffffffffffffffff"}]
1912881,1748876694,0xf0fa761c48cad39cb8b402299c93ca92af0f4755b9636c77f5c2e97d3e791a54,48,64,332925,7530007562,5040,[{"assignment":{"Task":2101},"mask":"0xffffffffffffffffffff"}]
2087533,1751040072,0x7369626c290d0000000000000000000000000000000000000000000000000000,42,42,337965,922710642823,5040,[{"assignment":{"Task":3369},"mask":"0xffffffffffffffffffff"}]
2087533,1751040072,0x7369626cd0070000000000000000000000000000000000000000000000000000,44,43,337965,10819039217,5040,[{"assignment":{"Task":2000},"mask":"0xffffffffffffffffffff"}]
2087625,1751041260,0x40c4301003d5d109819d51372edf6d0477ce8e3c13f98f951b7926003e5e632f,45,44,337965,95040893435,5040,[{"assignment":{"Task":2004},"mask":"0xffffffffffffffffffff"}]
2088573,1751053302,0xd869cbcab73137f8ba09a3c9a6891d05db2d5f033cead30587bc4bbe033b002b,63,45,337965,950391962108,5040,[{"assignment":{"Task":3415},"mask":"0xffffffffffffffffffff"}]
2092077,1751097360,0x0ceb137a94d9b032da6c8257508a07e185411406a58ac8e08505ba9058293d54,43,46,337965,922710642823,5040,[{"assignment":{"Task":3413},"mask":"0xffffffffffffffffffff"}]
2093222,1751111556,0x6812a4741a7552fdaf6e47d4de51a70f1de7dcc1b5144ce53b7f6dcea8a29b46,49,47,337965,17158560552,5040,[{"assignment":{"Task":3403},"mask":"0xffffffffffffffffffff"}]
2093222,1751111556,0x6812a4741a7552fdaf6e47d4de51a70f1de7dcc1b5144ce53b7f6dcea8a29b46,50,48,337965,17156949577,5040,[{"assignment":{"Task":3404},"mask":"0xffffffffffffffffffff"}]
2093222,1751111556,0x6812a4741a7552fdaf6e47d4de51a70f1de7dcc1b5144ce53b7f6dcea8a29b46,51,49,337965,17155660777,5040,[{"assignment":{"Task":3405},"mask":"0xffffffffffffffffffff"}]
2093222,1751111556,0x6812a4741a7552fdaf6e47d4de51a70f1de7dcc1b5144ce53b7f6dcea8a29b46,52,50,337965,17153727627,5040,[{"assignment":{"Task":3406},"mask":"0xffffffffffffffffffff"}]
2093222,1751111556,0x6812a4741a7552fdaf6e47d4de51a70f1de7dcc1b5144ce53b7f6dcea8a29b46,53,51,337965,17152438825,5040,[{"assignment":{"Task":3407},"mask":"0xffffffffffffffffffff"}]
2106051,1751271216,0xea05f87e141ce5a6f38702929411405799a18e69128fafd24e849444072e5d6d,48,52,337965,17517465243,5040,[{"assignment":{"Task":2056},"mask":"0xffffffffffffffffffff"}]
2108352,1751299542,0x4e5d80a091a712b727ecbb00882bb28d4d64a6e7f6c87654b3243c489623f510,46,53,337965,17517465243,5040,[{"assignment":{"Task":2094},"mask":"0xffffffffffffffffffff"}]
2110669,1751328030,0xf0fa761c48cad39cb8b402299c93ca92af0f4755b9636c77f5c2e97d3e791a54,54,54,337965,97892120238,5040,[{"assignment":{"Task":3420},"mask":"0xffffffffffffffffffff"}]
2110669,1751328030,0xf0fa761c48cad39cb8b402299c93ca92af0f4755b9636c77f5c2e97d3e791a54,55,55,337965,97892120238,5040,[{"assignment":{"Task":3420},"mask":"0xffffffffffffffffffff"}]
2110669,1751328030,0xf0fa761c48cad39cb8b402299c93ca92af0f4755b9636c77f5c2e97d3e791a54,56,56,337965,97892120238,5040,[{"assignment":{"Task":3420},"mask":"0xffffffffffffffffffff"}]
2110669,1751328030,0xf0fa761c48cad39cb8b402299c93ca92af0f4755b9636c77f5c2e97d3e791a54,57,57,337965,97892120238,5040,[{"assignment":{"Task":3420},"mask":"0xffffffffffffffffffff"}]
2110669,1751328030,0xf0fa761c48cad39cb8b402299c93ca92af0f4755b9636c77f5c2e97d3e791a54,58,58,337965,97892120238,5040,[{"assignment":{"Task":3420},"mask":"0xffffffffffffffffffff"}]
2110669,1751328030,0xf0fa761c48cad39cb8b402299c93ca92af0f4755b9636c77f5c2e97d3e791a54,59,59,337965,97892120238,5040,[{"assignment":{"Task":3420},"mask":"0xffffffffffffffffffff"}]
2110669,1751328030,0xf0fa761c48cad39cb8b402299c93ca92af0f4755b9636c77f5c2e97d3e791a54,60,60,337965,97892120238,5040,[{"assignment":{"Task":3420},"mask":"0xffffffffffffffffffff"}]
2110669,1751328030,0xf0fa761c48cad39cb8b402299c93ca92af0f4755b9636c77f5c2e97d3e791a54,61,61,337965,97892120238,5040,[{"assignment":{"Task":3420},"mask":"0xffffffffffffffffffff"}]
2110669,1751328030,0xf0fa761c48cad39cb8b402299c93ca92af0f4755b9636c77f5c2e97d3e791a54,62,62,337965,97892120238,5040,[{"assignment":{"Task":3420},"mask":"0xffffffffffffffffffff"}]
2114162,1751372136,0xb410e4f5f74481cba0c01b3d44a12cffbee69eb208d36978d51879f6bebd3c12,47,63,337965,95040893435,5040,[{"assignment":{"Task":3338},"mask":"0xffffffffffffffffffff"}]
2115508,1751389122,0x24d6d7cd9a0500be768efc7b5508e7861cbde7cfc06819e4dfd9120b97d46d3e,64,64,337965,7755907789,5040,[{"assignment":{"Task":2101},"mask":"0xffffffffffffffffffff"}]
2279944,1753471950,0x7369626c290d0000000000000000000000000000000000000000000000000000,42,42,343005,950391962108,5040,[{"assignment":{"Task":3369},"mask":"0xffffffffffffffffffff"}]
2279944,1753471950,0x7369626cd0070000000000000000000000000000000000000000000000000000,43,43,343005,11143610394,5040,[{"assignment":{"Task":2000},"mask":"0xffffffffffffffffffff"}]
2280445,1753478460,0x40c4301003d5d109819d51372edf6d0477ce8e3c13f98f951b7926003e5e632f,44,44,343005,97892120238,5040,[{"assignment":{"Task":2004},"mask":"0xffffffffffffffffffff"}]
2283270,1753515072,0xce44b6b392394133943e063102b113e0577108fb9cb3000fe04faec3a3ad3934,65,45,343005,5438766930920,5040,[{"assignment":{"Task":3409},"mask":"0xffffffffffffffffffff"}]
2286581,1753558212,0x6812a4741a7552fdaf6e47d4de51a70f1de7dcc1b5144ce53b7f6dcea8a29b46,47,46,343005,17673317369,5040,[{"assignment":{"Task":3403},"mask":"0xffffffffffffffffffff"}]
2286581,1753558212,0x6812a4741a7552fdaf6e47d4de51a70f1de7dcc1b5144ce53b7f6dcea8a29b46,48,47,343005,17671658064,5040,[{"assignment":{"Task":3404},"mask":"0xffffffffffffffffffff"}]
2286581,1753558212,0x6812a4741a7552fdaf6e47d4de51a70f1de7dcc1b5144ce53b7f6dcea8a29b46,49,48,343005,17670330600,5040,[{"assignment":{"Task":3405},"mask":"0xffffffffffffffffffff"}]
2286581,1753558212,0x6812a4741a7552fdaf6e47d4de51a70f1de7dcc1b5144ce53b7f6dcea8a29b46,50,49,343005,17668339456,5040,[{"assignment":{"Task":3406},"mask":"0xffffffffffffffffffff"}]
2286581,1753558212,0x6812a4741a7552fdaf6e47d4de51a70f1de7dcc1b5144ce53b7f6dcea8a29b46,51,50,343005,17667011990,5040,[{"assignment":{"Task":3407},"mask":"0xffffffffffffffffffff"}]
2296094,1753681872,0x4e5d80a091a712b727ecbb00882bb28d4d64a6e7f6c87654b3243c489623f510,53,51,343005,18042989200,5040,[{"assignment":{"Task":2094},"mask":"0xffffffffffffffffffff"}]
2297166,1753695864,0xd869cbcab73137f8ba09a3c9a6891d05db2d5f033cead30587bc4bbe033b002b,45,52,343005,978903720971,5040,[{"assignment":{"Task":3415},"mask":"0xffffffffffffffffffff"}]
2297831,1753704612,0x0ceb137a94d9b032da6c8257508a07e185411406a58ac8e08505ba9058293d54,46,53,343005,950391962108,5040,[{"assignment":{"Task":3413},"mask":"0xffffffffffffffffffff"}]
2303618,1753779960,0xea05f87e141ce5a6f38702929411405799a18e69128fafd24e849444072e5d6d,52,54,343005,18042989200,5040,[{"assignment":{"Task":2056},"mask":"0xffffffffffffffffffff"}]
2304795,1753795362,0x24d6d7cd9a0500be768efc7b5508e7861cbde7cfc06819e4dfd9120b97d46d3e,64,55,343005,7988585023,5040,[{"assignment":{"Task":2101},"mask":"0xffffffffffffffffffff"}]
2310502,1753869546,0x10363c26b96bfbaa6785901340d7a4c8225a99171f139cb14fc9dac9d0e77139,63,56,343005,97892120238,5040,[{"assignment":{"Task":3338},"mask":"0xffffffffffffffffffff"}]
2323734,1754048466,0xf0fa761c48cad39cb8b402299c93ca92af0f4755b9636c77f5c2e97d3e791a54,54,57,343005,100828883845,5040,[{"assignment":{"Task":3420},"mask":"0xffffffffffffffffffff"}]
2323734,1754048466,0xf0fa761c48cad39cb8b402299c93ca92af0f4755b9636c77f5c2e97d3e791a54,55,58,343005,100828883845,5040,[{"assignment":{"Task":3420},"mask":"0xffffffffffffffffffff"}]
2323734,1754048466,0xf0fa761c48cad39cb8b402299c93ca92af0f4755b9636c77f5c2e97d3e791a54,56,59,343005,100828883845,5040,[{"assignment":{"Task":3420},"mask":"0xffffffffffffffffffff"}]
2323734,1754048466,0xf0fa761c48cad39cb8b402299c93ca92af0f4755b9636c77f5c2e97d3e791a54,57,60,343005,100828883845,5040,[{"assignment":{"Task":3420},"mask":"0xffffffffffffffffffff"}]
2323734,1754048466,0xf0fa761c48cad39cb8b402299c93ca92af0f4755b9636c77f5c2e97d3e791a54,58,61,343005,100828883845,5040,[{"assignment":{"Task":3420},"mask":"0xffffffffffffffffffff"}]
2323734,1754048466,0xf0fa761c48cad39cb8b402299c93ca92af0f4755b9636c77f5c2e97d3e791a54,59,62,343005,100828883845,5040,[{"assignment":{"Task":3420},"mask":"0xffffffffffffffffffff"}]
2323734,1754048466,0xf0fa761c48cad39cb8b402299c93ca92af0f4755b9636c77f5c2e97d3e791a54,60,63,343005,100828883845,5040,[{"assignment":{"Task":3420},"mask":"0xffffffffffffffffffff"}]
2323734,1754048466,0xf0fa761c48cad39cb8b402299c93ca92af0f4755b9636c77f5c2e97d3e791a54,61,64,343005,100828883845,5040,[{"assignment":{"Task":3420},"mask":"0xffffffffffffffffffff"}]
2323734,1754048466,0xf0fa761c48cad39cb8b402299c93ca92af0f4755b9636c77f5c2e97d3e791a54,62,65,343005,100828883845,5040,[{"assignment":{"Task":3420},"mask":"0xffffffffffffffffffff"}]
2464788,1755898110,0x7369626c290d0000000000000000000000000000000000000000000000000000,42,35,348045,978903720971,5040,[{"assignment":{"Task":3369},"mask":"0xffffffffffffffffffff"}]
2466175,1755916182,0x40c4301003d5d109819d51372edf6d0477ce8e3c13f98f951b7926003e5e632f,44,36,348045,543876693092,5040,[{"assignment":{"Task":2004},"mask":"0xffffffffffffffffffff"}]
2466945,1755925968,0xce44b6b392394133943e063102b113e0577108fb9cb3000fe04faec3a3ad3934,68,37,348045,543876693092,5040,[{"assignment":{"Task":3409},"mask":"0xffffffffffffffffffff"}]
2467931,1755938682,0xea05f87e141ce5a6f38702929411405799a18e69128fafd24e849444072e5d6d,54,38,348045,543876693092,5040,[{"assignment":{"Task":2056},"mask":"0xffffffffffffffffffff"}]
2481071,1756108782,0x4e5d80a091a712b727ecbb00882bb28d4d64a6e7f6c87654b3243c489623f510,51,39,348045,543876693092,5040,[{"assignment":{"Task":2094},"mask":"0xffffffffffffffffffff"}]
2484328,1756154100,0x10363c26b96bfbaa6785901340d7a4c8225a99171f139cb14fc9dac9d0e77139,56,40,348045,543876693092,5040,[{"assignment":{"Task":3338},"mask":"0xffffffffffffffffffff"}]
2487983,1756204656,0xc0ba31b3128cf29583d6e9ba0b082f6f7c849c60df1d9c410cbb30f434ab4969,26,41,348045,5438766930920,5040,[{"assignment":{"Task":2031},"mask":"0xffffffffffffffffffff"}]
2488228,1756207980,0x861daa51a0f89d4761ed6ca112f6a3f3765b6ce6c5ac880172bf3f7703e77e6b,22,42,348045,5438766930920,5040,[{"assignment":{"Task":3345},"mask":"0xffffffffffffffffffff"}]
2492054,1756260600,0xd2f8ac763f36d523471ddb134293b0e73ff458709d53e3f8e35e71ea7bc9b53b,43,43,348045,543876693092,5040,[{"assignment":{"Task":2000},"mask":"0xffffffffffffffffffff"}]
2493295,1756277460,0x0ceb137a94d9b032da6c8257508a07e185411406a58ac8e08505ba9058293d54,53,44,348045,978903720971,5040,[{"assignment":{"Task":3413},"mask":"0xffffffffffffffffffff"}]
2498195,1756343352,0x6812a4741a7552fdaf6e47d4de51a70f1de7dcc1b5144ce53b7f6dcea8a29b46,46,45,348045,543876693092,5040,[{"assignment":{"Task":3403},"mask":"0xffffffffffffffffffff"}]
2498195,1756343352,0x6812a4741a7552fdaf6e47d4de51a70f1de7dcc1b5144ce53b7f6dcea8a29b46,47,46,348045,543876693092,5040,[{"assignment":{"Task":3404},"mask":"0xffffffffffffffffffff"}]
2498195,1756343352,0x6812a4741a7552fdaf6e47d4de51a70f1de7dcc1b5144ce53b7f6dcea8a29b46,48,47,348045,543876693092,5040,[{"assignment":{"Task":3405},"mask":"0xffffffffffffffffffff"}]
2498195,1756343352,0x6812a4741a7552fdaf6e47d4de51a70f1de7dcc1b5144ce53b7f6dcea8a29b46,49,48,348045,543876693092,5040,[{"assignment":{"Task":3406},"mask":"0xffffffffffffffffffff"}]
2498195,1756343352,0x6812a4741a7552fdaf6e47d4de51a70f1de7dcc1b5144ce53b7f6dcea8a29b46,50,49,348045,543876693092,5040,[{"assignment":{"Task":3407},"mask":"0xffffffffffffffffffff"}]
2500207,1756370262,0x00acfa20dffb8a4d227a5ef9376523df8e367a77aeb55c50934102851302e106,40,50,348045,5438766930920,5040,[{"assignment":{"Task":2006},"mask":"0xffffffffffffffffffff"}]
2645661,1758330024,0x7369626c290d0000000000000000000000000000000000000000000000000000,35,35,353085,1008270832600,5040,[{"assignment":{"Task":3369},"mask":"0xffffffffffffffffffff"}]
2645661,1758330024,0x7369626cd0070000000000000000000000000000000000000000000000000000,43,36,353085,560192993885,5040,[{"assignment":{"Task":2000},"mask":"0xffffffffffffffffffff"}]
2649147,1758379944,0xf6be1493658ebab5a70463ad0b8d903f9f123fecc8fa5fa6bc58d774c5d6577c,61,37,353085,100000000000,5040,[{"assignment":{"Task":3396},"mask":"0xffffffffffffffffffff"}]
2649956,1758391512,0x40c4301003d5d109819d51372edf6d0477ce8e3c13f98f951b7926003e5e632f,69,38,353085,100000000000,5040,[{"assignment":{"Task":2004},"mask":"0xffffffffffffffffffff"}]
2654100,1758449904,0xce44b6b392394133943e063102b113e0577108fb9cb3000fe04faec3a3ad3934,64,39,353085,100000000000,5040,[{"assignment":{"Task":3409},"mask":"0xffffffffffffffffffff"}]
2658057,1758506118,0xa665be86490fc8a7d9d406a4892d5fbe978698dfc9ddd8d5599ecdc3559b3826,55,40,353085,219080357200,5040,[{"assignment":{"Task":3417},"mask":"0xffffffffffffffffffff"}]
2658084,1758506502,0xa665be86490fc8a7d9d406a4892d5fbe978698dfc9ddd8d5599ecdc3559b3826,65,41,353085,100000000000,5040,[{"assignment":{"Task":3417},"mask":"0xffffffffffffffffffff"}]
2658090,1758506580,0xa665be86490fc8a7d9d406a4892d5fbe978698dfc9ddd8d5599ecdc3559b3826,66,42,353085,100000000000,5040,[{"assignment":{"Task":3417},"mask":"0xffffffffffffffffffff"}]
2658102,1758506730,0xa665be86490fc8a7d9d406a4892d5fbe978698dfc9ddd8d5599ecdc3559b3826,68,43,353085,100000000000,5040,[{"assignment":{"Task":3417},"mask":"0xffffffffffffffffffff"}]
2658111,1758506868,0xa665be86490fc8a7d9d406a4892d5fbe978698dfc9ddd8d5599ecdc3559b3826,70,44,353085,100000000000,5040,[{"assignment":{"Task":3417},"mask":"0xffffffffffffffffffff"}]
2659404,1758525804,0xc0ba31b3128cf29583d6e9ba0b082f6f7c849c60df1d9c410cbb30f434ab4969,41,45,353085,5601929938848,5040,[{"assignment":{"Task":2031},"mask":"0xffffffffffffffffffff"}]
2660307,1758538638,0x4e5d80a091a712b727ecbb00882bb28d4d64a6e7f6c87654b3243c489623f510,39,46,353085,560192993885,5040,[{"assignment":{"Task":2094},"mask":"0xffffffffffffffffffff"}]
2664313,1758596010,0xd869cbcab73137f8ba09a3c9a6891d05db2d5f033cead30587bc4bbe033b002b,76,47,353085,100000000000,5040,[{"assignment":{"Task":3421},"mask":"0xffffffffffffffffffff"}]
2665022,1758606156,0xb410e4f5f74481cba0c01b3d44a12cffbee69eb208d36978d51879f6bebd3c12,40,48,353085,560192993885,5040,[{"assignment":{"Task":3338},"mask":"0xffffffffffffffffffff"}]
2665456,1758612360,0x0ceb137a94d9b032da6c8257508a07e185411406a58ac8e08505ba9058293d54,60,49,353085,100000000000,5040,[{"assignment":{"Task":3413},"mask":"0xffffffffffffffffffff"}]
2671420,1758697764,0x861daa51a0f89d4761ed6ca112f6a3f3765b6ce6c5ac880172bf3f7703e77e6b,59,50,353085,100000000000,5040,[{"assignment":{"Task":3345},"mask":"0xffffffffffffffffffff"}]
2678931,1758805572,0xea05f87e141ce5a6f38702929411405799a18e69128fafd24e849444072e5d6d,38,51,353085,560192993885,5040,[{"assignment":{"Task":2056},"mask":"0xffffffffffffffffffff"}]
2684046,1758878298,0x5a5f7eb7050fb96d8d7895d9afce428a064ce66e3b094805bcad9a8e68cb9934,63,52,353085,100000000000,5040,[{"assignment":{"Task":2030},"mask":"0xffffffffffffffffffff"}]
2822281,1760769510,0x7369626c290d0000000000000000000000000000000000000000000000000000,35,35,358125,1038518957578,5040,[{"assignment":{"Task":3369},"mask":"0xffffffffffffffffffff"}]
2822281,1760769510,0x7369626cd0070000000000000000000000000000000000000000000000000000,54,36,358125,100000000000,5040,[{"assignment":{"Task":2000},"mask":"0xffffffffffffffffffff"}]
2824620,1760800674,0x40c4301003d5d109819d51372edf6d0477ce8e3c13f98f951b7926003e5e632f,38,37,358125,103000000000,5040,[{"assignment":{"Task":2004},"mask":"0xffffffffffffffffffff"}]
2825692,1760814792,0x00acfa20dffb8a4d227a5ef9376523df8e367a77aeb55c50934102851302e106,57,38,358125,100000000000,5040,[{"assignment":{"Task":2006},"mask":"0xffffffffffffffffffff"}]
2833745,1760922564,0xa665be86490fc8a7d9d406a4892d5fbe978698dfc9ddd8d5599ecdc3559b3826,44,39,358125,103000000000,5040,[{"assignment":{"Task":3417},"mask":"0xffffffffffffffffffff"}]
2835074,1760940642,0xf6be1493658ebab5a70463ad0b8d903f9f123fecc8fa5fa6bc58d774c5d6577c,37,40,358125,103000000000,5040,[{"assignment":{"Task":3396},"mask":"0xffffffffffffffffffff"}]
2835792,1760950206,0xea05f87e141ce5a6f38702929411405799a18e69128fafd24e849444072e5d6d,51,41,358125,576998783702,5040,[{"assignment":{"Task":2056},"mask":"0xffffffffffffffffffff"}]
2835854,1760951004,0xc0ba31b3128cf29583d6e9ba0b082f6f7c849c60df1d9c410cbb30f434ab4969,53,42,358125,165196428400,5040,[{"assignment":{"Task":2031},"mask":"0xffffffffffffffffffff"}]
2835918,1760951874,0x4e5d80a091a712b727ecbb00882bb28d4d64a6e7f6c87654b3243c489623f510,46,43,358125,576998783702,5040,[{"assignment":{"Task":2094},"mask":"0xffffffffffffffffffff"}]
2836274,1760956650,0x861daa51a0f89d4761ed6ca112f6a3f3765b6ce6c5ac880172bf3f7703e77e6b,39,44,358125,103000000000,5040,[{"assignment":{"Task":3409},"mask":"0xffffffffffffffffffff"}]
2836298,1760956998,0x861daa51a0f89d4761ed6ca112f6a3f3765b6ce6c5ac880172bf3f7703e77e6b,50,45,358125,103000000000,5040,[{"assignment":{"Task":3345},"mask":"0xffffffffffffffffffff"}]
2837851,1760977626,0x0ee3290132fb403f0607385ada98d20d543bd8ff9dac2784b282e155581b2b38,58,46,358125,100000000000,5040,[{"assignment":{"Task":3414},"mask":"0xffffffffffffffffffff"}]
2848054,1761112860,0xa665be86490fc8a7d9d406a4892d5fbe978698dfc9ddd8d5599ecdc3559b3826,43,47,358125,103000000000,5040,[{"assignment":{"Task":3417},"mask":"0xffffffffffffffffffff"}]
2848062,1761112974,0xa665be86490fc8a7d9d406a4892d5fbe978698dfc9ddd8d5599ecdc3559b3826,42,48,358125,103000000000,5040,[{"assignment":{"Task":3417},"mask":"0xffffffffffffffffffff"}]
2861982,1761298362,0x0ceb137a94d9b032da6c8257508a07e185411406a58ac8e08505ba9058293d54,49,49,358125,103000000000,5040,[{"assignment":{"Task":3413},"mask":"0xffffffffffffffffffff"}]
2869533,1761397800,0xd869cbcab73137f8ba09a3c9a6891d05db2d5f033cead30587bc4bbe033b002b,47,50,358125,103000000000,5040,[{"assignment":{"Task":3421},"mask":"0xffffffffffffffffffff"}]
2928000,1762178712,0x5a5f7eb7050fb96d8d7895d9afce428a064ce66e3b094805bcad9a8e68cb9934,52,51,358125,103000000000,5040,[{"assignment":{"Task":2030},"mask":"0xffffffffffffffffffff"}]
2965584,1762680000,0x10363c26b96bfbaa6785901340d7a4c8225a99171f139cb14fc9dac9d0e77139,48,54,358125,576998783702,5040,[{"assignment":{"Task":3338},"mask":"0xffffffffffffffffffff"}]
3004776,1763200632,0x7369626c290d0000000000000000000000000000000000000000000000000000,35,28,363165,1069674526305,5040,[{"assignment":{"Task":3369},"mask":"0xffffffffffffffffffff"}]
3004776,1763200632,0x7369626cd0070000000000000000000000000000000000000000000000000000,36,29,363165,103000000000,5040,[{"assignment":{"Task":2000},"mask":"0xffffffffffffffffffff"}]
3004776,1763200632,0x7369626cd6070000000000000000000000000000000000000000000000000000,38,30,363165,103000000000,5040,[{"assignment":{"Task":2006},"mask":"0xffffffffffffffffffff"}]
3013239,1763312934,0xce44b6b392394133943e063102b113e0577108fb9cb3000fe04faec3a3ad3934,44,31,363165,106090000000,5040,[{"assignment":{"Task":3409},"mask":"0xffffffffffffffffffff"}]
3016786,1763359692,0xa665be86490fc8a7d9d406a4892d5fbe978698dfc9ddd8d5599ecdc3559b3826,39,32,363165,106090000000,5040,[{"assignment":{"Task":3417},"mask":"0xffffffffffffffffffff"}]
3016791,1763359764,0xa665be86490fc8a7d9d406a4892d5fbe978698dfc9ddd8d5599ecdc3559b3826,47,33,363165,106090000000,5040,[{"assignment":{"Task":3417},"mask":"0xffffffffffffffffffff"}]
3016899,1763361222,0xf6be1493658ebab5a70463ad0b8d903f9f123fecc8fa5fa6bc58d774c5d6577c,60,34,363165,100000000000,5040,[{"assignment":{"Task":3396},"mask":"0xffffffffffffffffffff"}]
3017327,1763367096,0xc0ba31b3128cf29583d6e9ba0b082f6f7c849c60df1d9c410cbb30f434ab4969,42,35,363165,170152321252,5040,[{"assignment":{"Task":2031},"mask":"0xffffffffffffffffffff"}]
3018096,1763377110,0x4e5d80a091a712b727ecbb00882bb28d4d64a6e7f6c87654b3243c489623f510,43,36,363165,594308747213,5040,[{"assignment":{"Task":2094},"mask":"0xffffffffffffffffffff"}]
3018775,1763386146,0x861daa51a0f89d4761ed6ca112f6a3f3765b6ce6c5ac880172bf3f7703e77e6b,45,37,363165,106090000000,5040,[{"assignment":{"Task":3345},"mask":"0xffffffffffffffffffff"}]
3019435,1763394714,0x0ee3290132fb403f0607385ada98d20d543bd8ff9dac2784b282e155581b2b38,46,38,363165,103000000000,5040,[{"assignment":{"Task":3414},"mask":"0xffffffffffffffffffff"}]
3019453,1763394948,0x40c4301003d5d109819d51372edf6d0477ce8e3c13f98f951b7926003e5e632f,37,39,363165,106090000000,5040,[{"assignment":{"Task":2004},"mask":"0xffffffffffffffffffff"}]
3019670,1763397792,0xea05f87e141ce5a6f38702929411405799a18e69128fafd24e849444072e5d6d,41,40,363165,594308747213,5040,[{"assignment":{"Task":2056},"mask":"0xffffffffffffffffffff"}]
3021868,1763427318,0x6812a4741a7552fdaf6e47d4de51a70f1de7dcc1b5144ce53b7f6dcea8a29b46,55,41,363165,100000000000,5040,[{"assignment":{"Task":3403},"mask":"0xffffffffffffffffffff"}]
3021868,1763427318,0x6812a4741a7552fdaf6e47d4de51a70f1de7dcc1b5144ce53b7f6dcea8a29b46,56,42,363165,100000000000,5040,[{"assignment":{"Task":3404},"mask":"0xffffffffffffffffffff"}]
3021868,1763427318,0x6812a4741a7552fdaf6e47d4de51a70f1de7dcc1b5144ce53b7f6dcea8a29b46,57,43,363165,100000000000,5040,[{"assignment":{"Task":3405},"mask":"0xffffffffffffffffffff"}]
3021868,1763427318,0x6812a4741a7552fdaf6e47d4de51a70f1de7dcc1b5144ce53b7f6dcea8a29b46,58,44,363165,100000000000,5040,[{"assignment":{"Task":3406},"mask":"0xffffffffffffffffffff"}]
3021868,1763427318,0x6812a4741a7552fdaf6e47d4de51a70f1de7dcc1b5144ce53b7f6dcea8a29b46,59,45,363165,100000000000,5040,[{"assignment":{"Task":3407},"mask":"0xffffffffffffffffffff"}]
3023719,1763452764,0xa665be86490fc8a7d9d406a4892d5fbe978698dfc9ddd8d5599ecdc3559b3826,61,46,363165,100000000000,5040,[{"assignment":{"Task":3417},"mask":"0xffffffffffffffffffff"}]
3026446,1763489328,0x4297a93d2faba768a0be3c2a69bee7a17d73264b9adebae51e28e7b37463f91d,26,47,363165,100000000000,5040,[{"assignment":{"Task":2034},"mask":"0xffffffffffffffffffff"}]
3042115,1763699280,0xd869cbcab73137f8ba09a3c9a6891d05db2d5f033cead30587bc4bbe033b002b,50,48,363165,106090000000,5040,[{"assignment":{"Task":3421},"mask":"0xffffffffffffffffffff"}]
3049725,1763800674,0x0ceb137a94d9b032da6c8257508a07e185411406a58ac8e08505ba9058293d54,49,49,363165,106090000000,5040,[{"assignment":{"Task":3413},"mask":"0xffffffffffffffffffff"}]
3050826,1763815092,0x10363c26b96bfbaa6785901340d7a4c8225a99171f139cb14fc9dac9d0e77139,54,50,363165,100000000000,5040,[{"assignment":{"Task":3338},"mask":"0xffffffffffffffffffff"}]
3059287,1763927166,0x6c9e3102dd2c24274667d416e07570ebce6f20ab80ee3fc9917bf4a7568b8fd2,51,51,363165,106090000000,5040,[{"assignment":{"Task":2030},"mask":"0xffffffffffffffffffff"}]
3064380,1763994540,0xa2e1685f62b2a1a996a2a1ba10ac6836c2b72174cab1bd1c6907454e6365fb70,10,52,363165,100000000000,5040,[{"assignment":{"Task":2032},"mask":"0xffffffffffffffffffff"}]
3188739,1765643814,0x7369626c290d0000000000000000000000000000000000000000000000000000,28,28,368205,1101764762094,5040,[{"assignment":{"Task":3369},"mask":"0xffffffffffffffffffff"}]
3188739,1765643814,0x7369626cd0070000000000000000000000000000000000000000000000000000,29,29,368205,106090000000,5040,[{"assignment":{"Task":2000},"mask":"0xffffffffffffffffffff"}]
3188739,1765643814,0x7369626cd6070000000000000000000000000000000000000000000000000000,30,30,368205,106090000000,5040,[{"assignment":{"Task":2006},"mask":"0xffffffffffffffffffff"}]
3188739,1765643814,0x7369626cd4070000000000000000000000000000000000000000000000000000,39,31,368205,109272700000,5040,[{"assignment":{"Task":2004},"mask":"0xffffffffffffffffffff"}]
3188739,1765643814,0x7369626cf2070000000000000000000000000000000000000000000000000000,47,32,368205,103000000000,5040,[{"assignment":{"Task":2034},"mask":"0xffffffffffffffffffff"}]
3188739,1765643814,0x7369626cee070000000000000000000000000000000000000000000000000000,51,33,368205,109272700000,5040,[{"assignment":{"Task":2030},"mask":"0xffffffffffffffffffff"}]
3192653,1765694670,0xce44b6b392394133943e063102b113e0577108fb9cb3000fe04faec3a3ad3934,31,34,368205,109272700000,5040,[{"assignment":{"Task":3409},"mask":"0xffffffffffffffffffff"}]
3195121,1765727718,0xa665be86490fc8a7d9d406a4892d5fbe978698dfc9ddd8d5599ecdc3559b3826,55,35,368205,100000000000,5040,[{"assignment":{"Task":3417},"mask":"0xffffffffffffffffffff"}]
3195127,1765727790,0xa665be86490fc8a7d9d406a4892d5fbe978698dfc9ddd8d5599ecdc3559b3826,54,36,368205,100000000000,5040,[{"assignment":{"Task":3417},"mask":"0xffffffffffffffffffff"}]
3195132,1765727868,0xa665be86490fc8a7d9d406a4892d5fbe978698dfc9ddd8d5599ecdc3559b3826,46,37,368205,103000000000,5040,[{"assignment":{"Task":3417},"mask":"0xffffffffffffffffffff"}]
3195134,1765727892,0xa665be86490fc8a7d9d406a4892d5fbe978698dfc9ddd8d5599ecdc3559b3826,33,38,368205,109272700000,5040,[{"assignment":{"Task":3417},"mask":"0xffffffffffffffffffff"}]
3199187,1765779252,0xf6be1493658ebab5a70463ad0b8d903f9f123fecc8fa5fa6bc58d774c5d6577c,34,39,368205,103000000000,5040,[{"assignment":{"Task":3396},"mask":"0xffffffffffffffffffff"}]
3199790,1765786878,0xc0ba31b3128cf29583d6e9ba0b082f6f7c849c60df1d9c410cbb30f434ab4969,35,40,368205,175256890890,5040,[{"assignment":{"Task":2031},"mask":"0xffffffffffffffffffff"}]
3200138,1765791522,0x0ceb137a94d9b032da6c8257508a07e185411406a58ac8e08505ba9058293d54,49,41,368205,109272700000,5040,[{"assignment":{"Task":3413},"mask":"0xffffffffffffffffffff"}]
3200197,1765792308,0xea05f87e141ce5a6f38702929411405799a18e69128fafd24e849444072e5d6d,40,42,368205,612138009629,5040,[{"assignment":{"Task":2056},"mask":"0xffffffffffffffffffff"}]
3200222,1765792626,0x4e5d80a091a712b727ecbb00882bb28d4d64a6e7f6c87654b3243c489623f510,36,43,368205,612138009629,5040,[{"assignment":{"Task":2094},"mask":"0xffffffffffffffffffff"}]
3201230,1765805646,0x0ee3290132fb403f0607385ada98d20d543bd8ff9dac2784b282e155581b2b38,38,44,368205,106090000000,5040,[{"assignment":{"Task":3414},"mask":"0xffffffffffffffffffff"}]
3207261,1765885536,0x861daa51a0f89d4761ed6ca112f6a3f3765b6ce6c5ac880172bf3f7703e77e6b,37,45,368205,109272700000,5040,[{"assignment":{"Task":3345},"mask":"0xffffffffffffffffffff"}]
3229317,1766170392,0x6812a4741a7552fdaf6e47d4de51a70f1de7dcc1b5144ce53b7f6dcea8a29b46,41,46,368205,103000000000,5040,[{"assignment":{"Task":3403},"mask":"0xffffffffffffffffffff"}]
3229317,1766170392,0x6812a4741a7552fdaf6e47d4de51a70f1de7dcc1b5144ce53b7f6dcea8a29b46,42,47,368205,103000000000,5040,[{"assignment":{"Task":3404},"mask":"0xffffffffffffffffffff"}]
3229317,1766170392,0x6812a4741a7552fdaf6e47d4de51a70f1de7dcc1b5144ce53b7f6dcea8a29b46,43,48,368205,103000000000,5040,[{"assignment":{"Task":3405},"mask":"0xffffffffffffffffffff"}]
3229317,1766170392,0x6812a4741a7552fdaf6e47d4de51a70f1de7dcc1b5144ce53b7f6dcea8a29b46,44,49,368205,103000000000,5040,[{"assignment":{"Task":3406},"mask":"0xffffffffffffffffffff"}]
3229317,1766170392,0x6812a4741a7552fdaf6e47d4de51a70f1de7dcc1b5144ce53b7f6dcea8a29b46,45,50,368205,103000000000,5040,[{"assignment":{"Task":3407},"mask":"0xffffffffffffffffffff"}]
3245921,1766389362,0x10363c26b96bfbaa6785901340d7a4c8225a99171f139cb14fc9dac9d0e77139,50,51,368205,103000000000,5040,[{"assignment":{"Task":3338},"mask":"0xffffffffffffffffffff"}]
3294579,1767005166,0xa2e1685f62b2a1a996a2a1ba10ac6836c2b72174cab1bd1c6907454e6365fb70,52,52,368205,103000000000,5040,[{"assignment":{"Task":2032},"mask":"0xffffffffffffffffffff"}]
3378601,1768078296,0x7369626c290d0000000000000000000000000000000000000000000000000000,28,28,373245,1134817704957,5040,[{"assignment":{"Task":3369},"mask":"0xffffffffffffffffffff"}]
3378601,1768078296,0x7369626cd0070000000000000000000000000000000000000000000000000000,29,29,373245,109272700000,5040,[{"assignment":{"Task":2000},"mask":"0xffffffffffffffffffff"}]
3378601,1768078296,0x7369626cd6070000000000000000000000000000000000000000000000000000,30,30,373245,109272700000,5040,[{"assignment":{"Task":2006},"mask":"0xffffffffffffffffffff"}]
3378601,1768078296,0x7369626cd4070000000000000000000000000000000000000000000000000000,31,31,373245,112550881000,5040,[{"assignment":{"Task":2004},"mask":"0xffffffffffffffffffff"}]
3378601,1768078296,0x7369626cf2070000000000000000000000000000000000000000000000000000,32,32,373245,106090000000,5040,[{"assignment":{"Task":2034},"mask":"0xffffffffffffffffffff"}]
3378601,1768078296,0x7369626cee070000000000000000000000000000000000000000000000000000,33,33,373245,112550881000,5040,[{"assignment":{"Task":2030},"mask":"0xffffffffffffffffffff"}]
3381237,1768111182,0xce44b6b392394133943e063102b113e0577108fb9cb3000fe04faec3a3ad3934,34,34,373245,112550881000,5040,[{"assignment":{"Task":3409},"mask":"0xffffffffffffffffffff"}]
3381239,1768111206,0xce44b6b392394133943e063102b113e0577108fb9cb3000fe04faec3a3ad3934,54,35,373245,100000000000,5040,[{"assignment":{"Task":3409},"mask":"0xffffffffffffffffffff"}]
3386791,1768180440,0xa665be86490fc8a7d9d406a4892d5fbe978698dfc9ddd8d5599ecdc3559b3826,35,36,373245,103000000000,5040,[{"assignment":{"Task":3417},"mask":"0xffffffffffffffffffff"}]
3386793,1768180464,0xa665be86490fc8a7d9d406a4892d5fbe978698dfc9ddd8d5599ecdc3559b3826,36,37,373245,103000000000,5040,[{"assignment":{"Task":3417},"mask":"0xffffffffffffffffffff"}]
3386795,1768180488,0xa665be86490fc8a7d9d406a4892d5fbe978698dfc9ddd8d5599ecdc3559b3826,37,38,373245,106090000000,5040,[{"assignment":{"Task":3417},"mask":"0xffffffffffffffffffff"}]
3386796,1768180500,0xa665be86490fc8a7d9d406a4892d5fbe978698dfc9ddd8d5599ecdc3559b3826,38,39,373245,112550881000,5040,[{"assignment":{"Task":3417},"mask":"0xffffffffffffffffffff"}]
3388576,1768202424,0x6812a4741a7552fdaf6e47d4de51a70f1de7dcc1b5144ce53b7f6dcea8a29b46,46,40,373245,106090000000,5040,[{"assignment":{"Task":3403},"mask":"0xffffffffffffffffffff"}]
3388576,1768202424,0x6812a4741a7552fdaf6e47d4de51a70f1de7dcc1b5144ce53b7f6dcea8a29b46,47,41,373245,106090000000,5040,[{"assignment":{"Task":3404},"mask":"0xffffffffffffffffffff"}]
3388576,1768202424,0x6812a4741a7552fdaf6e47d4de51a70f1de7dcc1b5144ce53b7f6dcea8a29b46,48,42,373245,106090000000,5040,[{"assignment":{"Task":3405},"mask":"0xffffffffffffffffffff"}]
3388576,1768202424,0x6812a4741a7552fdaf6e47d4de51a70f1de7dcc1b5144ce53b7f6dcea8a29b46,49,43,373245,106090000000,5040,[{"assignment":{"Task":3406},"mask":"0xffffffffffffffffffff"}]
3388576,1768202424,0x6812a4741a7552fdaf6e47d4de51a70f1de7dcc1b5144ce53b7f6dcea8a29b46,50,44,373245,106090000000,5040,[{"assignment":{"Task":3407},"mask":"0xffffffffffffffffffff"}]
3389015,1768207914,0x0ceb137a94d9b032da6c8257508a07e185411406a58ac8e08505ba9058293d54,41,45,373245,112550881000,5040,[{"assignment":{"Task":3413},"mask":"0xffffffffffffffffffff"}]
3389243,1768210716,0xea05f87e141ce5a6f38702929411405799a18e69128fafd24e849444072e5d6d,42,46,373245,630502149918,5040,[{"assignment":{"Task":2056},"mask":"0xffffffffffffffffffff"}]
3389817,1768217838,0x861daa51a0f89d4761ed6ca112f6a3f3765b6ce6c5ac880172bf3f7703e77e6b,45,47,373245,112550881000,5040,[{"assignment":{"Task":3345},"mask":"0xffffffffffffffffffff"}]
3390501,1768226328,0xf6be1493658ebab5a70463ad0b8d903f9f123fecc8fa5fa6bc58d774c5d6577c,39,48,373245,106090000000,5040,[{"assignment":{"Task":3396},"mask":"0xffffffffffffffffffff"}]
3395939,1768293852,0xc0ba31b3128cf29583d6e9ba0b082f6f7c849c60df1d9c410cbb30f434ab4969,40,49,373245,180514597617,5040,[{"assignment":{"Task":2031},"mask":"0xffffffffffffffffffff"}]
3403219,1768384374,0xa2e1685f62b2a1a996a2a1ba10ac6836c2b72174cab1bd1c6907454e6365fb70,52,50,373245,106090000000,5040,[{"assignment":{"Task":2032},"mask":"0xffffffffffffffffffff"}]
3410404,1768474224,0x4e5d80a091a712b727ecbb00882bb28d4d64a6e7f6c87654b3243c489623f510,43,51,373245,630502149918,5040,[{"assignment":{"Task":2094},"mask":"0xffffffffffffffffffff"}]
3422482,1768623870,0x10363c26b96bfbaa6785901340d7a4c8225a99171f139cb14fc9dac9d0e77139,51,52,373245,106090000000,5040,[{"assignment":{"Task":3338},"mask":"0xffffffffffffffffffff"}]
3460620,1769098050,0xd6b9a80704898a04f3438b46453406ca050b0bcedd4db5097afbc71f2c1ab272,55,53,373245,100000000000,5040,[{"assignment":{"Task":3425},"mask":"0xffffffffffffffffffff"}]
3575238,1770507342,0x7369626cfe070000000000000000000000000000000000000000000000000000,16,23,378285,100000000000,5040,[{"assignment":{"Task":2046},"mask":"0xffffffffffffffffffff"}]
3575238,1770507342,0x7369626c290d0000000000000000000000000000000000000000000000000000,28,24,378285,1168862236106,5040,[{"assignment":{"Task":3369},"mask":"0xffffffffffffffffffff"}]
3575238,1770507342,0x7369626cd0070000000000000000000000000000000000000000000000000000,29,25,378285,112550881000,5040,[{"assignment":{"Task":2000},"mask":"0xffffffffffffffffffff"}]
3575238,1770507342,0x7369626cd6070000000000000000000000000000000000000000000000000000,30,26,378285,112550881000,5040,[{"assignment":{"Task":2006},"mask":"0xffffffffffffffffffff"}]
3575238,1770507342,0x7369626cd4070000000000000000000000000000000000000000000000000000,31,27,378285,115927407430,5040,[{"assignment":{"Task":2004},"mask":"0xffffffffffffffffffff"}]
3575238,1770507342,0x7369626cf2070000000000000000000000000000000000000000000000000000,32,28,378285,109272700000,5040,[{"assignment":{"Task":2034},"mask":"0xffffffffffffffffffff"}]
3575238,1770507342,0x7369626cee070000000000000000000000000000000000000000000000000000,33,29,378285,115927407430,5040,[{"assignment":{"Task":2030},"mask":"0xffffffffffffffffffff"}]
3578628,1770548928,0x9e04ed3e5b6218d9026d80dc2c230026bc87c7706b5d5438208145e55272d52b,21,30,378285,100000000000,5040,[{"assignment":{"Task":2037},"mask":"0xffffffffffffffffffff"}]
3579998,1770565728,0xea05f87e141ce5a6f38702929411405799a18e69128fafd24e849444072e5d6d,46,31,378285,649417214416,5040,[{"assignment":{"Task":2056},"mask":"0xffffffffffffffffffff"}]
3583755,1770611898,0xa665be86490fc8a7d9d406a4892d5fbe978698dfc9ddd8d5599ecdc3559b3826,20,32,378285,100000000000,5040,[{"assignment":{"Task":3366},"mask":"0xffffffffffffffffffff"}]
3583760,1770611958,0xa665be86490fc8a7d9d406a4892d5fbe978698dfc9ddd8d5599ecdc3559b3826,37,33,378285,106090000000,5040,[{"assignment":{"Task":3417},"mask":"0xffffffffffffffffffff"}]
3583763,1770611994,0xa665be86490fc8a7d9d406a4892d5fbe978698dfc9ddd8d5599ecdc3559b3826,38,34,378285,109272700000,5040,[{"assignment":{"Task":3417},"mask":"0xffffffffffffffffffff"}]
3583766,1770612030,0xa665be86490fc8a7d9d406a4892d5fbe978698dfc9ddd8d5599ecdc3559b3826,39,35,378285,115927407430,5040,[{"assignment":{"Task":3417},"mask":"0xffffffffffffffffffff"}]
3583847,1770613032,0xce44b6b392394133943e063102b113e0577108fb9cb3000fe04faec3a3ad3934,34,36,378285,115927407430,5040,[{"assignment":{"Task":3409},"mask":"0xffffffffffffffffffff"}]
3583848,1770613044,0xce44b6b392394133943e063102b113e0577108fb9cb3000fe04faec3a3ad3934,35,37,378285,103000000000,5040,[{"assignment":{"Task":3409},"mask":"0xffffffffffffffffffff"}]
3584355,1770619242,0xc4079d48ae0a9e80b1f2bc0afafb6a40f604d72bbcc901da39fb1bfbf81ec144,68,38,378285,100000000000,5040,[{"assignment":{"Task":3426},"mask":"0xffffffffffffffffffff"}]
3584574,1770621960,0xf6be1493658ebab5a70463ad0b8d903f9f123fecc8fa5fa6bc58d774c5d6577c,48,39,378285,109272700000,5040,[{"assignment":{"Task":3396},"mask":"0xffffffffffffffffffff"}]
3585376,1770631776,0xa2e1685f62b2a1a996a2a1ba10ac6836c2b72174cab1bd1c6907454e6365fb70,50,40,378285,109272700000,5040,[{"assignment":{"Task":2032},"mask":"0xffffffffffffffffffff"}]
3592055,1770713862,0x6812a4741a7552fdaf6e47d4de51a70f1de7dcc1b5144ce53b7f6dcea8a29b46,40,41,378285,109272700000,5040,[{"assignment":{"Task":3403},"mask":"0xffffffffffffffffffff"}]
3592055,1770713862,0x6812a4741a7552fdaf6e47d4de51a70f1de7dcc1b5144ce53b7f6dcea8a29b46,41,42,378285,109272700000,5040,[{"assignment":{"Task":3404},"mask":"0xffffffffffffffffffff"}]
3592055,1770713862,0x6812a4741a7552fdaf6e47d4de51a70f1de7dcc1b5144ce53b7f6dcea8a29b46,42,43,378285,109272700000,5040,[{"assignment":{"Task":3405},"mask":"0xffffffffffffffffffff"}]
3592055,1770713862,0x6812a4741a7552fdaf6e47d4de51a70f1de7dcc1b5144ce53b7f6dcea8a29b46,43,44,378285,109272700000,5040,[{"assignment":{"Task":3406},"mask":"0xffffffffffffffffffff"}]
3592055,1770713862,0x6812a4741a7552fdaf6e47d4de51a70f1de7dcc1b5144ce53b7f6dcea8a29b46,44,45,378285,109272700000,5040,[{"assignment":{"Task":3407},"mask":"0xffffffffffffffffffff"}]
3592261,1770716394,0x861daa51a0f89d4761ed6ca112f6a3f3765b6ce6c5ac880172bf3f7703e77e6b,47,46,378285,115927407430,5040,[{"assignment":{"Task":3345},"mask":"0xffffffffffffffffffff"}]
3594114,1770739026,0xc0ba31b3128cf29583d6e9ba0b082f6f7c849c60df1d9c410cbb30f434ab4969,49,47,378285,185930035546,5040,[{"assignment":{"Task":2031},"mask":"0xffffffffffffffffffff"}]
3594905,1770748716,0x4e5d80a091a712b727ecbb00882bb28d4d64a6e7f6c87654b3243c489623f510,69,48,378285,100000000000,5040,[{"assignment":{"Task":2094},"mask":"0xffffffffffffffffffff"}]
3602487,1770841614,0x5a090c88f0438b46b451026597cee760a7bac9d396c9c7b529b68fb78aec5f43,7,49,378285,100000000000,5040,[{"assignment":{"Task":3367},"mask":"0xffffffffffffffffffff"}]
