_day,block_count,total_bytes,total_txs,non_empty_blocks,avg_block_time_ms,p10_block_time_ms,p50_block_time_ms,p90_block_time_ms,p50_payload_bytes,p90_payload_bytes,p99_payload_bytes,daily_mib,actual_mib_per_s,max_mib_per_s,utilization_pct,avg_eth_usd,p10_eth_usd,p50_eth_usd,p90_eth_usd,cost_per_mib_usd,cost_per_mib_day_usd,cost_per_mib_usd_p10,cost_per_mib_usd_p50,cost_per_mib_usd_p90,daily_da_spend_usd,actual_mib_per_s_7d,utilization_pct_7d,daily_mib_7d,cost_per_mib_usd_7d,cumulative_daily_mib,cumulative_daily_da_spend_usd
2025-11-16,13493,162476656,37474,12263,3231.199264818502,1000.0,2000.0,6000.0,3220.0,22427.20000000004,147244.19999999984,154.94981384277344,0.0057418592545309954,0.476837158203125,1.2041551619358186,3096.499,3065.098,3090.31,3149.12,3.246914535424e-09,4.63844933632e-10,3.213988200448e-09,3.2404248985600003e-09,3.30209165312e-09,5.031088028273439e-07,0.0057418592545309954,1.2041551619358186,154.94981384277344,3.246914535424e-09,154.94981384277344,5.031088028273439e-07
2025-11-17,27600,170952085,78590,25106,3234.659877952903,1000.0,2000.0,6000.0,2165.0,9928.400000000009,85608.20999999996,163.03261280059814,0.0029534893623296764,0.476837158203125,0.6193916123188405,3124.144166666667,3008.267,3137.625,3194.33,3.275902593706667e-09,4.679860848152381e-10,3.154396577792e-09,3.290038272e-09,3.34949777408e-09,5.340789591322543e-07,0.004347674308430336,0.9117733871273296,158.9912133216858,3.2614085645653335e-09,317.9824266433716,1.037187761959598e-06
2025-11-18,26091,622953005,87521,23449,3422.9793977812997,1000.0,2000.0,7000.0,5638.0,37254.0,282303.49999999994,594.0942811965942,0.011385042374699977,0.476837158203125,2.3876164386186804,3063.536666666667,3004.0589999999997,3054.9849999999997,3137.2369999999996,3.212351023786667e-09,4.58907289112381e-10,3.149984169984e-09,3.20338395136e-09,3.289631424512e-09,1.9084393724276834e-06,0.00669346366385355,1.4037210709577799,304.0255692799886,3.2450560509724446e-09,912.0767078399658,2.9456271343872814e-06
2025-11-19,24999,682087081,90596,22738,3571.7415567773137,1000.0,2000.0,6000.0,7535.0,39884.0,300333.24000000005,650.4889307022095,0.01301029902600523,0.476837158203125,2.728457462298492,3031.101666666667,2922.248,3055.92,3100.627,3.178340461226667e-09,4.540486373180953e-10,3.064199118848e-09,3.20436436992e-09,3.2512430571520002e-09,2.067475288030902e-06,0.00827267250439147,1.7349051687929578,390.6414096355438,3.228377153536e-09,1562.5656385421753,5.0131024224181836e-06
2025-11-20,25568,645024746,99224,23066,3482.7475008061915,1000.0,2000.0,6000.0,6190.0,39951.2,279805.3999999997,615.143533706665,0.012029559091572767,0.476837158203125,2.522781390801001,2969.3704166666666,2836.725,3010.13,3038.0860000000002,3.113610554026667e-09,4.4480150771809527e-10,2.9745217536e-09,3.1563500748800003e-09,3.1856640655360004e-09,1.9153173987903308e-06,0.009024049821827728,1.8924804131945663,435.5418344497681,3.205423833634134e-09,2177.7091722488403,6.928419821208514e-06
2025-11-21,24695,702093493,120501,22537,3612.168095337654,1000.0,2000.0,6000.0,9516.0,49070.00000000002,292128.70000000024,669.5685319900513,0.013556763150233879,0.476837158203125,2.8430592954039278,2761.912083333333,2698.624,2755.84,2827.474,2.8960747246933333e-09,4.1372496067047617e-10,2.829712359424e-09,2.8897076838400002e-09,2.9648213770240002e-09,1.9391205019464068e-06,0.009779502043228755,2.050910226896127,474.54628403981525,3.153865648810667e-09,2847.2777042388916,8.867540323154922e-06
2025-11-22,24961,734209039,93850,22670,3567.723818962669,1000.0,2000.0,6000.0,8406.0,54778.0,295161.6000000008,700.1963033676147,0.014025806325219638,0.476837158203125,2.941424778654701,2745.62875,2722.228,2747.0550000000003,2766.729,2.8790004121600002e-09,4.112857731657143e-10,2.8544629473280004e-09,2.8804959436800006e-09,2.901125627904e-09,2.015865445988271e-06,0.010386116940656024,2.178126591433066,506.7820010866438,3.114599186432e-09,3547.4740076065063,1.0883405769143193e-05
2025-11-23,25324,678960046,93673,23194,3523.5668270406914,1000.0,2000.0,6000.0,7541.0,40457.90000000002,274804.77,647.506757736206,0.012784448699577596,0.476837158203125,2.6810932159216554,2814.76375,2792.168,2817.165,2836.7999999999997,2.95149371392e-09,4.216419591314286e-10,2.927800352768e-09,2.95401160704e-09,2.9746003968e-09,1.9111121251791327e-06,0.011392201147091252,2.3891177420024716,577.1472787857056,3.072396211931429e-09,4194.980765342712,1.2794517894322325e-05
2025-11-24,24454,679671300,87840,22013,3644.2972836173444,1000.0,2000.0,6000.0,7217.5,56628.0,278918.8300000001,648.1850624084473,0.013253150045155133,0.476837158203125,2.779387012349718,2857.315416666667,2798.55,2834.125,2955.917,2.996112370346667e-09,4.2801605290666673e-10,2.9344923648000005e-09,2.9717954560000003e-09,3.0995036241920003e-09,1.9420352837558752e-06,0.012863581244637748,2.697688513435453,646.4547715868268,3.0324261800228575e-09,4843.16582775116,1.47365531780782e-05
2025-11-25,24507,695177066,95616,22452,3633.7862280738655,1000.0,2000.0,6000.0,7490.0,55911.00000000014,289743.59999999986,662.9725131988525,0.01352618666501107,0.476837158203125,2.8366469416901294,2919.087916666667,2888.1620000000003,2925.245,2943.493,3.060885531306667e-09,4.3726936161523814e-10,3.0284573573120004e-09,3.06734170112e-09,3.0864761159680003e-09,2.0292829733043857e-06,0.013169459000396474,2.7618357281599466,656.2945190157209,3.0107882525257145e-09,5506.138340950012,1.6765836151382585e-05
2025-11-26,24327,678596904,92982,22143,3666.8930102278996,1000.0,2000.0,6000.0,7404.0,45081.6000000002,286752.66000000003,647.1604385375977,0.013301279207004515,0.476837158203125,2.789480429152793,2956.2995833333334,2912.5370000000003,2944.975,3024.454,3.0999047918933338e-09,4.428435416990477e-10,3.0540163973120004e-09,3.0880301056e-09,3.1713698775040006e-09,2.00613574454649e-06,0.013211027597682085,2.7705532948534177,655.819020135062,2.999583156906667e-09,6153.29877948761,1.8771971895929076e-05
2025-11-27,24846,420474761,82725,21949,3564.2220755650883,1000.0,2000.0,6000.0,2036.0,29940.5,270440.84999999974,400.99598026275635,0.00806962851691935,0.476837158203125,1.692323758351445,3025.1183333333333,3001.5860000000002,3029.23,3038.756,3.1720664814933334e-09,4.531523544990476e-10,3.1473910415360007e-09,3.17637787648e-09,3.186366611456e-09,1.2719859082050516e-06,0.012645323229874455,2.651916490217767,625.226512500218,3.007934003687619e-09,6554.294759750366,2.004395780413413e-05
2025-11-28,31719,82821765,71988,27559,2798.141071312909,1000.0,2000.0,4000.0,1131.0,5542.4000000000015,27414.579999999994,78.98499011993408,0.0012450737747081257,0.476837158203125,0.26111089567766954,3035.4016666666666,3009.006,3036.3599999999997,3064.575,3.1828493380266667e-09,4.546927625752381e-10,3.155171475456e-09,3.18385422336e-09,3.2134397952e-09,2.51397323517275e-07,0.010886510461942205,2.2830667188283016,540.8574350902012,3.0489018055923814e-09,6633.2797498703,2.0295355127651405e-05
2025-11-29,32523,116648326,97629,28048,2736.862111565143,1000.0,2000.0,4000.0,1131.0,7265.5999999999985,42818.01999999999,111.2445125579834,0.0017102437130335978,0.476837158203125,0.35866410232758356,3008.0241666666666,2989.146,3003.06,3034.204,3.1541419485866666e-09,4.5059170694095236e-10,3.1343467560960004e-09,3.1489366425600003e-09,3.1815934935040004e-09,3.5088098360921166e-07,0.009127144374487056,1.9141009079244278,456.72146497453963,3.0882077393676195e-09,6744.524262428284,2.0646236111260618e-05
2025-11-30,33147,136079173,97446,27981,2690.247851538174,1000.0,2000.0,4000.0,1180.0,7393.800000000003,52403.960000000065,129.77521228790283,0.0019575710062434432,0.476837158203125,0.41053239508854494,3016.2704166666667,2993.964,3010.105,3039.078,3.162788768426667e-09,4.518269669180953e-10,3.1393987952640003e-09,3.1563238604800004e-09,3.186704252928e-09,4.104515838443654e-07,0.007580447561153606,1.5897350763768405,382.759815624782,3.118392747154286e-09,6874.2994747161865,2.1056687695104983e-05
2025-12-01,34193,177995446,73983,29594,2602.9947877436653,1000.0,2000.0,3000.0,1297.0,6731.5999999999985,83675.8800000001,169.7496852874756,0.002482228603624654,0.476837158203125,0.520561068054865,2814.24875,2743.48,2823.7650000000003,2842.935,2.9509536972800006e-09,4.215648138971429e-10,2.87674728448e-09,2.9609322086400007e-09,2.98103341056e-09,5.009234614111925e-07,0.006041744498077823,1.26704565576329,314.41190460750033,3.1119415081447623e-09,7044.049160003662,2.1557611156516176e-05
2025-12-02,33165,397791646,77673,29410,2681.657355679702,1000.0,2000.0,3000.0,1691.0,18702.600000000013,158108.0400000001,379.363676071167,0.005719337796942062,0.476837158203125,1.199432069953264,2878.5533333333333,2797.472,2825.825,3016.093,3.0183819400533333e-09,4.3119742000761906e-10,2.9333619998720005e-09,2.9630922752e-09,3.162602733568e-09,1.1450644685654533e-06,0.004926480374067964,1.0331578169437379,273.8963564464024,3.1058695665371433e-09,7423.412836074829,2.2702675625081628e-05
2025-12-03,29139,189313689,68664,24598,3059.894449757376,1000.0,2000.0,4000.0,1751.0,12721.400000000001,91764.31999999992,180.5436029434204,0.003097971840890566,0.476837158203125,0.6496917842067332,3078.2345833333334,3026.231,3069.685,3134.78,3.2277629064533336e-09,4.611089866361905e-10,3.1732331970560005e-09,3.21879801856e-09,3.2870550732800004e-09,5.827519445782113e-07,0.0034688650360516853,0.7274737248085865,207.23680850437708,3.1241350114742855e-09,7603.9564390182495,2.3285427569659838e-05
2025-12-04,25189,174650326,48091,18300,3521.6859611935433,1000.0,2000.0,4000.0,260.0,8962.600000000002,104671.59999999969,166.5595302581787,0.0033061957651788223,0.476837158203125,0.6933595061336297,3177.1966666666667,3139.841,3186.69,3206.04,3.331532171946667e-09,4.759331674209524e-10,3.292361916416e-09,3.34148665344e-09,3.3617765990400003e-09,5.548984335994467e-07,0.0027883746429458963,0.5847645459203271,173.74588707515173,3.146915824396191e-09,7770.515969276428,2.3840326003259285e-05
2025-12-05,29684,145445763,66520,24372,3004.6590869580336,1000.0,2000.0,3000.0,1107.0,9169.400000000009,70303.61999999915,138.70788860321045,0.002336408310928622,0.476837158203125,0.4899803362080582,3109.29625,3025.564,3130.1400000000003,3171.9199999999996,3.26033342464e-09,4.657619178057143e-10,3.172533796864e-09,3.2821896806400004e-09,3.3259991859199997e-09,4.522339654742887e-07,0.002944279576691681,0.6174601802818112,182.27772971561976,3.1579849796266667e-09,7909.223857879639,2.4292559968733574e-05
2025-12-06,31251,148877065,118308,28009,2880.201387036543,1000.0,2000.0,3000.0,1717.0,7698.0,58357.0,141.98023319244385,0.002271611039525837,0.476837158203125,0.4763913634763688,3036.5295833333334,3026.025,3037.1549999999997,3049.943,3.184032044373334e-09,4.54861720624762e-10,3.1730171904000005e-09,3.18468784128e-09,3.1980970311680003e-09,4.5206961215233964e-07,0.0030244749090477152,0.6342783604459233,186.66854694911413,3.162254993310476e-09,8051.2040910720825,2.4744629580885915e-05
2025-12-07,31311,148416379,119739,28207,2874.817032601464,1000.0,2000.0,3000.0,1896.0,8621.0,62559.30000000017,141.54088878631592,0.002260242227752482,0.476837158203125,0.4740071508415573,3053.0933333333337,3031.352,3046.105,3126.806,3.201400395093334e-09,4.57342913584762e-10,3.1786029547520003e-09,3.1940725964800002e-09,3.2786937282560004e-09,4.5312905728237336e-07,0.003067713654977578,0.6433461826963537,188.34935787745886,3.167770939977143e-09,8192.744979858398,2.5197758638168286e-05
2025-12-08,29372,109783347,91662,24299,3042.682067896887,1000.0,2000.0,3000.0,1434.0,6798.9000000000015,49740.30000000015,104.69755840301514,0.0017822681193486168,0.476837158203125,0.373768715102819,3122.355833333333,3097.35,3129.39,3147.1710000000003,3.2740273902933334e-09,4.677181986133333e-10,3.2478068736e-09,3.28140324864e-09,3.3000479784960005e-09,3.4278267390830743e-07,0.0029677193000810015,0.6223758465603472,179.05619689396448,3.2139243246933333e-09,8297.442538261414,2.5540541312076593e-05
2025-12-09,28645,101518950,70390,21821,3106.2376415603094,1000.0,2000.0,3000.0,1106.0,6546.200000000004,49428.720000000045,96.81601524353027,0.001689928700358357,0.476837158203125,0.3544037353813929,3189.275416666667,3107.2549999999997,3121.6850000000004,3365.5499999999997,3.344197659306667e-09,4.777425227580953e-10,3.25819301888e-09,3.2733239705600006e-09,3.5290349568e-09,3.2377189156081254e-07,0.002392089429140472,0.5016575130500799,138.69224534715926,3.26046942744381e-09,8394.258553504944,2.5864313203637405e-05
2025-12-10,28393,59139896,41494,19823,3114.7481884711055,1000.0,2000.0,3000.0,555.0,4959.199999999997,29052.519999999964,56.40019989013672,0.0009932060699844455,0.476837158203125,0.208290409608002,3333.2958333333336,3310.116,3323.115,3366.66,3.4952140117333337e-09,4.993162873904763e-10,3.470908194816e-09,3.48453863424e-09,3.53019887616e-09,1.9713076892056666e-07,0.002091408604725312,0.4386001738216897,120.95747348240444,3.298676728198096e-09,8450.65875339508,2.606144397255797e-05
2025-12-11,27083,60511271,41616,18930,3269.593188268685,1000.0,2000.0,3000.0,613.0,4780.5999999999985,31029.36,57.70804500579834,0.0010653924049366455,0.476837158203125,0.2234289812797696,3211.0458333333336,3180.202,3200.2200000000003,3252.863,3.3670255957333337e-09,4.810036565333334e-10,3.3346834923520003e-09,3.3556738867200006e-09,3.410874073088e-09,1.9430446461425416e-07,0.0017712938389764295,0.3714672416997097,105.40726130349296,3.3037472173104767e-09,8508.366798400879,2.6255748437172225e-05
2025-12-12,28452,58040113,39904,19441,3107.1788231909077,1000.0,2000.0,3000.0,523.0,4379.0,27957.939999999988,55.351365089416504,0.0009727148370837992,0.476837158203125,0.20399308660199633,3188.5712499999995,3071.742,3237.6499999999996,3249.663,3.34345928704e-09,4.776370410057143e-10,3.2209549393920005e-09,3.3949220864e-09,3.4075186298880003e-09,1.8506503565855122e-07,0.0015764804855700261,0.3306119203274151,93.4991865158081,3.315622340510477e-09,8563.718163490295,2.6440813472830777e-05
2025-12-13,30919,60676514,42255,22090,2874.189148730914,1000.0,2000.0,3000.0,522.0,3935.0,26451.0,57.86563301086426,0.0009357617162725874,0.476837158203125,0.19624345548044891,3102.8908333333334,3085.788,3102.85,3118.5370000000003,3.253616858453334e-09,4.6480240835047625e-10,3.2356832378880004e-09,3.2535740416000003e-09,3.2700230533120006e-09,1.8827259908922164e-07,0.001385644867962419,0.2905907906137123,81.48281506129673,3.3255630282361907e-09,8621.58379650116,2.662908607192e-05
2025-12-14,29510,60181218,40371,20478,3012.307799588578,1000.0,2000.0,4000.0,491.0,4930.0,27001.659999999996,57.39328193664551,0.000972437850502296,0.476837158203125,0.20393499830565912,3101.585416666667,3082.5009999999997,3104.7799999999997,3119.792,3.252248029866667e-09,4.6460686140952386e-10,3.232236568576e-09,3.25559779328e-09,3.271339016192e-09,1.866571881060375e-07,0.0012016728140695353,0.2520090545371554,69.46172836848667,3.3328269760609524e-09,8678.977078437805,2.6815743260026036e-05
2025-12-15,30065,87203188,60049,21499,2969.5865837313995,1000.0,2000.0,4000.0,804.0,4965.0,39596.12000000005,83.1634407043457,0.0013830607135264545,0.476837158203125,0.2900488541493431,3065.1966666666667,2936.527,3112.51,3155.533,3.214091659946667e-09,4.5915595142095246e-10,3.079171735552e-09,3.2637032857600006e-09,3.308816171008e-09,2.6729492118030665e-07,0.0011446431846663693,0.2400490744009446,66.38542584010533,3.3242647288685716e-09,8762.14051914215,2.7083038181206343e-05
2025-12-16,30589,47291034,38009,20747,2903.2897610806813,1000.0,2000.0,3000.0,420.0,3085.0,21348.599999999995,45.10024452209473,0.0007371971055296794,0.476837158203125,0.15460143842557783,2941.86875,2923.8810000000003,2945.625,2958.3849999999998,3.0847729664000005e-09,4.406818523428572e-10,3.0659114434560007e-09,3.0887116800000002e-09,3.10209150976e-09,1.391240150797875e-07,0.0010085386711194153,0.2115058891215424,58.997458594185964,3.2872040584533334e-09,8807.240763664246,2.722216219628613e-05
2025-12-17,30907,50696482,40457,21541,2875.686470294558,1000.0,2000.0,3000.0,484.0,3181.4000000000015,23175.19999999996,48.34793281555176,0.0007821518234631598,0.476837158203125,0.16402912608794123,2906.5733333333333,2820.123,2926.67,2956.393,3.0477630395733333e-09,4.353947199390476e-10,2.9571132948480004e-09,3.0688359219200003e-09,3.100002746368e-09,1.4735304267501334e-07,0.0009783880644735174,0.2051828486186766,57.84713472638811,3.223282491001905e-09,8855.588696479797,2.7369515238961144e-05
2025-12-18,31371,61253779,39819,21882,2833.9018630280766,1000.0,2000.0,3000.0,492.0,4376.0,25753.3,58.41615581512451,0.0009310534540678415,0.476837158203125,0.1952560613305282,2853.06875,2824.612,2836.33,2945.995,2.9916594176000003e-09,4.2737991680000003e-10,2.9618203525120004e-09,2.97410756608e-09,3.0890996531200003e-09,1.7476124268430624e-07,0.0009591967857779739,0.20115814576878496,57.94829341343471,3.1696587512685716e-09,8914.004852294922,2.754427648164545e-05
2025-12-19,33051,81341671,44327,23623,2691.7564957318214,1000.0,2000.0,3000.0,565.0,5788.0,30214.0,77.57346248626709,0.0011735418366504355,0.476837158203125,0.2461095609815134,2935.8799999999997,2830.6510000000003,2954.245,2981.336,3.07849330688e-09,4.3978475812571426e-10,2.9681527029760006e-09,3.09775040512e-09,3.126157377536e-09,2.3880938505547997e-07,0.0009878863571446362,0.2071747849658588,61.12287875584194,3.1318064683885715e-09,8991.578314781189,2.7783085866700928e-05
2025-12-20,34425,99523650,50410,27556,2588.862914343943,1000.0,2000.0,3000.0,1129.0,5518.600000000002,38200.2400000003,94.91314888000488,0.001378549729557079,0.476837158203125,0.28910283224400873,2979.478333333333,2975.149,2978.3450000000003,2984.459,3.1242094728533333e-09,4.463156389790476e-10,3.119669837824e-09,3.1230210867200005e-09,3.129432080384e-09,2.9652855882924995e-07,0.0010511417876138494,0.22044041021779595,66.41538102286202,3.1133196990171432e-09,9086.491463661194,2.807961442553018e-05
2025-12-21,33601,880191250,64346,28293,2666.7386675718208,1000.0,2000.0,3000.0,7048.0,45600.0,402038.0,839.4157886505127,0.01249093462472118,0.476837158203125,2.619538853010327,2980.31875,2969.646,2978.8950000000004,2994.878,3.1250907136e-09,4.4644153051428575e-10,3.1138995240960004e-09,3.1235978035200005e-09,3.1403571937280002e-09,2.6232504859609375e-06,0.0026966413267879756,0.5655266751756056,178.13288198198592,3.095154368121905e-09,9925.907252311707,3.070286491149112e-05
2025-12-22,31966,849308384,56012,25535,2790.626312219387,1000.0,2000.0,3000.0,5583.5,46075.0,396932.5999999995,809.9635925292969,0.012669142096748059,0.476837158203125,2.6569116686479384,3025.6045833333333,2991.844,3026.7799999999997,3055.586,3.1725763515733334e-09,4.532251930819048e-10,3.137175814144e-09,3.17380886528e-09,3.204014145536e-09,2.569671339293827e-06,0.004308938667248205,0.9036499343896907,281.9614750998361,3.0892236097828576e-09,10735.870844841003,3.327253625078495e-05
2025-12-23,32761,846521887,61513,27359,2729.1535060012634,1000.0,2000.0,4000.0,5819.0,43793.0,399951.6000000001,807.3061819076538,0.01232114681950572,0.476837158203125,2.583931769482006,2965.9558333333334,2930.057,2962.75,3003.132,3.1100301038933335e-09,4.442900148419048e-10,3.072387448832e-09,3.1066685440000003e-09,3.1490121400320004e-09,2.510746528791991e-06,0.00596378862638764,1.250697124540609,390.8480375834874,3.092831772281905e-09,11543.177026748657,3.578328277957694e-05
2025-12-24,33816,830022845,58580,27530,2641.9790838480826,1000.0,2000.0,4000.0,4638.0,41713.0,402044.04999999993,791.5714693069458,0.011704096719111453,0.476837158203125,2.4545269842678024,2937.67375,2922.848,2934.98,2961.763,3.08037419008e-09,4.400534557257143e-10,3.064828264448e-09,3.0775495884800002e-09,3.105633599488e-09,2.4383363236568187e-06,0.00752406646862311,1.5779111042805891,497.02282851082936,3.097490508068571e-09,12334.748496055603,3.822161910323376e-05
2025-12-25,31312,828543060,54334,23975,2852.327500825355,1000.0,2000.0,4000.0,2577.5,45806.8,409095.2899999999,790.1602363586426,0.012617530601025845,0.476837158203125,2.6460879535002557,2939.7675,2923.924,2942.0699999999997,2953.564,3.08256964608e-09,4.4036709229714287e-10,3.065956532224e-09,3.08498399232e-09,3.097036324864e-09,2.43572396013855e-06,0.009193563203902825,1.9280299460191215,601.5576971599033,3.1104776835657144e-09,13124.908732414246,4.065734306337231e-05
2025-12-26,30913,829795000,57352,24090,2889.594969731429,1000.0,2000.0,4000.0,2477.0,46858.399999999994,408130.68,791.3541793823242,0.012799698822215964,0.476837158203125,2.6842913984407852,2943.7358333333336,2915.978,2943.2200000000003,2972.638,3.0867307451733337e-09,4.4096153502476197e-10,3.0576245473280005e-09,3.0861898547200005e-09,3.117036863488e-09,2.4426972758208337e-06,0.010854442773269328,2.276341637084732,703.5263710021973,3.1116544604647623e-09,13916.26291179657,4.310004033919314e-05
2025-12-27,31425,829771716,56677,24504,2840.7588860026963,1000.0,2000.0,4000.0,2341.0,46191.000000000015,410136.3999999998,791.331974029541,0.012590803087184424,0.476837158203125,2.640482787589499,2928.3058333333333,2925.2110000000002,2928.005,2932.372,3.0705512174933338e-09,4.386501739276191e-10,3.0673060495360003e-09,3.07023577088e-09,3.074814902272e-09,2.4298253562978097e-06,0.012456193252930377,2.612253059276945,803.0147745949881,3.1039889954133334e-09,14707.59488582611,4.552986569549095e-05
2025-12-28,31309,824206337,55100,24245,2851.6318516318515,1000.0,2000.0,4000.0,2294.0,45918.200000000004,407644.4399999996,786.0244150161743,0.012552691159349936,0.476837158203125,2.632490137021304,2939.625,2931.878,2940.51,2946.8849999999998,3.082420224e-09,4.403457462857143e-10,3.074296905728e-09,3.0833482137600005e-09,3.09003288576e-09,2.422857553403625e-06,0.0124650156150202,2.6141032427070843,795.3874355043683,3.0978932111847617e-09,15493.619300842285,4.7952723248894576e-05
2025-12-29,30039,826269798,52316,22561,2964.8189462845376,1000.0,2000.0,4000.0,2405.0,48144.400000000016,407658.65999999986,787.9922847747803,0.01311615374637605,0.476837158203125,2.7506568061520023,2965.8133333333335,2925.616,2952.745,3033.55,3.109880681813334e-09,4.442686688304763e-10,3.0677307228160003e-09,3.0961775411200002e-09,3.1809077248000006e-09,2.45056198383904e-06,0.012528874422109914,2.627495405207665,792.2486772537231,3.088936686933333e-09,16281.611585617065,5.0403285232733617e-05
2025-12-30,26735,838731047,56204,20468,3351.1867825007757,1000.0,2000.0,5000.0,2160.0,51890.600000000006,434178.74,799.8762578964233,0.01495934651012574,0.476837158203125,3.137202345240322,2961.1337500000004,2934.375,2966.9449999999997,2983.9230000000002,3.1049737830400006e-09,4.4356768329142864e-10,3.0769152000000003e-09,3.11106732032e-09,3.1288700436480004e-09,2.4835948104445367e-06,0.012905760092198487,2.7065340588874243,791.187259537833,3.0882143553828573e-09,17081.48784351349,5.288688004317815e-05
2025-12-31,28680,837244170,56221,22137,3125.913597221217,1000.0,2000.0,4000.0,2341.0,50560.10000000002,413417.2799999998,798.4582614898682,0.0139201231082613,0.476837158203125,2.9192614016736402,2974.59625,2966.583,2972.1099999999997,2987.298,3.11909023744e-09,4.4558431963428576e-10,3.1106877358080004e-09,3.1164832153599997e-09,3.132408987648e-09,2.4904633684163622e-06,0.013222335290648465,2.7729246899454014,792.1710869925363,3.0937452192914286e-09,17879.946105003357,5.537734341159451e-05
2026-01-01,29156,828440359,70574,23867,3087.6089752751177,1000.0,2000.0,4000.0,1790.0,49806.0,407154.30000000005,790.0622930526733,0.013548880042747177,0.476837158203125,2.8414060879407326,2980.425416666667,2972.5060000000003,2979.28,2987.0750000000003,3.1252025617066673e-09,4.464575088152382e-10,3.1168984514560006e-09,3.1240015052800006e-09,3.1321751552000005e-09,2.4691047021560583e-06,0.01335538521089437,2.8008272805797554,792.1570950916836,3.099835635809524e-09,18670.00839805603,5.784644811375057e-05
2026-01-02,28982,816713897,84563,25008,3124.0915500596593,1000.0,2000.0,4000.0,1879.5,49322.70000000002,410838.9799999994,778.8790674209595,0.013437289825080386,0.476837158203125,2.818003923124698,3056.70125,3000.75,3045.55,3122.781,3.2051835699200003e-09,4.578833671314286e-10,3.146514432e-09,3.1934906368000004e-09,3.274473209856e-09,2.4964503898522715e-06,0.013446469639875003,2.819929069820314,790.37493624006,3.1167574679161906e-09,19448.88746547699,6.034289850360284e-05
2026-01-03,29319,864997047,93335,25844,3093.2264069884004,1000.0,2000.0,5000.0,4963.0,51339.600000000006,427989.1,824.9254674911499,0.014068103746566219,0.476837158203125,2.9502951908318837,3109.754166666667,3098.714,3109.28,3124.345,3.2608135850666672e-09,4.658305121523811e-10,3.2492371312640003e-09,3.2603163852800003e-09,3.27611318272e-09,2.6899281710626128e-06,0.013657512591215257,2.864187984569226,795.1740067345755,3.1439378061409532e-09,20273.81293296814,6.303282667466545e-05
2026-01-04,29447,864287034,88942,25659,3065.715705059967,1000.0,2000.0,4000.0,4963.0,50512.200000000004,425779.3600000004,824.2483463287354,0.013995455332100644,0.476837158203125,2.935059714062553,3139.69875,3131.83,3138.54,3147.7309999999998,3.2922127564800004e-09,4.703161080685715e-10,3.2839617740800003e-09,3.2909977190400003e-09,3.300635181056e-09,2.7136009202910076e-06,0.013863621758751074,2.907412209860833,800.6345683506557,3.1739081679238103e-09,21098.061279296875,6.574642759495646e-05
2026-01-05,29787,869345387,84801,25818,3034.4185719804727,1000.0,2000.0,4000.0,4569.0,50857.80000000001,430648.1599999999,829.0723676681519,0.013916681231210794,0.476837158203125,2.918539587739618,3184.2762500000003,3154.6879999999996,3174.9750000000004,3232.596,3.3389556531200004e-09,4.769936647314286e-10,3.307930124288e-09,3.3292025856000007e-09,3.389622583296e-09,2.768235868871159e-06,0.01397798282801318,2.9313954643733493,806.5031516211374,3.2066331638247625e-09,21927.133646965027,6.851466346382762e-05
2026-01-06,29879,832452267,80138,25610,3014.969641984786,1000.0,2000.0,4000.0,1734.0,49712.2,412999.14,793.8883466720581,0.013285055501724591,0.476837158203125,2.786078071555273,3233.1745833333334,3216.541,3225.29,3271.7019999999998,3.3902292718933337e-09,4.843184674133334e-10,3.3727876956160002e-09,3.3819616870400004e-09,3.430628196352e-09,2.691463511502614e-06,0.013738798398241589,2.8812348538469137,805.6477357319424,3.2473839479466673e-09,22721.021993637085,7.120612697533023e-05
2026-01-07,30064,833334461,84495,26233,3007.135646907306,1000.0,2000.0,4000.0,1765.0,49609.100000000006,411456.38999999984,794.7296724319458,0.01321729763890277,0.476837158203125,2.7718682178020226,3209.5866666666666,3146.378,3214.11,3263.9320000000002,3.3654955485866666e-09,4.807850783695238e-10,3.2992164577280004e-09,3.3702386073600005e-09,3.4224807608320006e-09,2.674659174899453e-06,0.013638394759761797,2.860178684722397,805.1150801522391,3.2825847066819053e-09,23515.75166606903,7.388078615022968e-05
2026-01-08,31338,714271631,78691,27130,2872.8796647375775,1000.0,2000.0,3000.0,1477.0,43833.29999999999,409001.2000000001,681.1825094223022,0.010868314975785026,0.476837158203125,2.2792508488097516,3122.39,3094.6000000000004,3116.205,3162.579,3.2740632166400002e-09,4.677233166628572e-10,3.2449232896000007e-09,3.2675777740800003e-09,3.3162044375040004e-09,2.23023459791809e-06,0.01325545689305292,2.779870793417971,789.5608253479004,3.3038505145295243e-09,24196.934175491333,7.611102074814776e-05
2026-01-09,31675,53815030,60970,25669,2828.940906858733,1000.0,2000.0,3000.0,394.0,3406.4000000000087,27831.979999999803,51.322011947631836,0.0008101343638142358,0.476837158203125,0.1698974901341752,3097.459166666667,3076.742,3098.44,3115.2129999999997,3.2479213431466673e-09,4.639887633066668e-10,3.2261978193920004e-09,3.2489498214400003e-09,3.266537586688e-09,1.6668985797794168e-07,0.011451577541443467,2.4015698744193257,685.624103137425,3.3099559107047622e-09,24248.256187438965,7.62777106061257e-05
2026-01-10,31706,60121600,61690,25845,2824.894583728304,1000.0,2000.0,3000.0,420.0,3791.0,30312.35000000001,57.33642578125,0.0009041888882427617,0.476837158203125,0.18962215353560838,3086.6454166666667,3080.643,3086.785,3092.669,3.236582304426667e-09,4.6236890063238096e-10,3.230288314368e-09,3.23672866816e-09,3.242898489344e-09,1.8557406108266668e-07,0.00957101827596869,2.0071880119484287,575.9685257502964,3.3064942991847618e-09,24305.592613220215,7.646328466720837e-05
2026-01-11,31637,44651501,59141,25472,2825.930529207824,1000.0,2000.0,3000.0,394.0,2542.0,23603.559999999998,42.58298969268799,0.0006729934837798778,0.476837158203125,0.14113696304959383,3103.8329166666667,3089.836,3101.8900000000003,3121.5969999999998,3.254604704426667e-09,4.649435292038096e-10,3.239927873536e-09,3.2525674086400004e-09,3.273231695872e-09,1.385907985823746e-07,0.007667809440494293,1.6080561903751491,464.3020462308611,3.3011217203200003e-09,24348.175602912903,7.660187546579074e-05
2026-01-12,31708,47177784,59452,25625,2814.9850084734717,1000.0,2000.0,3000.0,394.0,2823.0,23667.79,44.99224090576172,0.0007094777486085801,0.476837158203125,0.1487882679449981,3119.7029166666666,3099.429,3114.645,3153.667,3.2712456055466667e-09,4.67320800792381e-10,3.249986863104e-09,3.2659419955200004e-09,3.306859528192e-09,1.4718067034666999e-07,0.005781066085836835,1.212377430404489,352.2905995505197,3.2914488563809526e-09,24393.167843818665,7.674905613613741e-05
2026-01-13,36555,45977193,53947,28709,2436.5097265294617,1000.0,2000.0,3000.0,394.0,2851.0,13516.399999999965,43.84726810455322,0.0005997437847702534,0.476837158203125,0.12577538777185063,3151.2808333333337,3100.374,3132.1099999999997,3207.33,3.304357451093334e-09,4.720510644419048e-10,3.250977767424e-09,3.28425537536e-09,3.36312926208e-09,1.4488704707136753e-07,0.003968878697700501,0.8323341898640001,245.1418740408761,3.2791814534095242e-09,24437.015111923218,7.689394318320878e-05
2026-01-14,36664,49511670,64007,31108,2431.872554814377,1000.0,2000.0,3000.0,420.0,3130.0,14111.070000000029,47.218008041381836,0.0006439287590194992,0.476837158203125,0.1350416484835261,3334.3675000000003,3304.8410000000003,3333.3050000000003,3366.8709999999996,3.4963377356800007e-09,4.994768193828572e-10,3.4653769564160005e-09,3.4952236236800007e-09,3.530420125696e-09,1.65090103318725e-07,0.0021726831434314624,0.4556446799613577,138.3544934136527,3.2978731944228572e-09,24484.2331199646,7.70590332865275e-05
2026-01-15,38973,50456892,61512,32625,2286.0506958776527,1000.0,2000.0,3000.0,419.0,2896.4000000000087,12897.359999999986,48.119441986083984,0.000617343314423883,0.476837158203125,0.1294662766530675,3324.57375,3288.11,3323.83,3362.577,3.4860682444800004e-09,4.980097492114286e-10,3.4478332313600005e-09,3.4852883660800002e-09,3.5259175403520005e-09,1.67747658649785e-07,0.0007082586203798704,0.14853259822468853,47.916912351335796,3.3281596269714288e-09,24532.352561950684,7.722678094517728e-05
2026-01-16,40948,53817471,71100,35995,2184.7974510696404,1000.0,2000.0,3000.0,491.0,2911.9000000000087,11850.369999999966,51.324339866638184,0.0006267014245706528,0.476837158203125,0.13142881459411937,3297.2925,3276.685,3297.815,3313.0190000000002,3.4574617804800003e-09,4.939231114971429e-10,3.43585325056e-09,3.45800966144e-09,3.4739522109440005e-09,1.774519434972675e-07,0.0006820539147736443,0.1430370731475377,47.91724491119385,3.3580939751619053e-09,24583.67690181732,7.740423288867455e-05
2026-01-17,41179,59731020,78985,37458,2180.9117528271404,1000.0,2000.0,3000.0,611.0,3207.0,12087.96000000008,56.96393966674805,0.0006916624938287482,0.476837158203125,0.1450521382257947,3301.3541666666665,3289.6079999999997,3299.5249999999996,3317.084,3.4617207466666666e-09,4.945315352380952e-10,3.4494039982079998e-09,3.4598027264e-09,3.478214672384e-09,1.9719325175625002e-07,0.000651693001285928,0.1366699281032786,47.86403260912214,3.3902566097676196e-09,24640.64084148407,7.76014261404308e-05
2026-01-18,39867,53176132,77736,36037,2250.345097017841,1000.0,2000.0,3000.0,513.0,2863.800000000003,12471.379999999976,50.712711334228516,0.0006360236703818762,0.476837158203125,0.13338383123886924,3323.2204166666666,3303.364,3321.325,3343.176,3.484649171626667e-09,4.978070245180953e-10,3.463828209664e-09,3.4826616832e-09,3.5055741173760004e-09,1.7671600754176167e-07,0.0006464115993719278,0.13556233784460367,49.0254214150565,3.423120105081905e-09,24691.3535528183,7.777814214797255e-05
2026-01-19,37872,53882249,75112,33906,2368.4859782340523,1000.0,2000.0,3000.0,499.0,3016.0,14345.610000000008,51.38611698150635,0.0006784183167182397,0.476837158203125,0.142274632974229,3213.7833333333333,3202.06,3212.255,3221.5550000000003,3.3698960725333335e-09,4.81413724647619e-10,3.3576032665600002e-09,3.3682934988800004e-09,3.3780452556800004e-09,1.7316587379871667e-07,0.0006419745376733077,0.13463181856306522,49.93883228302002,3.437213028937143e-09,24742.739669799805,7.795130802177127e-05
2026-01-20,37506,56726925,76151,33619,2391.695501730104,1000.0,2000.0,3000.0,513.0,3208.5,15716.799999999988,54.09901142120361,0.0007212047595211914,0.476837158203125,0.15124760038393856,3086.7625000000003,2991.476,3099.965,3186.015,3.2367050752000004e-09,4.623864393142858e-10,3.136789938176e-09,3.2505488998400003e-09,3.34077886464e-09,1.7510254483031253e-07,0.0006593261054948703,0.13827070607907777,51.403367042541504,3.427548403809524e-09,24796.83868122101,7.812641056660158e-05
2026-01-21,34522,56706093,73613,30396,2594.7983301798963,1000.0,2000.0,3000.0,513.0,3410.0,18133.17000000002,54.07914447784424,0.0007832562493170187,0.476837158203125,0.16426074097676843,2966.603333333333,2925.4990000000003,2963.645,3017.902,3.1107090568533332e-09,4.4438700812190474e-10,3.0676080394240005e-09,3.10760701952e-09,3.1644996075520004e-09,1.6822448451410998e-07,0.0006792300326802302,0.14244486214954097,52.38352939060756,3.3724585925485715e-09,24850.917825698853,7.829463505111569e-05
2026-01-22,34444,63916574,76513,30501,2603.827606992164,1000.0,2000.0,3000.0,654.0,4236.100000000002,20063.969999999994,60.95559501647949,0.0008848506999256691,0.476837158203125,0.18556664150505167,2980.645,2941.243,2984.84,3016.595,3.12543281152e-09,4.464904016457143e-10,3.0841168199680003e-09,3.1298315878400002e-09,3.16312911872e-09,1.9051261671023e-07,0.0007174453734661996,0.1504591999855387,54.21726553780692,3.3209392449828573e-09,24911.873420715332,7.848514766782592e-05
2026-01-23,33387,54881160,73219,29073,2686.2214760927686,1000.0,2000.0,3000.0,513.0,3509.600000000006,18868.79999999999,52.33875274658203,0.0007838193420580171,0.476837158203125,0.16437883008356546,2947.0975,2924.831,2947.0249999999996,2972.238,3.09025570816e-09,4.414651011657143e-10,3.0669075906560005e-09,3.0901796863999998e-09,3.116617433088e-09,1.617401294331e-07,0.0007398907902501089,0.1551663450554596,54.362181663513184,3.2684812346514287e-09,24964.212173461914,7.864688779725901e-05
2026-01-24,31043,59579655,75165,26864,2893.5030140656395,1000.0,2000.0,4000.0,651.0,4115.0,20826.239999999947,56.819586753845215,0.0009151755106440295,0.476837158203125,0.19192621524981476,2954.8254166666666,2949.8469999999998,2955.6099999999997,2958.679,3.0983590161066666e-09,4.4262271658666664e-10,3.093138767872e-09,3.09918171136e-09,3.1023997911040004e-09,1.7604747891023127e-07,0.0007718212212237206,0.16186264177317675,54.341559818812776,3.216572416e-09,25021.03176021576,7.882293527616924e-05
2026-01-25,31376,53525173,70991,26802,2854.1838723530773,1000.0,2000.0,4000.0,510.0,3553.0,19510.5,51.04558277130127,0.000813449495973057,0.476837158203125,0.17059272373788884,2908.9829166666664,2813.897,2933.795,2948.706,3.0502896708266667e-09,4.357556672609524e-10,2.950584860672e-09,3.07630702592e-09,3.0919423426560005e-09,1.557038138686279e-07,0.0007971677677367463,0.16717819784446525,54.38911288125174,3.1545210587428573e-09,25072.07734298706,7.897863909003786e-05
2026-01-26,34303,55581269,72841,29394,2612.2263877131454,1000.0,2000.0,3000.0,436.0,3257.5999999999985,18877.920000000013,53.006428718566895,0.0007726208891141722,0.476837158203125,0.16203034428475643,2889.505416666667,2850.942,2898.235,2921.453,3.029866031786667e-09,4.3283800454095243e-10,2.989429358592e-09,3.0390196633600005e-09,3.063365500928e-09,1.6060237784070708e-07,0.0008106252780790223,0.17000044231739775,54.62058598654611,3.1059453386361904e-09,25125.083771705627,7.913924146787857e-05
2026-01-27,33433,60440694,71682,28063,2684.3593648031324,1000.0,2000.0,3000.0,436.0,3386.0,22950.920000000006,57.640737533569336,0.0008620335825915912,0.476837158203125,0.18078154517991207,2940.3987500000003,2909.76,2927.855,3005.098,3.0832315596800005e-09,4.404616513828572e-10,3.0511045017600006e-09,3.0700784844800003e-09,3.1510736404480002e-09,1.7771974108673251e-07,0.0008307436813747937,0.1742195772882511,55.12654685974121,3.084020550704762e-09,25182.724509239197,7.931696120896531e-05
2026-01-28,33563,62181721,71180,28408,2673.6070290505213,1000.0,2000.0,3000.0,436.0,3437.0,24345.019999999793,59.30111026763916,0.0008834298225373053,0.476837158203125,0.1852686619193755,3011.3925,3001.412,3010.305,3025.784,3.15767390208e-09,4.510962717257143e-10,3.147208589312e-09,3.15653357568e-09,3.1727644835840005e-09,1.872535682564925e-07,0.0008450541918348347,0.1772207088514807,55.87254197256906,3.090729814308572e-09,25242.025619506836,7.950421477722181e-05
2026-01-29,33829,65779140,73914,28735,2653.2260541104934,1000.0,2000.0,3000.0,513.0,3684.2000000000007,24314.560000000027,62.731876373291016,0.0009271908181337169,0.476837158203125,0.19444600786307606,2902.097916666667,2804.412,2936.285,2979.823,3.0430702250666674e-09,4.3472431786666675e-10,2.940639117312e-09,3.07891798016e-09,3.1245708820480002e-09,1.9089750515412503e-07,0.0008511027801502702,0.17848918975976988,56.12629645211356,3.078963730529524e-09,25304.757495880127,7.969511228237593e-05
2026-01-30,33056,47470780,56636,25611,2700.6313683815715,1000.0,2000.0,3000.0,289.0,3123.0,17015.05000000002,45.271663665771484,0.0006847722601913644,0.476837158203125,0.14360715150048403,2734.0849999999996,2705.581,2732.8050000000003,2754.457,2.86689591296e-09,4.095565589942857e-10,2.8370073026560003e-09,2.8655537356800005e-09,2.888257503232e-09,1.297891475363e-07,0.0008369531970264626,0.17552180710504395,55.116712297712056,3.0470551883580956e-09,25350.0291595459,7.982490142991223e-05
2026-01-31,33747,48897772,57801,26353,2648.569939609454,1000.0,2000.0,3000.0,394.0,3150.0,17081.94000000001,46.63254928588867,0.0006909139965906402,0.476837158203125,0.14489516697780544,2583.0733333333333,2391.736,2639.285,2699.6549999999997,2.7085487035733335e-09,3.869355290819048e-10,2.507916967936e-09,2.76749090816e-09,2.83079344128e-09,1.2630653091261332e-07,0.0008049158378759785,0.16880308592332832,53.661421230861116,2.9913680008533335e-09,25396.661708831787,7.995120796082484e-05
2026-02-01,34027,44765956,55684,26272,2626.5693874449003,1000.0,2000.0,3000.0,260.0,2825.4000000000015,16103.219999999994,42.692142486572266,0.0006273274530016203,0.476837158203125,0.13156010227172538,2383.815,2308.978,2401.76,2447.183,2.4996111974400003e-09,3.5708731392000005e-10,2.4211389153280003e-09,2.5184278937600002e-09,2.5660573614080003e-09,1.0671375740214001e-07,0.0007783269745943447,0.16322699714244784,52.46807261875698,2.9126996475123817e-09,25439.35385131836,8.005792171822698e-05
2026-02-02,33606,52104275,61176,26811,2667.2120519865402,1000.0,2000.0,3000.0,420.0,3291.0,18662.899999999994,49.69050884246826,0.0007393100762135967,0.476837158203125,0.15504456049514967,2293.9958333333334,2230.5750000000003,2290.9,2352.645,2.4054289749333335e-09,3.436327107047619e-10,2.3389274112000006e-09,2.4021827584000002e-09,2.46692708352e-09,1.1952698974885417e-07,0.0007735682870371195,0.16222902802964687,51.99436977931431,2.823494353676191e-09,25489.044360160828,8.017744870797583e-05
2026-02-03,34065,62064261,67175,28274,2641.024857064237,1000.0,2000.0,3000.0,519.0,4070.600000000002,20246.960000000006,59.18909168243408,0.0008687669408841051,0.476837158203125,0.18219363276089828,2286.95125,2213.889,2297.46,2343.337,2.3980421939200004e-09,3.4257745627428575e-10,2.3214308720640004e-09,2.40906141696e-09,2.457166938112e-09,1.4193793927427626e-07,0.0007745301953646216,0.16243075482693062,52.21556322915213,2.7256101585676197e-09,25548.23345184326,8.031938664725011e-05
2026-02-04,34245,61663984,65772,28171,2624.4837220602526,1000.0,2000.0,3000.0,549.0,3960.2000000000044,20296.75999999995,58.80735778808594,0.0008586269205443997,0.476837158203125,0.1800671163673529,2213.065,2122.567,2241.67,2275.194,2.3205668454400004e-09,3.3150954934857147e-10,2.2256728145920003e-09,2.3505613619200004e-09,2.3857138237440003e-09,1.3646640475096e-07,0.0007709869236513493,0.1616876768909274,52.14502716064453,2.6060234361904764e-09,25607.040809631348,8.045585305200107e-05
2026-02-05,32672,69262613,60453,25794,2737.934531165827,1000.0,2000.0,3000.0,592.0,4630.9000000000015,24994.990000000027,66.05397510528564,0.0010108651919883331,0.476837158203125,0.2119937959108717,2040.4608333333333,1890.079,2079.6800000000003,2139.284,2.1395782587733336e-09,3.056540369676191e-10,1.981891477504e-09,2.1807025356800003e-09,2.2432018595840004e-09,1.4132764904082419e-07,0.00078294040563058,0.1641945037548982,52.61961269378662,2.476953155291429e-09,25673.094784736633,8.05971807010419e-05
2026-02-06,39853,64118228,64317,32851,2256.404899323601,1000.0,2000.0,3000.0,522.0,3570.0,17784.920000000093,61.14790725708008,0.0007671681837889253,0.476837158203125,0.16088682909693122,1955.3320833333335,1877.318,1927.99,2060.61,2.0503142946133335e-09,2.929020420876191e-10,1.9685105991680003e-09,2.02164404224e-09,2.16070619136e-09,1.2537242833488169e-07,0.000794711251858803,0.16666302912581923,54.88764749254499,2.3602986383847623e-09,25734.242691993713,8.072255312937678e-05
2026-02-07,40931,74083781,66942,34378,2198.778470543326,1000.0,2000.0,3000.0,680.0,3995.0,19308.399999999965,70.65179920196533,0.0008630597737896134,0.476837158203125,0.18099675307224353,2055.8708333333334,2016.847,2054.435,2093.413,2.1557368149333336e-09,3.0796240213333336e-10,2.114817359872e-09,2.15423123456e-09,2.195102629888e-09,1.5230668458095415e-07,0.0008193035057443706,0.17182039856788184,58.31896890912737,2.2813255114361908e-09,25804.89449119568,8.087485981395773e-05
2026-02-08,40605,51520263,56423,31575,2205.913141164756,1000.0,2000.0,3000.0,394.0,3150.5999999999985,13084.0,49.133551597595215,0.0006050184903040909,0.476837158203125,0.12688157369782047,2099.42875,2079.362,2094.7799999999997,2124.8450000000003,2.20141060096e-09,3.1448722870857144e-10,2.1803690885120004e-09,2.19653603328e-09,2.2280614707200003e-09,1.0816312134976124e-07,0.0008161165110732951,0.17115203734303824,59.23917021070208,2.238725426224762e-09,25854.028042793274,8.09830229353075e-05
2026-02-09,41624,53502619,61105,33724,2153.1349681020733,1000.0,2000.0,3000.0,420.0,2864.0,13710.61999999998,51.02407360076904,0.0006129165097151769,0.476837158203125,0.12853790841822027,2078.205,2028.1470000000002,2083.2349999999997,2126.1059999999998,2.17915588608e-09,3.113079837257143e-10,2.126666268672e-09,2.18443022336e-09,2.229383725056e-09,1.11189410318895e-07,0.0007980602872878067,0.16736537276061977,59.42967946188791,2.2064006992457146e-09,25905.052116394043,8.109421234562639e-05
2026-02-10,41333,52350446,61456,33794,2167.83339606072,1000.0,2000.0,3000.0,420.0,2661.0,13887.480000000003,49.925275802612305,0.0006039396584159425,0.476837158203125,0.12665532625263107,2035.4879166666667,2006.789,2015.9,2102.1279999999997,2.134363777706667e-09,3.049091111009524e-10,2.104270782464e-09,2.1138243584000003e-09,2.2042409697279997e-09,1.0655870026511084e-07,0.0007602278183637835,0.15943132897372445,58.10627719334194,2.168732354072381e-09,25954.977392196655,8.12007710458915e-05
2026-02-11,37286,50320130,55567,28938,2397.8963143872115,1000.0,2000.0,3000.0,420.0,3010.5,15360.800000000017,47.98901557922363,0.0006435259290246155,0.476837158203125,0.13495716891058307,1962.96125,1932.823,1951.1399999999999,2018.837,2.05831405568e-09,2.9404486509714286e-10,2.0267118100480004e-09,2.04591857664e-09,2.116904026112e-09,9.877646528496249e-08,0.0007294991052895285,0.1529870507656145,56.560799734933035,2.1312676698209526e-09,26002.96640777588,8.129954751117646e-05
2026-02-12,40020,64336697,61565,32725,2239.3530158894737,1000.0,2000.0,3000.0,420.0,3790.199999999997,16763.959999999963,61.356255531311035,0.0007665699091867946,0.476837158203125,0.16076136181909045,1955.1458333333333,1915.4450000000002,1964.18,1986.526,2.0501189973333335e-09,2.9287414247619053e-10,2.00848965632e-09,2.0595920076800003e-09,2.0830234869760003e-09,1.2578762506997914e-07,0.000694599779175023,0.14566813160964573,55.88969693865095,2.118487775329524e-09,26064.32266330719,8.142533513624645e-05
2026-02-13,42608,51796162,59326,34219,2102.360097323601,1000.0,2000.0,3000.0,354.0,2698.0,12393.300000000003,49.39666938781738,0.0005796642577428814,0.476837158203125,0.12156440574539994,1985.0279166666667,1933.9569999999999,1959.34,2058.707,2.081452632746667e-09,2.973503761066667e-10,2.027900895232e-09,2.05451689984e-09,2.158710751232e-09,1.0281682754618917e-07,0.0006678135040255882,0.14005064255942698,54.21094867161342,2.1229361093485716e-09,26113.719332695007,8.152815196379263e-05
2026-02-14,23309,25280689,33446,19413,1987.3015873015872,1000.0,2000.0,3000.0,420.0,2383.2000000000007,9443.15999999996,24.109543800354004,0.0005171724183867606,0.476837158203125,0.10845891715646316,2062.9486666666667,2049.236,2053.59,2079.84,2.1631584610986666e-09,3.090226372998095e-10,2.148779687936e-09,2.1533451878400003e-09,2.1808703078400003e-09,5.215276366496466e-08,0.0006184010246823234,0.12968809457145833,47.5620550428118,2.123996344515048e-09,26137.82887649536,8.15803047274576e-05
2026-02-16,51,62060,61,43,1816.3265306122448,1000.0,1000.0,3000.0,792.0,2929.0,7058.0,0.059185028076171875,0.0011604907465916053,0.95367431640625,0.12168627450980392,,,,,,,,,,,0.0006977542041519683,0.1289459089731703,40.55143124716623,2.111093968440889e-09,26137.888061523438,
