block_number,timestamp_ms,blob_count,blob_gas_used,excess_blob_gas
19426587,1710338135000,0,0,0
19426588,1710338147000,0,0,0
19426589,1710338159000,1,131072,0
19426590,1710338171000,0,0,0
19426591,1710338183000,0,0,0
19426592,1710338195000,0,0,0
19426593,1710338207000,0,0,0
19426594,1710338219000,0,0,0
19426595,1710338231000,0,0,0
19426596,1710338243000,0,0,0
19426597,1710338255000,3,393216,0
19426598,1710338267000,0,0,0
19426599,1710338279000,2,262144,0
19426600,1710338291000,0,0,0
19426601,1710338303000,0,0,0
19426602,1710338315000,0,0,0
19426603,1710338327000,0,0,0
19426604,1710338339000,0,0,0
19426605,1710338351000,0,0,0
19426606,1710338363000,0,0,0
19426607,1710338375000,0,0,0
19426608,1710338387000,0,0,0
19426609,1710338399000,0,0,0
19426610,1710338411000,0,0,0
19426611,1710338423000,0,0,0
19426612,1710338435000,0,0,0
19426613,1710338447000,0,0,0
19426614,1710338459000,0,0,0
19426615,1710338471000,0,0,0
19426616,1710338483000,0,0,0
19426617,1710338495000,0,0,0
19426618,1710338507000,0,0,0
19426619,1710338519000,0,0,0
19426620,1710338531000,0,0,0
19426621,1710338543000,0,0,0
19426622,1710338555000,0,0,0
19426623,1710338567000,0,0,0
19426624,1710338579000,0,0,0
19426625,1710338591000,0,0,0
19426626,1710338603000,0,0,0
19426627,1710338615000,0,0,0
19426628,1710338627000,0,0,0
19426629,1710338639000,0,0,0
19426630,1710338651000,0,0,0
19426631,1710338663000,1,131072,0
19426632,1710338675000,0,0,0
19426633,1710338687000,0,0,0
19426634,1710338699000,0,0,0
19426635,1710338711000,0,0,0
19426636,1710338723000,1,131072,0
19426637,1710338735000,0,0,0
19426638,1710338747000,0,0,0
19426639,1710338759000,0,0,0
19426640,1710338771000,0,0,0
19426641,1710338783000,0,0,0
19426642,1710338795000,0,0,0
19426643,1710338807000,0,0,0
19426644,1710338819000,0,0,0
19426645,1710338831000,0,0,0
19426646,1710338843000,0,0,0
19426647,1710338855000,0,0,0
19426648,1710338867000,1,131072,0
19426649,1710338879000,0,0,0
19426650,1710338891000,0,0,0
19426651,1710338903000,0,0,0
19426652,1710338915000,1,131072,0
19426653,1710338927000,0,0,0
19426654,1710338939000,0,0,0
19426655,1710338951000,0,0,0
19426656,1710338963000,0,0,0
19426657,1710338975000,0,0,0
19426658,1710338987000,0,0,0
19426659,1710338999000,1,131072,0
19426660,1710339011000,0,0,0
19426661,1710339023000,0,0,0
19426662,1710339035000,0,0,0
19426663,1710339047000,0,0,0
19426664,1710339059000,0,0,0
19426665,1710339071000,6,786432,0
19426666,1710339083000,0,0,393216
19426667,1710339095000,0,0,0
19426668,1710339107000,0,0,0
19426669,1710339119000,0,0,0
19426670,1710339131000,0,0,0
19426671,1710339143000,0,0,0
19426672,1710339155000,0,0,0
19426673,1710339167000,0,0,0
19426674,1710339179000,6,786432,0
19426675,1710339191000,0,0,393216
19426676,1710339203000,0,0,0
19426677,1710339215000,0,0,0
19426678,1710339227000,6,786432,0
19426679,1710339239000,0,0,393216
19426680,1710339251000,0,0,0
19426681,1710339263000,0,0,0
19426682,1710339275000,0,0,0
19426683,1710339287000,5,655360,0
19426684,1710339299000,0,0,262144
19426685,1710339311000,0,0,0
19426686,1710339323000,0,0,0
19426687,1710339335000,0,0,0
19426688,1710339347000,4,524288,0
19426689,1710339359000,0,0,131072
19426690,1710339371000,0,0,0
19426691,1710339383000,0,0,0
19426692,1710339395000,0,0,0
19426693,1710339407000,0,0,0
19426694,1710339419000,0,0,0
19426695,1710339431000,0,0,0
19426696,1710339443000,3,393216,0
19426697,1710339455000,0,0,0
19426698,1710339467000,0,0,0
19426699,1710339479000,0,0,0
19426700,1710339491000,0,0,0
19426701,1710339503000,0,0,0
19426702,1710339515000,0,0,0
19426703,1710339527000,0,0,0
19426704,1710339539000,0,0,0
19426705,1710339551000,0,0,0
19426706,1710339563000,0,0,0
19426707,1710339575000,0,0,0
19426708,1710339587000,0,0,0
19426709,1710339599000,2,262144,0
19426710,1710339611000,0,0,0
19426711,1710339623000,0,0,0
19426712,1710339635000,0,0,0
19426713,1710339647000,0,0,0
19426714,1710339659000,0,0,0
19426715,1710339671000,0,0,0
19426716,1710339683000,0,0,0
19426717,1710339695000,0,0,0
19426718,1710339707000,0,0,0
19426719,1710339719000,0,0,0
19426720,1710339731000,0,0,0
19426721,1710339743000,1,131072,0
19426722,1710339755000,0,0,0
19426723,1710339767000,0,0,0
19426724,1710339779000,0,0,0
19426725,1710339791000,0,0,0
19426726,1710339803000,0,0,0
19426727,1710339815000,0,0,0
19426728,1710339827000,0,0,0
19426729,1710339839000,0,0,0
19426730,1710339851000,0,0,0
19426731,1710339863000,0,0,0
19426732,1710339875000,0,0,0
19426733,1710339887000,0,0,0
19426734,1710339899000,0,0,0
19426735,1710339923000,0,0,0
19426736,1710339935000,0,0,0
19426737,1710339947000,0,0,0
19426738,1710339959000,0,0,0
19426739,1710339971000,0,0,0
19426740,1710339983000,0,0,0
19426741,1710339995000,0,0,0
19426742,1710340007000,0,0,0
19426743,1710340019000,0,0,0
19426744,1710340043000,0,0,0
19426745,1710340055000,0,0,0
19426746,1710340067000,0,0,0
19426747,1710340079000,0,0,0
19426748,1710340091000,0,0,0
19426749,1710340103000,0,0,0
19426750,1710340115000,0,0,0
19426751,1710340127000,0,0,0
19426752,1710340139000,0,0,0
19426753,1710340151000,0,0,0
19426754,1710340163000,0,0,0
19426755,1710340175000,0,0,0
19426756,1710340187000,0,0,0
19426757,1710340199000,0,0,0
19426758,1710340211000,0,0,0
19426759,1710340223000,0,0,0
19426760,1710340235000,0,0,0
19426761,1710340247000,0,0,0
19426762,1710340259000,0,0,0
19426763,1710340271000,0,0,0
19426764,1710340283000,0,0,0
19426765,1710340295000,0,0,0
19426766,1710340307000,0,0,0
19426767,1710340319000,0,0,0
19426768,1710340331000,0,0,0
19426769,1710340343000,0,0,0
19426770,1710340355000,0,0,0
19426771,1710340367000,0,0,0
19426772,1710340379000,0,0,0
19426773,1710340391000,0,0,0
19426774,1710340403000,0,0,0
19426775,1710340415000,0,0,0
19426776,1710340427000,0,0,0
19426777,1710340439000,0,0,0
19426778,1710340451000,0,0,0
19426779,1710340463000,0,0,0
19426780,1710340475000,0,0,0
19426781,1710340487000,0,0,0
19426782,1710340499000,0,0,0
19426783,1710340511000,0,0,0
19426784,1710340523000,0,0,0
19426785,1710340535000,0,0,0
19426786,1710340547000,0,0,0
19426787,1710340559000,0,0,0
19426788,1710340571000,0,0,0
19426789,1710340583000,0,0,0
19426790,1710340595000,0,0,0
19426791,1710340607000,0,0,0
19426792,1710340619000,0,0,0
19426793,1710340631000,0,0,0
19426794,1710340643000,0,0,0
19426795,1710340655000,0,0,0
19426796,1710340667000,0,0,0
19426797,1710340679000,0,0,0
19426798,1710340691000,0,0,0
19426799,1710340703000,0,0,0
19426800,1710340715000,0,0,0
19426801,1710340739000,0,0,0
19426802,1710340751000,0,0,0
19426803,1710340763000,0,0,0
19426804,1710340775000,0,0,0
19426805,1710340787000,0,0,0
19426806,1710340799000,0,0,0
19426807,1710340811000,0,0,0
19426808,1710340823000,0,0,0
19426809,1710340835000,0,0,0
19426810,1710340847000,0,0,0
19426811,1710340859000,0,0,0
19426812,1710340871000,0,0,0
19426813,1710340883000,0,0,0
19426814,1710340895000,0,0,0
19426815,1710340907000,0,0,0
19426816,1710340919000,0,0,0
19426817,1710340931000,0,0,0
19426818,1710340943000,0,0,0
19426819,1710340955000,0,0,0
19426820,1710340967000,0,0,0
19426821,1710340979000,0,0,0
19426822,1710340991000,0,0,0
19426823,1710341003000,0,0,0
19426824,1710341015000,0,0,0
19426825,1710341027000,0,0,0
19426826,1710341051000,0,0,0
19426827,1710341063000,0,0,0
19426828,1710341075000,0,0,0
19426829,1710341087000,0,0,0
19426830,1710341099000,0,0,0
19426831,1710341111000,0,0,0
19426832,1710341123000,0,0,0
19426833,1710341135000,0,0,0
19426834,1710341147000,0,0,0
19426835,1710341159000,0,0,0
19426836,1710341171000,0,0,0
19426837,1710341183000,0,0,0
19426838,1710341195000,0,0,0
19426839,1710341207000,0,0,0
19426840,1710341219000,0,0,0
19426841,1710341231000,0,0,0
19426842,1710341243000,0,0,0
19426843,1710341255000,0,0,0
19426844,1710341267000,0,0,0
19426845,1710341279000,0,0,0
19426846,1710341291000,0,0,0
19426847,1710341303000,0,0,0
19426848,1710341315000,0,0,0
19426849,1710341327000,0,0,0
19426850,1710341339000,0,0,0
19426851,1710341351000,0,0,0
19426852,1710341363000,0,0,0
19426853,1710341375000,0,0,0
19426854,1710341387000,0,0,0
19426855,1710341399000,0,0,0
19426856,1710341411000,0,0,0
19426857,1710341423000,0,0,0
19426858,1710341435000,0,0,0
19426859,1710341447000,0,0,0
19426860,1710341459000,0,0,0
19426861,1710341471000,0,0,0
19426862,1710341483000,0,0,0
19426863,1710341495000,0,0,0
19426864,1710341507000,0,0,0
19426865,1710341519000,0,0,0
19426866,1710341531000,0,0,0
19426867,1710341543000,0,0,0
19426868,1710341555000,0,0,0
19426869,1710341567000,0,0,0
19426870,1710341579000,0,0,0
19426871,1710341591000,0,0,0
19426872,1710341603000,0,0,0
19426873,1710341615000,0,0,0
19426874,1710341627000,0,0,0
19426875,1710341639000,0,0,0
19426876,1710341651000,0,0,0
19426877,1710341663000,0,0,0
19426878,1710341675000,0,0,0
19426879,1710341687000,0,0,0
19426880,1710341699000,0,0,0
19426881,1710341711000,0,0,0
19426882,1710341735000,0,0,0
19426883,1710341747000,0,0,0
19426884,1710341759000,0,0,0
19426885,1710341771000,0,0,0
19426886,1710341783000,0,0,0
19426887,1710341795000,0,0,0
19426888,1710341807000,0,0,0
19426889,1710341819000,0,0,0
19426890,1710341831000,0,0,0
19426891,1710341843000,0,0,0
19426892,1710341855000,0,0,0
19426893,1710341867000,0,0,0
19426894,1710341879000,0,0,0
19426895,1710341891000,0,0,0
19426896,1710341903000,0,0,0
19426897,1710341915000,0,0,0
19426898,1710341927000,0,0,0
19426899,1710341939000,0,0,0
19426900,1710341951000,0,0,0
19426901,1710341963000,0,0,0
19426902,1710341975000,0,0,0
19426903,1710341999000,1,131072,0
19426904,1710342011000,0,0,0
19426905,1710342023000,0,0,0
19426906,1710342035000,0,0,0
19426907,1710342047000,0,0,0
19426908,1710342059000,0,0,0
19426909,1710342071000,0,0,0
19426910,1710342083000,0,0,0
19426911,1710342095000,1,131072,0
19426912,1710342107000,0,0,0
19426913,1710342119000,1,131072,0
19426914,1710342131000,0,0,0
19426915,1710342143000,1,131072,0
19426916,1710342155000,0,0,0
19426917,1710342167000,0,0,0
19426918,1710342179000,1,131072,0
19426919,1710342191000,0,0,0
19426920,1710342203000,0,0,0
19426921,1710342215000,1,131072,0
19426922,1710342227000,0,0,0
19426923,1710342251000,1,131072,0
19426924,1710342263000,0,0,0
19426925,1710342275000,1,131072,0
19426926,1710342287000,0,0,0
19426927,1710342299000,2,262144,0
19426928,1710342311000,0,0,0
19426929,1710342323000,1,131072,0
19426930,1710342335000,0,0,0
19426931,1710342347000,1,131072,0
19426932,1710342359000,0,0,0
19426933,1710342371000,1,131072,0
19426934,1710342383000,1,131072,0
19426935,1710342395000,1,131072,0
19426936,1710342407000,0,0,0
19426937,1710342419000,1,131072,0
19426938,1710342431000,0,0,0
19426939,1710342443000,1,131072,0
19426940,1710342455000,1,131072,0
19426941,1710342467000,0,0,0
19426942,1710342479000,0,0,0
19426943,1710342491000,0,0,0
19426944,1710342503000,1,131072,0
19426945,1710342515000,0,0,0
19426946,1710342527000,1,131072,0
19426947,1710342539000,1,131072,0
19426948,1710342551000,0,0,0
19426949,1710342563000,1,131072,0
19426950,1710342575000,0,0,0
19426951,1710342587000,1,131072,0
19426952,1710342599000,0,0,0
19426953,1710342611000,1,131072,0
19426954,1710342623000,0,0,0
19426955,1710342635000,1,131072,0
19426956,1710342647000,1,131072,0
19426957,1710342659000,1,131072,0
19426958,1710342671000,1,131072,0
19426959,1710342683000,0,0,0
19426960,1710342695000,1,131072,0
19426961,1710342707000,0,0,0
19426962,1710342719000,1,131072,0
19426963,1710342731000,0,0,0
19426964,1710342743000,0,0,0
19426965,1710342755000,0,0,0
19426966,1710342767000,1,131072,0
19426967,1710342779000,1,131072,0
19426968,1710342791000,0,0,0
19426969,1710342803000,1,131072,0
19426970,1710342815000,0,0,0
19426971,1710342827000,0,0,0
19426972,1710342839000,0,0,0
19426973,1710342851000,1,131072,0
19426974,1710342863000,1,131072,0
19426975,1710342875000,0,0,0
19426976,1710342887000,0,0,0
19426977,1710342899000,0,0,0
19426978,1710342911000,0,0,0
19426979,1710342923000,0,0,0
19426980,1710342935000,1,131072,0
19426981,1710342947000,1,131072,0
19426982,1710342959000,0,0,0
19426983,1710342971000,0,0,0
19426984,1710342983000,0,0,0
19426985,1710342995000,0,0,0
19426986,1710343019000,0,0,0
19426987,1710343031000,0,0,0
19426988,1710343043000,0,0,0
19426989,1710343055000,1,131072,0
19426990,1710343067000,0,0,0
19426991,1710343079000,0,0,0
19426992,1710343091000,0,0,0
19426993,1710343103000,0,0,0
19426994,1710343115000,0,0,0
19426995,1710343127000,0,0,0
19426996,1710343139000,0,0,0
19426997,1710343151000,0,0,0
19426998,1710343163000,0,0,0
19426999,1710343175000,0,0,0
19427000,1710343187000,0,0,0
19427001,1710343199000,0,0,0
19427002,1710343211000,0,0,0
19427003,1710343223000,1,131072,0
19427004,1710343235000,0,0,0
19427005,1710343247000,0,0,0
19427006,1710343259000,0,0,0
19427007,1710343271000,0,0,0
19427008,1710343283000,0,0,0
19427009,1710343295000,0,0,0
19427010,1710343307000,0,0,0
19427011,1710343319000,1,131072,0
19427012,1710343331000,0,0,0
19427013,1710343343000,0,0,0
19427014,1710343355000,0,0,0
19427015,1710343367000,0,0,0
19427016,1710343379000,0,0,0
19427017,1710343391000,0,0,0
19427018,1710343403000,0,0,0
19427019,1710343415000,0,0,0
19427020,1710343427000,0,0,0
19427021,1710343439000,0,0,0
19427022,1710343451000,0,0,0
19427023,1710343463000,1,131072,0
19427024,1710343475000,0,0,0
19427025,1710343487000,0,0,0
19427026,1710343499000,0,0,0
19427027,1710343511000,0,0,0
19427028,1710343523000,0,0,0
19427029,1710343535000,1,131072,0
19427030,1710343547000,0,0,0
19427031,1710343559000,0,0,0
19427032,1710343571000,0,0,0
19427033,1710343583000,0,0,0
19427034,1710343607000,0,0,0
19427035,1710343619000,0,0,0
19427036,1710343631000,0,0,0
19427037,1710343643000,0,0,0
19427038,1710343655000,0,0,0
19427039,1710343667000,1,131072,0
19427040,1710343679000,0,0,0
19427041,1710343691000,0,0,0
19427042,1710343703000,0,0,0
19427043,1710343715000,0,0,0
19427044,1710343727000,0,0,0
19427045,1710343739000,0,0,0
19427046,1710343751000,0,0,0
19427047,1710343763000,0,0,0
19427048,1710343775000,0,0,0
19427049,1710343787000,0,0,0
19427050,1710343799000,0,0,0
19427051,1710343811000,1,131072,0
19427052,1710343823000,0,0,0
19427053,1710343835000,0,0,0
19427054,1710343847000,0,0,0
19427055,1710343859000,0,0,0
19427056,1710343871000,0,0,0
19427057,1710343883000,0,0,0
19427058,1710343895000,0,0,0
19427059,1710343907000,0,0,0
19427060,1710343919000,2,262144,0
19427061,1710343931000,0,0,0
19427062,1710343943000,0,0,0
19427063,1710343955000,0,0,0
19427064,1710343967000,0,0,0
19427065,1710343979000,0,0,0
19427066,1710343991000,0,0,0
19427067,1710344003000,0,0,0
19427068,1710344027000,0,0,0
19427069,1710344039000,0,0,0
19427070,1710344051000,0,0,0
19427071,1710344063000,1,131072,0
19427072,1710344075000,0,0,0
19427073,1710344087000,0,0,0
19427074,1710344099000,0,0,0
19427075,1710344111000,0,0,0
19427076,1710344123000,0,0,0
19427077,1710344135000,0,0,0
19427078,1710344147000,0,0,0
19427079,1710344159000,0,0,0
19427080,1710344171000,0,0,0
19427081,1710344183000,1,131072,0
19427082,1710344195000,0,0,0
19427083,1710344207000,0,0,0
19427084,1710344219000,0,0,0
19427085,1710344231000,0,0,0
19427086,1710344243000,1,131072,0
19427087,1710344255000,0,0,0
19427088,1710344267000,0,0,0
19427089,1710344279000,0,0,0
19427090,1710344291000,0,0,0
19427091,1710344303000,1,131072,0
19427092,1710344315000,0,0,0
19427093,1710344339000,0,0,0
19427094,1710344351000,0,0,0
19427095,1710344363000,0,0,0
19427096,1710344375000,0,0,0
19427097,1710344387000,0,0,0
19427098,1710344399000,0,0,0
19427099,1710344411000,1,131072,0
19427100,1710344423000,0,0,0
19427101,1710344435000,0,0,0
19427102,1710344447000,0,0,0
19427103,1710344459000,0,0,0
19427104,1710344471000,0,0,0
19427105,1710344483000,0,0,0
19427106,1710344495000,0,0,0
19427107,1710344507000,0,0,0
19427108,1710344519000,0,0,0
19427109,1710344531000,0,0,0
19427110,1710344555000,1,131072,0
19427111,1710344567000,0,0,0
19427112,1710344579000,0,0,0
19427113,1710344591000,0,0,0
19427114,1710344603000,0,0,0
19427115,1710344615000,0,0,0
19427116,1710344627000,0,0,0
19427117,1710344639000,0,0,0
19427118,1710344651000,0,0,0
19427119,1710344663000,1,131072,0
19427120,1710344675000,0,0,0
19427121,1710344687000,0,0,0
19427122,1710344699000,0,0,0
19427123,1710344711000,0,0,0
19427124,1710344723000,0,0,0
19427125,1710344735000,0,0,0
19427126,1710344747000,0,0,0
19427127,1710344759000,1,131072,0
19427128,1710344771000,0,0,0
19427129,1710344783000,0,0,0
19427130,1710344795000,0,0,0
19427131,1710344807000,0,0,0
19427132,1710344819000,0,0,0
19427133,1710344831000,0,0,0
19427134,1710344843000,0,0,0
19427135,1710344855000,0,0,0
19427136,1710344867000,1,131072,0
19427137,1710344879000,0,0,0
19427138,1710344891000,0,0,0
19427139,1710344903000,0,0,0
19427140,1710344915000,0,0,0
19427141,1710344927000,0,0,0
19427142,1710344939000,0,0,0
19427143,1710344951000,0,0,0
19427144,1710344963000,1,131072,0
19427145,1710344975000,0,0,0
19427146,1710344987000,0,0,0
19427147,1710344999000,0,0,0
19427148,1710345011000,0,0,0
19427149,1710345023000,0,0,0
19427150,1710345035000,0,0,0
19427151,1710345047000,0,0,0
19427152,1710345059000,0,0,0
19427153,1710345071000,1,131072,0
19427154,1710345083000,0,0,0
19427155,1710345095000,0,0,0
19427156,1710345107000,0,0,0
19427157,1710345119000,0,0,0
19427158,1710345131000,0,0,0
19427159,1710345143000,0,0,0
19427160,1710345155000,0,0,0
19427161,1710345167000,0,0,0
19427162,1710345179000,0,0,0
19427163,1710345191000,1,131072,0
19427164,1710345203000,0,0,0
19427165,1710345215000,0,0,0
19427166,1710345227000,0,0,0
19427167,1710345239000,0,0,0
19427168,1710345251000,0,0,0
19427169,1710345263000,0,0,0
19427170,1710345275000,0,0,0
19427171,1710345287000,0,0,0
19427172,1710345299000,1,131072,0
19427173,1710345311000,0,0,0
19427174,1710345323000,0,0,0
19427175,1710345335000,0,0,0
19427176,1710345347000,0,0,0
19427177,1710345359000,0,0,0
19427178,1710345371000,0,0,0
19427179,1710345383000,0,0,0
19427180,1710345395000,0,0,0
19427181,1710345407000,0,0,0
19427182,1710345419000,1,131072,0
19427183,1710345431000,0,0,0
19427184,1710345443000,0,0,0
19427185,1710345455000,0,0,0
19427186,1710345467000,0,0,0
19427187,1710345479000,0,0,0
19427188,1710345491000,0,0,0
19427189,1710345503000,0,0,0
19427190,1710345515000,0,0,0
19427191,1710345527000,0,0,0
19427192,1710345539000,0,0,0
19427193,1710345551000,1,131072,0
19427194,1710345563000,0,0,0
19427195,1710345575000,0,0,0
19427196,1710345587000,0,0,0
19427197,1710345599000,0,0,0
19427198,1710345611000,0,0,0
19427199,1710345623000,0,0,0
19427200,1710345635000,0,0,0
19427201,1710345647000,1,131072,0
19427202,1710345659000,0,0,0
19427203,1710345671000,0,0,0
19427204,1710345683000,0,0,0
19427205,1710345695000,0,0,0
19427206,1710345719000,0,0,0
19427207,1710345731000,0,0,0
19427208,1710345743000,0,0,0
19427209,1710345755000,0,0,0
19427210,1710345767000,0,0,0
19427211,1710345779000,0,0,0
19427212,1710345791000,1,131072,0
19427213,1710345803000,0,0,0
19427214,1710345815000,0,0,0
19427215,1710345827000,0,0,0
19427216,1710345839000,0,0,0
19427217,1710345851000,0,0,0
19427218,1710345863000,0,0,0
19427219,1710345875000,0,0,0
19427220,1710345887000,0,0,0
19427221,1710345899000,0,0,0
19427222,1710345911000,0,0,0
19427223,1710345923000,0,0,0
19427224,1710345935000,1,131072,0
19427225,1710345947000,0,0,0
19427226,1710345959000,0,0,0
19427227,1710345971000,0,0,0
19427228,1710345983000,0,0,0
19427229,1710346007000,0,0,0
19427230,1710346019000,0,0,0
19427231,1710346031000,0,0,0
19427232,1710346043000,1,131072,0
19427233,1710346055000,0,0,0
19427234,1710346067000,0,0,0
19427235,1710346079000,0,0,0
19427236,1710346091000,0,0,0
19427237,1710346103000,0,0,0
19427238,1710346115000,0,0,0
19427239,1710346127000,0,0,0
19427240,1710346139000,0,0,0
19427241,1710346151000,0,0,0
19427242,1710346163000,1,131072,0
19427243,1710346175000,0,0,0
19427244,1710346187000,0,0,0
19427245,1710346199000,0,0,0
19427246,1710346211000,0,0,0
19427247,1710346223000,0,0,0
19427248,1710346235000,0,0,0
19427249,1710346247000,0,0,0
19427250,1710346259000,0,0,0
19427251,1710346271000,0,0,0
19427252,1710346283000,0,0,0
19427253,1710346295000,0,0,0
19427254,1710346307000,0,0,0
19427255,1710346319000,0,0,0
19427256,1710346331000,1,131072,0
19427257,1710346343000,0,0,0
19427258,1710346367000,0,0,0
19427259,1710346379000,0,0,0
19427260,1710346391000,0,0,0
19427261,1710346403000,0,0,0
19427262,1710346415000,0,0,0
19427263,1710346427000,0,0,0
19427264,1710346439000,1,131072,0
19427265,1710346451000,0,0,0
19427266,1710346463000,0,0,0
19427267,1710346475000,0,0,0
19427268,1710346487000,0,0,0
19427269,1710346499000,0,0,0
19427270,1710346511000,0,0,0
19427271,1710346523000,0,0,0
19427272,1710346535000,0,0,0
19427273,1710346547000,0,0,0
19427274,1710346559000,1,131072,0
19427275,1710346571000,0,0,0
19427276,1710346583000,0,0,0
19427277,1710346595000,0,0,0
19427278,1710346607000,0,0,0
19427279,1710346619000,0,0,0
19427280,1710346631000,0,0,0
19427281,1710346643000,0,0,0
19427282,1710346655000,0,0,0
19427283,1710346667000,0,0,0
19427284,1710346679000,1,131072,0
19427285,1710346691000,0,0,0
19427286,1710346703000,0,0,0
19427287,1710346715000,0,0,0
19427288,1710346727000,0,0,0
19427289,1710346739000,0,0,0
19427290,1710346751000,0,0,0
19427291,1710346763000,0,0,0
19427292,1710346775000,0,0,0
19427293,1710346787000,0,0,0
19427294,1710346799000,0,0,0
19427295,1710346811000,1,131072,0
19427296,1710346823000,0,0,0
19427297,1710346835000,0,0,0
19427298,1710346847000,0,0,0
19427299,1710346859000,0,0,0
19427300,1710346871000,0,0,0
19427301,1710346883000,0,0,0
19427302,1710346895000,0,0,0
19427303,1710346907000,0,0,0
19427304,1710346919000,0,0,0
19427305,1710346931000,0,0,0
19427306,1710346943000,0,0,0
19427307,1710346955000,0,0,0
19427308,1710346967000,1,131072,0
19427309,1710346979000,0,0,0
19427310,1710346991000,0,0,0
19427311,1710347003000,0,0,0
19427312,1710347015000,0,0,0
19427313,1710347027000,0,0,0
19427314,1710347039000,0,0,0
19427315,1710347051000,1,131072,0
19427316,1710347063000,0,0,0
19427317,1710347075000,0,0,0
19427318,1710347087000,0,0,0
19427319,1710347099000,0,0,0
19427320,1710347111000,0,0,0
19427321,1710347123000,0,0,0
19427322,1710347135000,0,0,0
19427323,1710347147000,0,0,0
19427324,1710347159000,0,0,0
19427325,1710347171000,1,131072,0
19427326,1710347183000,0,0,0
19427327,1710347195000,0,0,0
19427328,1710347207000,0,0,0
19427329,1710347219000,0,0,0
19427330,1710347231000,0,0,0
19427331,1710347243000,0,0,0
19427332,1710347255000,0,0,0
19427333,1710347267000,0,0,0
19427334,1710347279000,0,0,0
19427335,1710347291000,0,0,0
19427336,1710347303000,0,0,0
19427337,1710347315000,1,131072,0
19427338,1710347327000,0,0,0
19427339,1710347339000,0,0,0
19427340,1710347351000,0,0,0
19427341,1710347363000,0,0,0
19427342,1710347387000,0,0,0
19427343,1710347399000,0,0,0
19427344,1710347411000,0,0,0
19427345,1710347423000,0,0,0
19427346,1710347435000,0,0,0
19427347,1710347447000,0,0,0
19427348,1710347459000,0,0,0
19427349,1710347471000,1,131072,0
19427350,1710347483000,0,0,0
19427351,1710347495000,0,0,0
19427352,1710347507000,0,0,0
19427353,1710347519000,0,0,0
19427354,1710347531000,0,0,0
19427355,1710347543000,0,0,0
19427356,1710347555000,0,0,0
19427357,1710347567000,1,131072,0
19427358,1710347579000,0,0,0
19427359,1710347591000,0,0,0
19427360,1710347603000,0,0,0
19427361,1710347615000,0,0,0
19427362,1710347627000,0,0,0
19427363,1710347639000,0,0,0
19427364,1710347651000,0,0,0
19427365,1710347663000,0,0,0
19427366,1710347675000,0,0,0
19427367,1710347687000,1,131072,0
19427368,1710347699000,0,0,0
19427369,1710347711000,0,0,0
19427370,1710347723000,0,0,0
19427371,1710347735000,0,0,0
19427372,1710347747000,0,0,0
19427373,1710347759000,0,0,0
19427374,1710347783000,0,0,0
19427375,1710347795000,0,0,0
19427376,1710347807000,0,0,0
19427377,1710347819000,0,0,0
19427378,1710347831000,1,131072,0
19427379,1710347843000,0,0,0
19427380,1710347855000,0,0,0
19427381,1710347867000,0,0,0
19427382,1710347879000,0,0,0
19427383,1710347891000,0,0,0
19427384,1710347903000,0,0,0
19427385,1710347915000,0,0,0
19427386,1710347939000,0,0,0
19427387,1710347951000,0,0,0
19427388,1710347963000,0,0,0
19427389,1710347975000,1,131072,0
19427390,1710347987000,0,0,0
19427391,1710347999000,0,0,0
19427392,1710348011000,0,0,0
19427393,1710348023000,0,0,0
19427394,1710348035000,0,0,0
19427395,1710348047000,0,0,0
19427396,1710348059000,0,0,0
19427397,1710348071000,0,0,0
19427398,1710348083000,0,0,0
19427399,1710348095000,0,0,0
19427400,1710348107000,1,131072,0
19427401,1710348119000,0,0,0
19427402,1710348131000,1,131072,0
19427403,1710348143000,0,0,0
19427404,1710348155000,0,0,0
19427405,1710348167000,0,0,0
19427406,1710348179000,0,0,0
19427407,1710348191000,0,0,0
19427408,1710348203000,0,0,0
19427409,1710348215000,0,0,0
19427410,1710348227000,0,0,0
19427411,1710348251000,1,131072,0
19427412,1710348263000,0,0,0
19427413,1710348275000,0,0,0
19427414,1710348287000,0,0,0
19427415,1710348299000,0,0,0
19427416,1710348311000,0,0,0
19427417,1710348323000,0,0,0
19427418,1710348335000,0,0,0
19427419,1710348347000,0,0,0
19427420,1710348359000,0,0,0
19427421,1710348371000,0,0,0
19427422,1710348383000,0,0,0
19427423,1710348395000,1,131072,0
19427424,1710348407000,0,0,0
19427425,1710348419000,0,0,0
19427426,1710348431000,0,0,0
19427427,1710348443000,0,0,0
19427428,1710348455000,0,0,0
19427429,1710348467000,0,0,0
19427430,1710348479000,0,0,0
19427431,1710348491000,0,0,0
19427432,1710348503000,0,0,0
19427433,1710348515000,0,0,0
19427434,1710348527000,0,0,0
19427435,1710348539000,1,131072,0
19427436,1710348551000,0,0,0
19427437,1710348563000,0,0,0
19427438,1710348575000,0,0,0
19427439,1710348587000,0,0,0
19427440,1710348599000,0,0,0
19427441,1710348611000,0,0,0
19427442,1710348623000,0,0,0
19427443,1710348635000,0,0,0
19427444,1710348647000,0,0,0
19427445,1710348659000,0,0,0
19427446,1710348671000,0,0,0
19427447,1710348683000,0,0,0
19427448,1710348695000,0,0,0
19427449,1710348707000,0,0,0
19427450,1710348719000,1,131072,0
19427451,1710348731000,0,0,0
19427452,1710348743000,0,0,0
19427453,1710348755000,0,0,0
19427454,1710348767000,0,0,0
19427455,1710348779000,0,0,0
19427456,1710348791000,0,0,0
19427457,1710348803000,0,0,0
19427458,1710348815000,0,0,0
19427459,1710348827000,0,0,0
19427460,1710348839000,1,131072,0
19427461,1710348851000,0,0,0
19427462,1710348863000,0,0,0
19427463,1710348875000,0,0,0
19427464,1710348887000,0,0,0
19427465,1710348899000,0,0,0
19427466,1710348911000,0,0,0
19427467,1710348923000,0,0,0
19427468,1710348935000,0,0,0
19427469,1710348947000,0,0,0
19427470,1710348959000,0,0,0
19427471,1710348971000,1,131072,0
19427472,1710348983000,0,0,0
19427473,1710348995000,0,0,0
19427474,1710349007000,0,0,0
19427475,1710349019000,0,0,0
19427476,1710349031000,0,0,0
19427477,1710349043000,0,0,0
19427478,1710349055000,0,0,0
19427479,1710349067000,0,0,0
19427480,1710349079000,1,131072,0
19427481,1710349091000,0,0,0
19427482,1710349103000,0,0,0
19427483,1710349115000,0,0,0
19427484,1710349127000,0,0,0
19427485,1710349139000,0,0,0
19427486,1710349151000,0,0,0
19427487,1710349163000,0,0,0
19427488,1710349175000,0,0,0
19427489,1710349187000,0,0,0
19427490,1710349199000,0,0,0
19427491,1710349211000,0,0,0
19427492,1710349223000,1,131072,0
19427493,1710349235000,0,0,0
19427494,1710349247000,0,0,0
19427495,1710349259000,0,0,0
19427496,1710349271000,0,0,0
19427497,1710349283000,0,0,0
19427498,1710349295000,0,0,0
19427499,1710349307000,0,0,0
19427500,1710349319000,0,0,0
19427501,1710349331000,0,0,0
19427502,1710349343000,0,0,0
19427503,1710349355000,0,0,0
19427504,1710349367000,1,131072,0
19427505,1710349379000,0,0,0
19427506,1710349391000,0,0,0
19427507,1710349403000,0,0,0
19427508,1710349415000,0,0,0
19427509,1710349427000,0,0,0
19427510,1710349439000,0,0,0
19427511,1710349451000,0,0,0
19427512,1710349463000,0,0,0
19427513,1710349475000,0,0,0
19427514,1710349487000,0,0,0
19427515,1710349499000,0,0,0
19427516,1710349511000,1,131072,0
19427517,1710349523000,0,0,0
19427518,1710349535000,0,0,0
19427519,1710349547000,0,0,0
19427520,1710349559000,0,0,0
19427521,1710349571000,0,0,0
19427522,1710349583000,0,0,0
19427523,1710349595000,0,0,0
19427524,1710349607000,0,0,0
19427525,1710349619000,0,0,0
19427526,1710349631000,1,131072,0
19427527,1710349643000,0,0,0
19427528,1710349655000,0,0,0
19427529,1710349667000,0,0,0
19427530,1710349679000,0,0,0
19427531,1710349691000,0,0,0
19427532,1710349703000,0,0,0
19427533,1710349715000,0,0,0
19427534,1710349727000,0,0,0
19427535,1710349739000,0,0,0
19427536,1710349751000,0,0,0
19427537,1710349763000,0,0,0
19427538,1710349775000,1,131072,0
19427539,1710349787000,0,0,0
19427540,1710349811000,0,0,0
19427541,1710349823000,0,0,0
19427542,1710349835000,0,0,0
19427543,1710349847000,0,0,0
19427544,1710349859000,0,0,0
19427545,1710349871000,0,0,0
19427546,1710349883000,1,131072,0
19427547,1710349895000,0,0,0
19427548,1710349907000,0,0,0
19427549,1710349919000,0,0,0
19427550,1710349931000,0,0,0
19427551,1710349943000,0,0,0
19427552,1710349955000,0,0,0
19427553,1710349967000,0,0,0
19427554,1710349979000,1,131072,0
19427555,1710349991000,0,0,0
19427556,1710350003000,0,0,0
19427557,1710350015000,0,0,0
19427558,1710350027000,0,0,0
19427559,1710350039000,0,0,0
19427560,1710350051000,0,0,0
19427561,1710350063000,0,0,0
19427562,1710350075000,0,0,0
19427563,1710350087000,0,0,0
19427564,1710350099000,0,0,0
19427565,1710350111000,0,0,0
19427566,1710350123000,1,131072,0
19427567,1710350135000,0,0,0
19427568,1710350147000,0,0,0
19427569,1710350159000,0,0,0
19427570,1710350171000,0,0,0
19427571,1710350195000,0,0,0
19427572,1710350207000,0,0,0
19427573,1710350219000,0,0,0
19427574,1710350231000,0,0,0
19427575,1710350243000,0,0,0
19427576,1710350255000,0,0,0
19427577,1710350267000,1,131072,0
19427578,1710350291000,0,0,0
19427579,1710350303000,0,0,0
19427580,1710350315000,0,0,0
19427581,1710350327000,0,0,0
19427582,1710350339000,0,0,0
19427583,1710350351000,0,0,0
19427584,1710350363000,0,0,0
19427585,1710350375000,1,131072,0
19427586,1710350387000,0,0,0
19427587,1710350399000,0,0,0
19427588,1710350411000,0,0,0
19427589,1710350423000,0,0,0
19427590,1710350435000,0,0,0
19427591,1710350447000,0,0,0
19427592,1710350459000,0,0,0
19427593,1710350471000,0,0,0
19427594,1710350483000,0,0,0
19427595,1710350495000,1,131072,0
19427596,1710350507000,0,0,0
19427597,1710350519000,0,0,0
19427598,1710350531000,0,0,0
19427599,1710350543000,0,0,0
19427600,1710350555000,0,0,0
19427601,1710350567000,0,0,0
19427602,1710350579000,0,0,0
19427603,1710350591000,0,0,0
19427604,1710350603000,0,0,0
19427605,1710350615000,0,0,0
19427606,1710350627000,0,0,0
19427607,1710350639000,1,131072,0
19427608,1710350651000,0,0,0
19427609,1710350663000,0,0,0
19427610,1710350675000,0,0,0
19427611,1710350687000,1,131072,0
19427612,1710350699000,0,0,0
19427613,1710350711000,0,0,0
19427614,1710350723000,0,0,0
19427615,1710350735000,0,0,0
19427616,1710350747000,0,0,0
19427617,1710350759000,0,0,0
19427618,1710350771000,0,0,0
19427619,1710350783000,1,131072,0
19427620,1710350795000,0,0,0
19427621,1710350807000,0,0,0
19427622,1710350819000,0,0,0
19427623,1710350831000,0,0,0
19427624,1710350843000,0,0,0
19427625,1710350855000,0,0,0
19427626,1710350867000,0,0,0
19427627,1710350879000,0,0,0
19427628,1710350891000,0,0,0
19427629,1710350903000,0,0,0
19427630,1710350915000,0,0,0
19427631,1710350927000,0,0,0
19427632,1710350939000,1,131072,0
19427633,1710350951000,0,0,0
19427634,1710350963000,0,0,0
19427635,1710350975000,0,0,0
19427636,1710350987000,0,0,0
19427637,1710350999000,0,0,0
19427638,1710351011000,0,0,0
19427639,1710351023000,0,0,0
19427640,1710351035000,0,0,0
19427641,1710351047000,0,0,0
19427642,1710351059000,0,0,0
19427643,1710351071000,1,131072,0
19427644,1710351083000,0,0,0
19427645,1710351095000,0,0,0
19427646,1710351107000,0,0,0
19427647,1710351119000,0,0,0
19427648,1710351131000,0,0,0
19427649,1710351143000,0,0,0
19427650,1710351155000,1,131072,0
19427651,1710351167000,0,0,0
19427652,1710351179000,0,0,0
19427653,1710351191000,0,0,0
19427654,1710351203000,0,0,0
19427655,1710351215000,0,0,0
19427656,1710351227000,0,0,0
19427657,1710351239000,0,0,0
19427658,1710351251000,0,0,0
19427659,1710351263000,0,0,0
19427660,1710351275000,0,0,0
19427661,1710351287000,0,0,0
19427662,1710351299000,1,131072,0
19427663,1710351311000,0,0,0
19427664,1710351323000,0,0,0
19427665,1710351335000,0,0,0
19427666,1710351347000,0,0,0
19427667,1710351359000,0,0,0
19427668,1710351371000,0,0,0
19427669,1710351383000,0,0,0
19427670,1710351395000,0,0,0
19427671,1710351407000,0,0,0
19427672,1710351419000,0,0,0
19427673,1710351431000,0,0,0
19427674,1710351443000,0,0,0
19427675,1710351455000,0,0,0
19427676,1710351467000,0,0,0
19427677,1710351479000,1,131072,0
19427678,1710351491000,0,0,0
19427679,1710351503000,0,0,0
19427680,1710351527000,0,0,0
19427681,1710351539000,0,0,0
19427682,1710351551000,0,0,0
19427683,1710351563000,0,0,0
19427684,1710351575000,0,0,0
19427685,1710351587000,0,0,0
19427686,1710351599000,0,0,0
19427687,1710351611000,0,0,0
19427688,1710351623000,1,131072,0
19427689,1710351647000,0,0,0
19427690,1710351659000,0,0,0
19427691,1710351671000,0,0,0
19427692,1710351683000,0,0,0
19427693,1710351695000,0,0,0
19427694,1710351707000,0,0,0
19427695,1710351719000,0,0,0
19427696,1710351731000,0,0,0
19427697,1710351743000,0,0,0
19427698,1710351755000,0,0,0
19427699,1710351767000,0,0,0
19427700,1710351779000,0,0,0
19427701,1710351791000,0,0,0
19427702,1710351803000,0,0,0
19427703,1710351815000,1,131072,0
19427704,1710351827000,0,0,0
19427705,1710351839000,0,0,0
19427706,1710351851000,0,0,0
19427707,1710351863000,0,0,0
19427708,1710351875000,0,0,0
19427709,1710351887000,0,0,0
19427710,1710351899000,0,0,0
19427711,1710351911000,0,0,0
19427712,1710351923000,0,0,0
19427713,1710351935000,1,131072,0
19427714,1710351947000,0,0,0
19427715,1710351959000,0,0,0
19427716,1710351971000,0,0,0
19427717,1710351983000,0,0,0
19427718,1710351995000,0,0,0
19427719,1710352007000,0,0,0
19427720,1710352019000,0,0,0
19427721,1710352031000,0,0,0
19427722,1710352043000,0,0,0
19427723,1710352055000,1,131072,0
19427724,1710352079000,1,131072,0
19427725,1710352091000,1,131072,0
19427726,1710352103000,1,131072,0
19427727,1710352115000,1,131072,0
19427728,1710352127000,1,131072,0
19427729,1710352139000,1,131072,0
19427730,1710352151000,0,0,0
19427731,1710352163000,1,131072,0
19427732,1710352175000,1,131072,0
19427733,1710352187000,0,0,0
19427734,1710352199000,1,131072,0
19427735,1710352211000,0,0,0
19427736,1710352223000,1,131072,0
19427737,1710352235000,1,131072,0
19427738,1710352247000,1,131072,0
19427739,1710352259000,0,0,0
19427740,1710352271000,1,131072,0
19427741,1710352283000,0,0,0
19427742,1710352295000,0,0,0
19427743,1710352307000,1,131072,0
19427744,1710352319000,1,131072,0
19427745,1710352331000,1,131072,0
19427746,1710352343000,1,131072,0
19427747,1710352355000,1,131072,0
19427748,1710352367000,0,0,0
19427749,1710352379000,0,0,0
19427750,1710352403000,1,131072,0
19427751,1710352415000,0,0,0
19427752,1710352427000,0,0,0
19427753,1710352439000,1,131072,0
19427754,1710352451000,1,131072,0
19427755,1710352463000,1,131072,0
19427756,1710352475000,2,262144,0
19427757,1710352487000,1,131072,0
19427758,1710352499000,1,131072,0
19427759,1710352511000,1,131072,0
19427760,1710352523000,1,131072,0
19427761,1710352535000,0,0,0
19427762,1710352547000,1,131072,0
19427763,1710352559000,1,131072,0
19427764,1710352571000,1,131072,0
19427765,1710352583000,1,131072,0
19427766,1710352595000,1,131072,0
19427767,1710352607000,2,262144,0
19427768,1710352619000,1,131072,0
19427769,1710352631000,1,131072,0
19427770,1710352643000,1,131072,0
19427771,1710352655000,1,131072,0
19427772,1710352667000,1,131072,0
19427773,1710352679000,1,131072,0
19427774,1710352691000,1,131072,0
19427775,1710352703000,0,0,0
19427776,1710352715000,0,0,0
19427777,1710352727000,1,131072,0
19427778,1710352739000,0,0,0
19427779,1710352751000,1,131072,0
19427780,1710352763000,1,131072,0
19427781,1710352775000,0,0,0
19427782,1710352787000,1,131072,0
19427783,1710352799000,1,131072,0
19427784,1710352811000,0,0,0
19427785,1710352823000,1,131072,0
19427786,1710352835000,1,131072,0
19427787,1710352847000,1,131072,0
19427788,1710352859000,1,131072,0
19427789,1710352871000,2,262144,0
19427790,1710352883000,0,0,0
19427791,1710352895000,1,131072,0
19427792,1710352907000,1,131072,0
19427793,1710352919000,1,131072,0
19427794,1710352931000,1,131072,0
19427795,1710352943000,1,131072,0
19427796,1710352955000,1,131072,0
19427797,1710352967000,1,131072,0
19427798,1710352979000,1,131072,0
19427799,1710352991000,1,131072,0
19427800,1710353003000,1,131072,0
19427801,1710353015000,1,131072,0
19427802,1710353027000,0,0,0
19427803,1710353039000,1,131072,0
19427804,1710353051000,1,131072,0
19427805,1710353063000,1,131072,0
19427806,1710353075000,1,131072,0
19427807,1710353087000,1,131072,0
19427808,1710353099000,1,131072,0
19427809,1710353111000,1,131072,0
19427810,1710353135000,2,262144,0
19427811,1710353147000,0,0,0
19427812,1710353159000,1,131072,0
19427813,1710353171000,0,0,0
19427814,1710353183000,0,0,0
19427815,1710353195000,1,131072,0
19427816,1710353207000,1,131072,0
19427817,1710353219000,1,131072,0
19427818,1710353231000,0,0,0
19427819,1710353243000,2,262144,0
19427820,1710353255000,1,131072,0
19427821,1710353267000,1,131072,0
19427822,1710353279000,1,131072,0
19427823,1710353291000,0,0,0
19427824,1710353303000,1,131072,0
19427825,1710353315000,1,131072,0
19427826,1710353327000,1,131072,0
19427827,1710353339000,1,131072,0
19427828,1710353351000,0,0,0
19427829,1710353363000,2,262144,0
19427830,1710353375000,1,131072,0
19427831,1710353387000,1,131072,0
19427832,1710353399000,1,131072,0
19427833,1710353411000,1,131072,0
19427834,1710353423000,0,0,0
19427835,1710353435000,1,131072,0
19427836,1710353447000,1,131072,0
19427837,1710353471000,0,0,0
19427838,1710353483000,1,131072,0
19427839,1710353495000,1,131072,0
19427840,1710353507000,1,131072,0
19427841,1710353519000,1,131072,0
19427842,1710353531000,1,131072,0
19427843,1710353543000,0,0,0
19427844,1710353555000,2,262144,0
19427845,1710353567000,1,131072,0
19427846,1710353579000,1,131072,0
19427847,1710353603000,1,131072,0
19427848,1710353615000,1,131072,0
19427849,1710353627000,1,131072,0
19427850,1710353639000,1,131072,0
19427851,1710353651000,1,131072,0
19427852,1710353663000,1,131072,0
19427853,1710353675000,0,0,0
19427854,1710353687000,1,131072,0
19427855,1710353699000,2,262144,0
19427856,1710353711000,1,131072,0
19427857,1710353723000,1,131072,0
19427858,1710353735000,0,0,0
19427859,1710353747000,1,131072,0
19427860,1710353759000,0,0,0
19427861,1710353771000,0,0,0
19427862,1710353783000,1,131072,0
19427863,1710353795000,1,131072,0
19427864,1710353807000,1,131072,0
19427865,1710353819000,0,0,0
19427866,1710353831000,1,131072,0
19427867,1710353843000,2,262144,0
19427868,1710353855000,1,131072,0
19427869,1710353867000,1,131072,0
19427870,1710353879000,1,131072,0
19427871,1710353891000,0,0,0
19427872,1710353903000,1,131072,0
19427873,1710353915000,1,131072,0
19427874,1710353927000,1,131072,0
19427875,1710353939000,0,0,0
19427876,1710353951000,1,131072,0
19427877,1710353963000,1,131072,0
19427878,1710353975000,1,131072,0
19427879,1710353987000,1,131072,0
19427880,1710353999000,1,131072,0
19427881,1710354011000,0,0,0
19427882,1710354023000,0,0,0
19427883,1710354035000,1,131072,0
19427884,1710354047000,0,0,0
19427885,1710354059000,1,131072,0
19427886,1710354071000,1,131072,0
19427887,1710354083000,0,0,0
19427888,1710354095000,2,262144,0
19427889,1710354107000,1,131072,0
19427890,1710354119000,1,131072,0
19427891,1710354131000,1,131072,0
19427892,1710354143000,0,0,0
19427893,1710354155000,1,131072,0
19427894,1710354167000,1,131072,0
19427895,1710354179000,1,131072,0
19427896,1710354191000,1,131072,0
19427897,1710354203000,0,0,0
19427898,1710354215000,1,131072,0
19427899,1710354227000,1,131072,0
19427900,1710354239000,1,131072,0
19427901,1710354251000,1,131072,0
19427902,1710354263000,0,0,0
19427903,1710354275000,1,131072,0
19427904,1710354287000,1,131072,0
19427905,1710354299000,0,0,0
19427906,1710354311000,1,131072,0
19427907,1710354323000,1,131072,0
19427908,1710354335000,1,131072,0
19427909,1710354347000,1,131072,0
19427910,1710354359000,1,131072,0
19427911,1710354371000,2,262144,0
19427912,1710354383000,1,131072,0
19427913,1710354395000,0,0,0
19427914,1710354407000,0,0,0
19427915,1710354419000,1,131072,0
19427916,1710354431000,0,0,0
19427917,1710354443000,1,131072,0
19427918,1710354479000,0,0,0
19427919,1710354491000,0,0,0
19427920,1710354503000,1,131072,0
19427921,1710354515000,1,131072,0
19427922,1710354527000,2,262144,0
19427923,1710354539000,0,0,0
19427924,1710354551000,1,131072,0
19427925,1710354563000,0,0,0
19427926,1710354575000,1,131072,0
19427927,1710354587000,0,0,0
19427928,1710354599000,0,0,0
19427929,1710354611000,1,131072,0
19427930,1710354623000,0,0,0
19427931,1710354635000,1,131072,0
19427932,1710354647000,0,0,0
19427933,1710354659000,2,262144,0
19427934,1710354671000,0,0,0
19427935,1710354683000,1,131072,0
19427936,1710354695000,0,0,0
19427937,1710354707000,1,131072,0
19427938,1710354719000,1,131072,0
19427939,1710354731000,1,131072,0
19427940,1710354743000,0,0,0
19427941,1710354755000,1,131072,0
19427942,1710354767000,1,131072,0
19427943,1710354779000,1,131072,0
19427944,1710354791000,1,131072,0
19427945,1710354803000,1,131072,0
19427946,1710354815000,0,0,0
19427947,1710354827000,2,262144,0
19427948,1710354839000,0,0,0
19427949,1710354851000,0,0,0
19427950,1710354863000,0,0,0
19427951,1710354875000,0,0,0
19427952,1710354887000,0,0,0
19427953,1710354899000,0,0,0
19427954,1710354911000,0,0,0
19427955,1710354923000,0,0,0
19427956,1710354935000,0,0,0
19427957,1710354947000,1,131072,0
19427958,1710354959000,0,0,0
19427959,1710354971000,0,0,0
19427960,1710354983000,0,0,0
19427961,1710354995000,0,0,0
19427962,1710355007000,0,0,0
19427963,1710355019000,0,0,0
19427964,1710355031000,0,0,0
19427965,1710355043000,0,0,0
19427966,1710355055000,0,0,0
19427967,1710355067000,0,0,0
19427968,1710355079000,0,0,0
19427969,1710355091000,1,131072,0
19427970,1710355103000,0,0,0
19427971,1710355115000,0,0,0
19427972,1710355127000,0,0,0
19427973,1710355139000,0,0,0
19427974,1710355151000,0,0,0
19427975,1710355163000,1,131072,0
19427976,1710355175000,0,0,0
19427977,1710355187000,1,131072,0
19427978,1710355199000,0,0,0
19427979,1710355211000,1,131072,0
19427980,1710355223000,1,131072,0
19427981,1710355235000,1,131072,0
19427982,1710355247000,0,0,0
19427983,1710355259000,1,131072,0
19427984,1710355271000,0,0,0
19427985,1710355283000,0,0,0
19427986,1710355295000,0,0,0
19427987,1710355307000,0,0,0
19427988,1710355319000,0,0,0
19427989,1710355331000,0,0,0
19427990,1710355343000,0,0,0
19427991,1710355355000,1,131072,0
19427992,1710355367000,0,0,0
19427993,1710355379000,1,131072,0
19427994,1710355391000,1,131072,0
19427995,1710355403000,1,131072,0
19427996,1710355415000,0,0,0
19427997,1710355427000,1,131072,0
19427998,1710355439000,1,131072,0
19427999,1710355451000,1,131072,0
19428000,1710355463000,1,131072,0
19428001,1710355475000,1,131072,0
19428002,1710355487000,0,0,0
19428003,1710355499000,1,131072,0
19428004,1710355523000,2,262144,0
19428005,1710355535000,1,131072,0
19428006,1710355547000,1,131072,0
19428007,1710355559000,1,131072,0
19428008,1710355571000,0,0,0
19428009,1710355583000,1,131072,0
19428010,1710355595000,1,131072,0
19428011,1710355607000,0,0,0
19428012,1710355619000,1,131072,0
19428013,1710355631000,1,131072,0
19428014,1710355643000,1,131072,0
19428015,1710355655000,0,0,0
19428016,1710355667000,2,262144,0
19428017,1710355679000,0,0,0
19428018,1710355691000,1,131072,0
19428019,1710355703000,0,0,0
19428020,1710355715000,1,131072,0
19428021,1710355727000,0,0,0
19428022,1710355739000,1,131072,0
19428023,1710355751000,1,131072,0
19428024,1710355763000,1,131072,0
19428025,1710355775000,1,131072,0
19428026,1710355787000,1,131072,0
19428027,1710355799000,1,131072,0
19428028,1710355811000,1,131072,0
19428029,1710355823000,0,0,0
19428030,1710355835000,0,0,0
19428031,1710355847000,1,131072,0
19428032,1710355859000,0,0,0
19428033,1710355871000,1,131072,0
19428034,1710355883000,0,0,0
19428035,1710355895000,0,0,0
19428036,1710355907000,0,0,0
19428037,1710355919000,1,131072,0
19428038,1710355931000,1,131072,0
19428039,1710355943000,1,131072,0
19428040,1710355955000,0,0,0
19428041,1710355967000,0,0,0
19428042,1710355979000,1,131072,0
19428043,1710355991000,1,131072,0
19428044,1710356003000,1,131072,0
19428045,1710356015000,2,262144,0
19428046,1710356027000,1,131072,0
19428047,1710356039000,1,131072,0
19428048,1710356051000,1,131072,0
19428049,1710356075000,1,131072,0
19428050,1710356087000,0,0,0
19428051,1710356099000,2,262144,0
19428052,1710356111000,1,131072,0
19428053,1710356123000,1,131072,0
19428054,1710356135000,1,131072,0
19428055,1710356147000,0,0,0
19428056,1710356159000,1,131072,0
19428057,1710356171000,1,131072,0
19428058,1710356183000,1,131072,0
19428059,1710356195000,1,131072,0
19428060,1710356207000,1,131072,0
19428061,1710356219000,0,0,0
19428062,1710356231000,2,262144,0
19428063,1710356243000,0,0,0
19428064,1710356267000,0,0,0
19428065,1710356279000,1,131072,0
19428066,1710356291000,1,131072,0
19428067,1710356303000,1,131072,0
19428068,1710356315000,1,131072,0
19428069,1710356327000,1,131072,0
19428070,1710356339000,1,131072,0
19428071,1710356351000,0,0,0
19428072,1710356363000,1,131072,0
19428073,1710356375000,2,262144,0
19428074,1710356387000,1,131072,0
19428075,1710356399000,0,0,0
19428076,1710356411000,0,0,0
19428077,1710356423000,0,0,0
19428078,1710356435000,0,0,0
19428079,1710356447000,0,0,0
19428080,1710356459000,0,0,0
19428081,1710356471000,0,0,0
19428082,1710356483000,0,0,0
19428083,1710356495000,0,0,0
19428084,1710356507000,0,0,0
19428085,1710356519000,0,0,0
19428086,1710356531000,1,131072,0
19428087,1710356555000,0,0,0
19428088,1710356567000,1,131072,0
19428089,1710356579000,0,0,0
19428090,1710356591000,1,131072,0
19428091,1710356603000,1,131072,0
19428092,1710356615000,1,131072,0
19428093,1710356627000,1,131072,0
19428094,1710356639000,0,0,0
19428095,1710356651000,1,131072,0
19428096,1710356663000,1,131072,0
19428097,1710356675000,0,0,0
19428098,1710356687000,0,0,0
19428099,1710356711000,2,262144,0
19428100,1710356723000,1,131072,0
19428101,1710356735000,0,0,0
19428102,1710356747000,1,131072,0
19428103,1710356759000,1,131072,0
19428104,1710356771000,1,131072,0
19428105,1710356783000,1,131072,0
19428106,1710356795000,1,131072,0
19428107,1710356807000,1,131072,0
19428108,1710356819000,2,262144,0
19428109,1710356831000,0,0,0
19428110,1710356843000,1,131072,0
19428111,1710356855000,0,0,0
19428112,1710356867000,1,131072,0
19428113,1710356879000,1,131072,0
19428114,1710356891000,0,0,0
19428115,1710356903000,1,131072,0
19428116,1710356915000,1,131072,0
19428117,1710356927000,1,131072,0
19428118,1710356939000,1,131072,0
19428119,1710356951000,2,262144,0
19428120,1710356963000,1,131072,0
19428121,1710356975000,1,131072,0
19428122,1710356987000,1,131072,0
19428123,1710356999000,1,131072,0
19428124,1710357011000,1,131072,0
19428125,1710357023000,1,131072,0
19428126,1710357035000,0,0,0
19428127,1710357047000,0,0,0
19428128,1710357059000,1,131072,0
19428129,1710357071000,1,131072,0
19428130,1710357083000,1,131072,0
19428131,1710357095000,0,0,0
19428132,1710357107000,1,131072,0
19428133,1710357119000,1,131072,0
19428134,1710357131000,1,131072,0
19428135,1710357143000,1,131072,0
19428136,1710357155000,0,0,0
19428137,1710357167000,1,131072,0
19428138,1710357179000,1,131072,0
19428139,1710357191000,1,131072,0
19428140,1710357203000,1,131072,0
19428141,1710357215000,1,131072,0
19428142,1710357227000,1,131072,0
19428143,1710357239000,1,131072,0
19428144,1710357251000,0,0,0
19428145,1710357263000,1,131072,0
19428146,1710357275000,1,131072,0
19428147,1710357287000,1,131072,0
19428148,1710357299000,1,131072,0
19428149,1710357311000,0,0,0
19428150,1710357323000,1,131072,0
19428151,1710357335000,1,131072,0
19428152,1710357347000,1,131072,0
19428153,1710357359000,2,262144,0
19428154,1710357371000,1,131072,0
19428155,1710357383000,0,0,0
19428156,1710357395000,1,131072,0
19428157,1710357407000,1,131072,0
19428158,1710357419000,1,131072,0
19428159,1710357431000,1,131072,0
19428160,1710357443000,0,0,0
19428161,1710357455000,1,131072,0
19428162,1710357467000,0,0,0
19428163,1710357479000,0,0,0
19428164,1710357491000,0,0,0
19428165,1710357503000,0,0,0
19428166,1710357515000,0,0,0
19428167,1710357527000,1,131072,0
19428168,1710357539000,1,131072,0
19428169,1710357551000,1,131072,0
19428170,1710357563000,1,131072,0
19428171,1710357575000,1,131072,0
19428172,1710357587000,1,131072,0
19428173,1710357599000,1,131072,0
19428174,1710357611000,1,131072,0
19428175,1710357623000,1,131072,0
19428176,1710357635000,0,0,0
19428177,1710357647000,1,131072,0
19428178,1710357659000,1,131072,0
19428179,1710357671000,1,131072,0
19428180,1710357683000,1,131072,0
19428181,1710357695000,1,131072,0
19428182,1710357707000,1,131072,0
19428183,1710357719000,1,131072,0
19428184,1710357731000,1,131072,0
19428185,1710357743000,1,131072,0
19428186,1710357755000,1,131072,0
19428187,1710357767000,0,0,0
19428188,1710357779000,2,262144,0
19428189,1710357791000,1,131072,0
19428190,1710357803000,0,0,0
19428191,1710357815000,1,131072,0
19428192,1710357827000,1,131072,0
19428193,1710357839000,0,0,0
19428194,1710357851000,1,131072,0
19428195,1710357863000,0,0,0
19428196,1710357875000,1,131072,0
19428197,1710357887000,1,131072,0
19428198,1710357899000,1,131072,0
19428199,1710357911000,0,0,0
19428200,1710357923000,2,262144,0
19428201,1710357935000,1,131072,0
19428202,1710357947000,1,131072,0
19428203,1710357959000,1,131072,0
19428204,1710357971000,0,0,0
19428205,1710357983000,1,131072,0
19428206,1710357995000,1,131072,0
19428207,1710358007000,1,131072,0
19428208,1710358019000,1,131072,0
19428209,1710358031000,1,131072,0
19428210,1710358043000,0,0,0
19428211,1710358055000,1,131072,0
19428212,1710358067000,2,262144,0
19428213,1710358079000,1,131072,0
19428214,1710358091000,1,131072,0
19428215,1710358103000,1,131072,0
19428216,1710358115000,1,131072,0
19428217,1710358127000,1,131072,0
19428218,1710358139000,1,131072,0
19428219,1710358151000,0,0,0
19428220,1710358163000,1,131072,0
19428221,1710358175000,0,0,0
19428222,1710358187000,2,262144,0
19428223,1710358199000,1,131072,0
19428224,1710358211000,1,131072,0
19428225,1710358223000,0,0,0
19428226,1710358235000,0,0,0
19428227,1710358247000,1,131072,0
19428228,1710358259000,1,131072,0
19428229,1710358271000,0,0,0
19428230,1710358283000,1,131072,0
19428231,1710358295000,1,131072,0
19428232,1710358307000,0,0,0
19428233,1710358319000,1,131072,0
19428234,1710358331000,2,262144,0
19428235,1710358343000,1,131072,0
19428236,1710358355000,0,0,0
19428237,1710358367000,1,131072,0
19428238,1710358379000,0,0,0
19428239,1710358391000,1,131072,0
19428240,1710358403000,1,131072,0
19428241,1710358415000,0,0,0
19428242,1710358427000,1,131072,0
19428243,1710358439000,1,131072,0
19428244,1710358451000,0,0,0
19428245,1710358463000,1,131072,0
19428246,1710358475000,2,262144,0
19428247,1710358487000,1,131072,0
19428248,1710358499000,1,131072,0
19428249,1710358511000,0,0,0
19428250,1710358523000,0,0,0
19428251,1710358535000,1,131072,0
19428252,1710358547000,1,131072,0
19428253,1710358559000,1,131072,0
19428254,1710358571000,1,131072,0
19428255,1710358583000,1,131072,0
19428256,1710358595000,1,131072,0
19428257,1710358607000,1,131072,0
19428258,1710358619000,1,131072,0
19428259,1710358631000,1,131072,0
19428260,1710358643000,2,262144,0
19428261,1710358655000,0,0,0
19428262,1710358667000,1,131072,0
19428263,1710358679000,1,131072,0
19428264,1710358691000,1,131072,0
19428265,1710358703000,1,131072,0
19428266,1710358715000,0,0,0
19428267,1710358727000,1,131072,0
19428268,1710358739000,1,131072,0
19428269,1710358751000,1,131072,0
19428270,1710358763000,1,131072,0
19428271,1710358775000,1,131072,0
19428272,1710358787000,1,131072,0
19428273,1710358799000,0,0,0
19428274,1710358811000,1,131072,0
19428275,1710358823000,1,131072,0
19428276,1710358835000,0,0,0
19428277,1710358847000,1,131072,0
19428278,1710358859000,0,0,0
19428279,1710358871000,1,131072,0
19428280,1710358883000,1,131072,0
19428281,1710358895000,1,131072,0
19428282,1710358907000,1,131072,0
19428283,1710358919000,1,131072,0
19428284,1710358931000,1,131072,0
19428285,1710358943000,0,0,0
19428286,1710358955000,1,131072,0
19428287,1710358967000,1,131072,0
19428288,1710358979000,1,131072,0
19428289,1710358991000,1,131072,0
19428290,1710359003000,1,131072,0
19428291,1710359015000,1,131072,0
19428292,1710359027000,1,131072,0
19428293,1710359039000,1,131072,0
19428294,1710359063000,1,131072,0
19428295,1710359075000,0,0,0
19428296,1710359087000,1,131072,0
19428297,1710359099000,1,131072,0
19428298,1710359111000,1,131072,0
19428299,1710359123000,0,0,0
19428300,1710359135000,0,0,0
19428301,1710359147000,1,131072,0
19428302,1710359159000,0,0,0
19428303,1710359171000,0,0,0
19428304,1710359183000,1,131072,0
19428305,1710359195000,1,131072,0
19428306,1710359207000,1,131072,0
19428307,1710359219000,2,262144,0
19428308,1710359231000,1,131072,0
19428309,1710359243000,1,131072,0
19428310,1710359255000,0,0,0
19428311,1710359267000,1,131072,0
19428312,1710359279000,0,0,0
19428313,1710359291000,1,131072,0
19428314,1710359303000,0,0,0
19428315,1710359315000,1,131072,0
19428316,1710359327000,1,131072,0
19428317,1710359339000,1,131072,0
19428318,1710359351000,1,131072,0
19428319,1710359363000,1,131072,0
19428320,1710359375000,2,262144,0
19428321,1710359387000,1,131072,0
19428322,1710359399000,1,131072,0
19428323,1710359411000,0,0,0
19428324,1710359423000,0,0,0
19428325,1710359435000,1,131072,0
19428326,1710359447000,1,131072,0
19428327,1710359459000,1,131072,0
19428328,1710359471000,1,131072,0
19428329,1710359483000,1,131072,0
19428330,1710359495000,0,0,0
19428331,1710359507000,1,131072,0
19428332,1710359519000,1,131072,0
19428333,1710359531000,1,131072,0
19428334,1710359543000,0,0,0
19428335,1710359555000,1,131072,0
19428336,1710359567000,1,131072,0
19428337,1710359579000,0,0,0
19428338,1710359591000,1,131072,0
19428339,1710359603000,1,131072,0
19428340,1710359615000,1,131072,0
19428341,1710359627000,1,131072,0
19428342,1710359639000,1,131072,0
19428343,1710359651000,0,0,0
19428344,1710359663000,0,0,0
19428345,1710359675000,2,262144,0
19428346,1710359687000,1,131072,0
19428347,1710359699000,1,131072,0
19428348,1710359711000,1,131072,0
19428349,1710359723000,1,131072,0
19428350,1710359735000,0,0,0
19428351,1710359747000,0,0,0
19428352,1710359759000,1,131072,0
19428353,1710359771000,1,131072,0
19428354,1710359783000,1,131072,0
19428355,1710359795000,0,0,0
19428356,1710359807000,1,131072,0
19428357,1710359819000,2,262144,0
19428358,1710359831000,1,131072,0
19428359,1710359843000,0,0,0
19428360,1710359855000,0,0,0
19428361,1710359867000,0,0,0
19428362,1710359879000,1,131072,0
19428363,1710359891000,1,131072,0
19428364,1710359903000,1,131072,0
19428365,1710359915000,0,0,0
19428366,1710359927000,2,262144,0
19428367,1710359939000,0,0,0
19428368,1710359951000,1,131072,0
19428369,1710359963000,0,0,0
19428370,1710359975000,1,131072,0
19428371,1710359987000,1,131072,0
19428372,1710359999000,1,131072,0
19428373,1710360011000,1,131072,0
19428374,1710360023000,0,0,0
19428375,1710360035000,1,131072,0
19428376,1710360047000,2,262144,0
19428377,1710360059000,0,0,0
19428378,1710360071000,0,0,0
19428379,1710360083000,1,131072,0
19428380,1710360095000,0,0,0
19428381,1710360107000,1,131072,0
19428382,1710360119000,1,131072,0
19428383,1710360131000,1,131072,0
19428384,1710360143000,1,131072,0
19428385,1710360155000,0,0,0
19428386,1710360167000,1,131072,0
19428387,1710360179000,0,0,0
19428388,1710360191000,1,131072,0
19428389,1710360203000,2,262144,0
19428390,1710360215000,1,131072,0
19428391,1710360227000,1,131072,0
19428392,1710360239000,0,0,0
19428393,1710360251000,1,131072,0
19428394,1710360263000,1,131072,0
19428395,1710360275000,1,131072,0
19428396,1710360287000,0,0,0
19428397,1710360299000,1,131072,0
19428398,1710360311000,1,131072,0
19428399,1710360323000,1,131072,0
19428400,1710360335000,1,131072,0
19428401,1710360347000,1,131072,0
19428402,1710360359000,0,0,0
19428403,1710360371000,1,131072,0
19428404,1710360383000,0,0,0
19428405,1710360395000,1,131072,0
19428406,1710360407000,1,131072,0
19428407,1710360419000,1,131072,0
19428408,1710360431000,1,131072,0
19428409,1710360443000,0,0,0
19428410,1710360455000,1,131072,0
19428411,1710360467000,1,131072,0
19428412,1710360479000,1,131072,0
19428413,1710360491000,0,0,0
19428414,1710360503000,1,131072,0
19428415,1710360527000,2,262144,0
19428416,1710360539000,1,131072,0
19428417,1710360551000,1,131072,0
19428418,1710360563000,0,0,0
19428419,1710360575000,1,131072,0
19428420,1710360587000,0,0,0
19428421,1710360599000,1,131072,0
19428422,1710360611000,1,131072,0
19428423,1710360623000,1,131072,0
19428424,1710360635000,1,131072,0
19428425,1710360647000,0,0,0
19428426,1710360659000,2,262144,0
19428427,1710360671000,0,0,0
19428428,1710360683000,1,131072,0
19428429,1710360695000,1,131072,0
19428430,1710360707000,1,131072,0
19428431,1710360719000,0,0,0
19428432,1710360731000,1,131072,0
19428433,1710360743000,1,131072,0
19428434,1710360755000,1,131072,0
19428435,1710360767000,1,131072,0
19428436,1710360779000,2,262144,0
19428437,1710360791000,0,0,0
19428438,1710360803000,1,131072,0
19428439,1710360815000,0,0,0
19428440,1710360827000,1,131072,0
19428441,1710360839000,1,131072,0
19428442,1710360851000,1,131072,0
19428443,1710360863000,1,131072,0
19428444,1710360875000,1,131072,0
19428445,1710360887000,2,262144,0
19428446,1710360899000,1,131072,0
19428447,1710360911000,0,0,0
19428448,1710360923000,1,131072,0
19428449,1710360935000,1,131072,0
19428450,1710360947000,1,131072,0
19428451,1710360959000,1,131072,0
19428452,1710360971000,0,0,0
19428453,1710360983000,1,131072,0
19428454,1710360995000,1,131072,0
19428455,1710361007000,1,131072,0
19428456,1710361019000,1,131072,0
19428457,1710361031000,1,131072,0
19428458,1710361043000,1,131072,0
19428459,1710361055000,0,0,0
19428460,1710361067000,1,131072,0
19428461,1710361079000,0,0,0
19428462,1710361091000,1,131072,0
19428463,1710361103000,0,0,0
19428464,1710361115000,1,131072,0
19428465,1710361127000,1,131072,0
19428466,1710361139000,1,131072,0
19428467,1710361151000,1,131072,0
19428468,1710361163000,1,131072,0
19428469,1710361175000,1,131072,0
19428470,1710361187000,0,0,0
19428471,1710361199000,2,262144,0
19428472,1710361211000,3,393216,0
19428473,1710361223000,0,0,0
19428474,1710361235000,1,131072,0
19428475,1710361247000,1,131072,0
19428476,1710361259000,0,0,0
19428477,1710361271000,1,131072,0
19428478,1710361283000,1,131072,0
19428479,1710361295000,0,0,0
19428480,1710361307000,1,131072,0
19428481,1710361319000,1,131072,0
19428482,1710361331000,0,0,0
19428483,1710361343000,2,262144,0
19428484,1710361355000,1,131072,0
19428485,1710361367000,0,0,0
19428486,1710361379000,1,131072,0
19428487,1710361391000,0,0,0
19428488,1710361403000,1,131072,0
19428489,1710361415000,1,131072,0
19428490,1710361427000,0,0,0
19428491,1710361439000,0,0,0
19428492,1710361451000,0,0,0
19428493,1710361463000,1,131072,0
19428494,1710361475000,1,131072,0
19428495,1710361487000,1,131072,0
19428496,1710361499000,1,131072,0
19428497,1710361511000,1,131072,0
19428498,1710361523000,1,131072,0
19428499,1710361535000,0,0,0
19428500,1710361547000,0,0,0
19428501,1710361559000,1,131072,0
19428502,1710361571000,0,0,0
19428503,1710361583000,1,131072,0
19428504,1710361595000,0,0,0
19428505,1710361607000,0,0,0
19428506,1710361619000,1,131072,0
19428507,1710361631000,0,0,0
19428508,1710361643000,0,0,0
19428509,1710361655000,2,262144,0
19428510,1710361667000,0,0,0
19428511,1710361679000,1,131072,0
19428512,1710361691000,1,131072,0
19428513,1710361703000,1,131072,0
19428514,1710361715000,0,0,0
19428515,1710361727000,1,131072,0
19428516,1710361739000,1,131072,0
19428517,1710361751000,0,0,0
19428518,1710361763000,0,0,0
19428519,1710361775000,1,131072,0
19428520,1710361787000,1,131072,0
19428521,1710361799000,1,131072,0
19428522,1710361811000,1,131072,0
19428523,1710361823000,1,131072,0
19428524,1710361835000,1,131072,0
19428525,1710361847000,1,131072,0
19428526,1710361859000,1,131072,0
19428527,1710361871000,0,0,0
19428528,1710361883000,1,131072,0
19428529,1710361895000,1,131072,0
19428530,1710361907000,0,0,0
19428531,1710361919000,1,131072,0
19428532,1710361931000,0,0,0
19428533,1710361943000,2,262144,0
19428534,1710361955000,1,131072,0
19428535,1710361967000,1,131072,0
19428536,1710361979000,1,131072,0
19428537,1710361991000,1,131072,0
19428538,1710362003000,0,0,0
19428539,1710362015000,1,131072,0
19428540,1710362027000,1,131072,0
19428541,1710362039000,0,0,0
19428542,1710362051000,1,131072,0
19428543,1710362063000,1,131072,0
19428544,1710362075000,0,0,0
19428545,1710362087000,1,131072,0
19428546,1710362099000,1,131072,0
19428547,1710362111000,1,131072,0
19428548,1710362123000,1,131072,0
19428549,1710362135000,1,131072,0
19428550,1710362147000,1,131072,0
19428551,1710362159000,1,131072,0
19428552,1710362171000,1,131072,0
19428553,1710362183000,2,262144,0
19428554,1710362195000,1,131072,0
19428555,1710362207000,0,0,0
19428556,1710362219000,0,0,0
19428557,1710362231000,1,131072,0
19428558,1710362243000,1,131072,0
19428559,1710362255000,1,131072,0
19428560,1710362267000,1,131072,0
19428561,1710362279000,1,131072,0
19428562,1710362291000,1,131072,0
19428563,1710362303000,0,0,0
19428564,1710362315000,1,131072,0
19428565,1710362327000,2,262144,0
19428566,1710362339000,0,0,0
19428567,1710362351000,1,131072,0
19428568,1710362363000,1,131072,0
19428569,1710362375000,1,131072,0
19428570,1710362387000,0,0,0
19428571,1710362399000,1,131072,0
19428572,1710362411000,0,0,0
19428573,1710362423000,0,0,0
19428574,1710362435000,1,131072,0
19428575,1710362447000,1,131072,0
19428576,1710362459000,1,131072,0
19428577,1710362471000,2,262144,0
19428578,1710362483000,0,0,0
19428579,1710362495000,1,131072,0
19428580,1710362507000,1,131072,0
19428581,1710362519000,0,0,0
19428582,1710362531000,0,0,0
19428583,1710362543000,1,131072,0
19428584,1710362567000,0,0,0
19428585,1710362579000,1,131072,0
19428586,1710362591000,1,131072,0
19428587,1710362603000,1,131072,0
19428588,1710362615000,3,393216,0
19428589,1710362627000,1,131072,0
19428590,1710362639000,1,131072,0
19428591,1710362651000,0,0,0
19428592,1710362663000,1,131072,0
19428593,1710362675000,0,0,0
19428594,1710362687000,1,131072,0
19428595,1710362699000,1,131072,0
19428596,1710362711000,1,131072,0
19428597,1710362723000,1,131072,0
19428598,1710362735000,0,0,0
19428599,1710362747000,1,131072,0
19428600,1710362759000,2,262144,0
19428601,1710362771000,1,131072,0
19428602,1710362783000,1,131072,0
19428603,1710362795000,1,131072,0
19428604,1710362807000,0,0,0
19428605,1710362819000,1,131072,0
19428606,1710362831000,1,131072,0
19428607,1710362843000,1,131072,0
19428608,1710362855000,0,0,0
19428609,1710362867000,1,131072,0
19428610,1710362879000,1,131072,0
19428611,1710362891000,0,0,0
19428612,1710362903000,0,0,0
19428613,1710362915000,1,131072,0
19428614,1710362927000,0,0,0
19428615,1710362939000,1,131072,0
19428616,1710362951000,0,0,0
19428617,1710362963000,1,131072,0
19428618,1710362975000,0,0,0
19428619,1710362987000,1,131072,0
19428620,1710362999000,1,131072,0
19428621,1710363011000,1,131072,0
19428622,1710363023000,1,131072,0
19428623,1710363035000,1,131072,0
19428624,1710363047000,2,262144,0
19428625,1710363059000,1,131072,0
19428626,1710363071000,1,131072,0
19428627,1710363083000,0,0,0
19428628,1710363095000,1,131072,0
19428629,1710363107000,1,131072,0
19428630,1710363119000,0,0,0
19428631,1710363131000,1,131072,0
19428632,1710363143000,1,131072,0
19428633,1710363155000,0,0,0
19428634,1710363167000,1,131072,0
19428635,1710363179000,0,0,0
19428636,1710363191000,1,131072,0
19428637,1710363215000,1,131072,0
19428638,1710363227000,1,131072,0
19428639,1710363239000,1,131072,0
19428640,1710363251000,1,131072,0
19428641,1710363263000,0,0,0
19428642,1710363275000,2,262144,0
19428643,1710363287000,1,131072,0
19428644,1710363299000,0,0,0
19428645,1710363311000,1,131072,0
19428646,1710363323000,1,131072,0
19428647,1710363335000,1,131072,0
19428648,1710363359000,0,0,0
19428649,1710363371000,1,131072,0
19428650,1710363383000,0,0,0
19428651,1710363407000,0,0,0
19428652,1710363419000,2,262144,0
19428653,1710363431000,1,131072,0
19428654,1710363443000,0,0,0
19428655,1710363455000,1,131072,0
19428656,1710363467000,1,131072,0
19428657,1710363479000,1,131072,0
19428658,1710363491000,1,131072,0
19428659,1710363503000,1,131072,0
19428660,1710363515000,0,0,0
19428661,1710363527000,1,131072,0
19428662,1710363539000,1,131072,0
19428663,1710363551000,0,0,0
19428664,1710363563000,2,262144,0
19428665,1710363575000,1,131072,0
19428666,1710363587000,1,131072,0
19428667,1710363599000,1,131072,0
19428668,1710363611000,1,131072,0
19428669,1710363623000,0,0,0
19428670,1710363635000,1,131072,0
19428671,1710363647000,1,131072,0
19428672,1710363659000,1,131072,0
19428673,1710363671000,1,131072,0
19428674,1710363683000,1,131072,0
19428675,1710363695000,1,131072,0
19428676,1710363707000,2,262144,0
19428677,1710363719000,1,131072,0
19428678,1710363731000,1,131072,0
19428679,1710363743000,1,131072,0
19428680,1710363755000,1,131072,0
19428681,1710363767000,0,0,0
19428682,1710363779000,0,0,0
19428683,1710363791000,1,131072,0
19428684,1710363803000,1,131072,0
19428685,1710363815000,1,131072,0
19428686,1710363827000,1,131072,0
19428687,1710363839000,1,131072,0
19428688,1710363851000,0,0,0
19428689,1710363863000,1,131072,0
19428690,1710363875000,0,0,0
19428691,1710363887000,1,131072,0
19428692,1710363899000,1,131072,0
19428693,1710363911000,0,0,0
19428694,1710363923000,1,131072,0
19428695,1710363935000,1,131072,0
19428696,1710363947000,1,131072,0
19428697,1710363959000,1,131072,0
19428698,1710363983000,1,131072,0
19428699,1710363995000,1,131072,0
19428700,1710364007000,1,131072,0
19428701,1710364019000,1,131072,0
19428702,1710364031000,1,131072,0
19428703,1710364043000,1,131072,0
19428704,1710364055000,0,0,0
19428705,1710364067000,1,131072,0
19428706,1710364079000,1,131072,0
19428707,1710364091000,1,131072,0
19428708,1710364103000,1,131072,0
19428709,1710364115000,2,262144,0
19428710,1710364127000,1,131072,0
19428711,1710364139000,1,131072,0
19428712,1710364151000,0,0,0
19428713,1710364163000,1,131072,0
19428714,1710364175000,1,131072,0
19428715,1710364187000,1,131072,0
19428716,1710364199000,1,131072,0
19428717,1710364211000,0,0,0
19428718,1710364223000,1,131072,0
19428719,1710364235000,0,0,0
19428720,1710364247000,1,131072,0
19428721,1710364259000,2,262144,0
19428722,1710364271000,1,131072,0
19428723,1710364283000,1,131072,0
19428724,1710364295000,0,0,0
19428725,1710364307000,0,0,0
19428726,1710364319000,0,0,0
19428727,1710364331000,0,0,0
19428728,1710364343000,1,131072,0
19428729,1710364355000,1,131072,0
19428730,1710364367000,0,0,0
19428731,1710364379000,2,262144,0
19428732,1710364391000,0,0,0
19428733,1710364403000,1,131072,0
19428734,1710364415000,0,0,0
19428735,1710364427000,1,131072,0
19428736,1710364439000,0,0,0
19428737,1710364451000,1,131072,0
19428738,1710364463000,0,0,0
19428739,1710364475000,0,0,0
19428740,1710364487000,0,0,0
19428741,1710364499000,0,0,0
19428742,1710364511000,1,131072,0
19428743,1710364523000,1,131072,0
19428744,1710364535000,2,262144,0
19428745,1710364547000,1,131072,0
19428746,1710364559000,0,0,0
19428747,1710364571000,0,0,0
19428748,1710364583000,1,131072,0
19428749,1710364595000,1,131072,0
19428750,1710364607000,0,0,0
19428751,1710364619000,0,0,0
19428752,1710364631000,1,131072,0
19428753,1710364643000,0,0,0
19428754,1710364655000,1,131072,0
19428755,1710364667000,0,0,0
19428756,1710364679000,2,262144,0
19428757,1710364691000,1,131072,0
19428758,1710364703000,0,0,0
19428759,1710364715000,1,131072,0
19428760,1710364727000,1,131072,0
19428761,1710364739000,1,131072,0
19428762,1710364751000,0,0,0
19428763,1710364763000,0,0,0
19428764,1710364775000,1,131072,0
19428765,1710364787000,1,131072,0
19428766,1710364799000,1,131072,0
19428767,1710364811000,1,131072,0
19428768,1710364823000,2,262144,0
19428769,1710364835000,1,131072,0
19428770,1710364847000,0,0,0
19428771,1710364859000,0,0,0
19428772,1710364871000,1,131072,0
19428773,1710364883000,1,131072,0
19428774,1710364895000,1,131072,0
19428775,1710364907000,0,0,0
19428776,1710364919000,1,131072,0
19428777,1710364931000,1,131072,0
19428778,1710364943000,1,131072,0
19428779,1710364955000,0,0,0
19428780,1710364967000,2,262144,0
19428781,1710364979000,0,0,0
19428782,1710364991000,1,131072,0
19428783,1710365003000,1,131072,0
19428784,1710365015000,0,0,0
19428785,1710365039000,0,0,0
19428786,1710365051000,0,0,0
19428787,1710365063000,1,131072,0
19428788,1710365075000,1,131072,0
19428789,1710365087000,1,131072,0
19428790,1710365099000,1,131072,0
19428791,1710365111000,1,131072,0
19428792,1710365123000,1,131072,0
19428793,1710365135000,1,131072,0
19428794,1710365147000,0,0,0
19428795,1710365159000,1,131072,0
19428796,1710365171000,1,131072,0
19428797,1710365183000,0,0,0
19428798,1710365195000,0,0,0
19428799,1710365207000,1,131072,0
19428800,1710365219000,1,131072,0
19428801,1710365231000,2,262144,0
19428802,1710365243000,0,0,0
19428803,1710365255000,1,131072,0
19428804,1710365267000,0,0,0
19428805,1710365279000,1,131072,0
19428806,1710365291000,1,131072,0
19428807,1710365303000,0,0,0
19428808,1710365315000,0,0,0
19428809,1710365327000,1,131072,0
19428810,1710365339000,1,131072,0
19428811,1710365351000,2,262144,0
19428812,1710365363000,0,0,0
19428813,1710365375000,0,0,0
19428814,1710365387000,1,131072,0
19428815,1710365399000,1,131072,0
19428816,1710365411000,1,131072,0
19428817,1710365423000,1,131072,0
19428818,1710365435000,1,131072,0
19428819,1710365447000,0,0,0
19428820,1710365459000,1,131072,0
19428821,1710365471000,1,131072,0
19428822,1710365483000,1,131072,0
19428823,1710365495000,1,131072,0
19428824,1710365507000,0,0,0
19428825,1710365519000,2,262144,0
19428826,1710365531000,1,131072,0
19428827,1710365543000,1,131072,0
19428828,1710365555000,1,131072,0
19428829,1710365567000,1,131072,0
19428830,1710365579000,1,131072,0
19428831,1710365591000,1,131072,0
19428832,1710365603000,0,0,0
19428833,1710365615000,1,131072,0
19428834,1710365627000,0,0,0
19428835,1710365639000,2,262144,0
19428836,1710365651000,1,131072,0
19428837,1710365663000,0,0,0
19428838,1710365675000,1,131072,0
19428839,1710365687000,1,131072,0
19428840,1710365699000,1,131072,0
19428841,1710365711000,1,131072,0
19428842,1710365723000,0,0,0
19428843,1710365735000,1,131072,0
19428844,1710365747000,1,131072,0
19428845,1710365759000,1,131072,0
19428846,1710365771000,1,131072,0
19428847,1710365783000,1,131072,0
19428848,1710365795000,1,131072,0
19428849,1710365807000,2,262144,0
19428850,1710365819000,1,131072,0
19428851,1710365831000,1,131072,0
19428852,1710365843000,1,131072,0
19428853,1710365855000,0,0,0
19428854,1710365867000,1,131072,0
19428855,1710365879000,1,131072,0
19428856,1710365891000,1,131072,0
19428857,1710365903000,1,131072,0
19428858,1710365915000,1,131072,0
19428859,1710365927000,1,131072,0
19428860,1710365939000,1,131072,0
19428861,1710365951000,1,131072,0
19428862,1710365963000,1,131072,0
19428863,1710365975000,1,131072,0
19428864,1710365987000,0,0,0
19428865,1710365999000,1,131072,0
19428866,1710366011000,1,131072,0
19428867,1710366023000,1,131072,0
19428868,1710366035000,0,0,0
19428869,1710366047000,1,131072,0
19428870,1710366059000,0,0,0
19428871,1710366071000,1,131072,0
19428872,1710366083000,1,131072,0
19428873,1710366095000,1,131072,0
19428874,1710366107000,1,131072,0
19428875,1710366119000,2,262144,0
19428876,1710366131000,0,0,0
19428877,1710366143000,1,131072,0
19428878,1710366155000,1,131072,0
19428879,1710366167000,0,0,0
19428880,1710366179000,1,131072,0
19428881,1710366191000,0,0,0
19428882,1710366203000,0,0,0
19428883,1710366215000,1,131072,0
19428884,1710366227000,0,0,0
19428885,1710366239000,1,131072,0
19428886,1710366251000,1,131072,0
19428887,1710366263000,1,131072,0
19428888,1710366275000,0,0,0
19428889,1710366287000,0,0,0
19428890,1710366299000,1,131072,0
19428891,1710366311000,1,131072,0
19428892,1710366323000,0,0,0
19428893,1710366335000,0,0,0
19428894,1710366347000,0,0,0
19428895,1710366359000,1,131072,0
19428896,1710366371000,1,131072,0
19428897,1710366383000,2,262144,0
19428898,1710366395000,0,0,0
19428899,1710366407000,1,131072,0
19428900,1710366419000,1,131072,0
19428901,1710366431000,1,131072,0
19428902,1710366443000,0,0,0
19428903,1710366455000,1,131072,0
19428904,1710366467000,1,131072,0
19428905,1710366479000,1,131072,0
19428906,1710366491000,1,131072,0
19428907,1710366503000,1,131072,0
19428908,1710366515000,1,131072,0
19428909,1710366527000,0,0,0
19428910,1710366539000,1,131072,0
19428911,1710366551000,1,131072,0
19428912,1710366575000,2,262144,0
19428913,1710366587000,0,0,0
19428914,1710366599000,1,131072,0
19428915,1710366611000,1,131072,0
19428916,1710366623000,0,0,0
19428917,1710366635000,1,131072,0
19428918,1710366647000,1,131072,0
19428919,1710366659000,0,0,0
19428920,1710366671000,1,131072,0
19428921,1710366683000,1,131072,0
19428922,1710366695000,2,262144,0
19428923,1710366707000,1,131072,0
19428924,1710366719000,1,131072,0
19428925,1710366731000,0,0,0
19428926,1710366743000,1,131072,0
19428927,1710366755000,1,131072,0
19428928,1710366767000,1,131072,0
19428929,1710366779000,1,131072,0
19428930,1710366791000,1,131072,0
19428931,1710366803000,0,0,0
19428932,1710366815000,1,131072,0
19428933,1710366827000,1,131072,0
19428934,1710366839000,1,131072,0
19428935,1710366851000,1,131072,0
19428936,1710366863000,0,0,0
19428937,1710366875000,1,131072,0
19428938,1710366887000,1,131072,0
19428939,1710366899000,1,131072,0
19428940,1710366911000,1,131072,0
19428941,1710366923000,1,131072,0
19428942,1710366935000,0,0,0
19428943,1710366947000,1,131072,0
19428944,1710366959000,0,0,0
19428945,1710366971000,1,131072,0
19428946,1710366983000,1,131072,0
19428947,1710366995000,1,131072,0
19428948,1710367007000,0,0,0
19428949,1710367019000,0,0,0
19428950,1710367031000,1,131072,0
19428951,1710367043000,2,262144,0
19428952,1710367055000,1,131072,0
19428953,1710367079000,1,131072,0
19428954,1710367091000,1,131072,0
19428955,1710367103000,0,0,0
19428956,1710367115000,0,0,0
19428957,1710367127000,1,131072,0
19428958,1710367139000,0,0,0
19428959,1710367151000,1,131072,0
19428960,1710367163000,1,131072,0
19428961,1710367175000,0,0,0
19428962,1710367187000,1,131072,0
19428963,1710367199000,0,0,0
19428964,1710367211000,1,131072,0
19428965,1710367223000,1,131072,0
19428966,1710367235000,2,262144,0
19428967,1710367247000,1,131072,0
19428968,1710367259000,1,131072,0
19428969,1710367271000,0,0,0
19428970,1710367283000,1,131072,0
19428971,1710367295000,0,0,0
19428972,1710367307000,1,131072,0
19428973,1710367319000,1,131072,0
19428974,1710367331000,1,131072,0
19428975,1710367343000,0,0,0
19428976,1710367355000,2,262144,0
19428977,1710367367000,1,131072,0
19428978,1710367379000,1,131072,0
19428979,1710367403000,1,131072,0
19428980,1710367415000,0,0,0
19428981,1710367427000,1,131072,0
19428982,1710367439000,1,131072,0
19428983,1710367451000,0,0,0
19428984,1710367463000,1,131072,0
19428985,1710367475000,0,0,0
19428986,1710367487000,1,131072,0
19428987,1710367499000,0,0,0
19428988,1710367511000,0,0,0
19428989,1710367523000,0,0,0
19428990,1710367535000,2,262144,0
19428991,1710367547000,0,0,0
19428992,1710367559000,1,131072,0
19428993,1710367571000,1,131072,0
19428994,1710367583000,1,131072,0
19428995,1710367595000,1,131072,0
19428996,1710367607000,0,0,0
19428997,1710367619000,0,0,0
19428998,1710367631000,1,131072,0
19428999,1710367643000,1,131072,0
19429000,1710367655000,1,131072,0
19429001,1710367667000,1,131072,0
19429002,1710367679000,0,0,0
19429003,1710367691000,0,0,0
19429004,1710367703000,1,131072,0
19429005,1710367715000,1,131072,0
19429006,1710367727000,1,131072,0
19429007,1710367739000,1,131072,0
19429008,1710367751000,0,0,0
19429009,1710367763000,1,131072,0
19429010,1710367775000,1,131072,0
19429011,1710367787000,1,131072,0
19429012,1710367799000,1,131072,0
19429013,1710367811000,0,0,0
19429014,1710367823000,0,0,0
19429015,1710367835000,1,131072,0
19429016,1710367847000,0,0,0
19429017,1710367859000,2,262144,0
19429018,1710367871000,0,0,0
19429019,1710367883000,1,131072,0
19429020,1710367895000,0,0,0
19429021,1710367907000,1,131072,0
19429022,1710367919000,0,0,0
19429023,1710367931000,0,0,0
19429024,1710367943000,0,0,0
19429025,1710367955000,0,0,0
19429026,1710367967000,1,131072,0
19429027,1710367979000,0,0,0
19429028,1710367991000,1,131072,0
19429029,1710368003000,0,0,0
19429030,1710368015000,1,131072,0
19429031,1710368027000,0,0,0
19429032,1710368039000,0,0,0
19429033,1710368051000,2,262144,0
19429034,1710368063000,1,131072,0
19429035,1710368075000,0,0,0
19429036,1710368087000,1,131072,0
19429037,1710368099000,1,131072,0
19429038,1710368111000,1,131072,0
19429039,1710368123000,1,131072,0
19429040,1710368135000,1,131072,0
19429041,1710368147000,1,131072,0
19429042,1710368159000,2,262144,0
19429043,1710368171000,1,131072,0
19429044,1710368183000,1,131072,0
19429045,1710368195000,1,131072,0
19429046,1710368207000,0,0,0
19429047,1710368219000,0,0,0
19429048,1710368231000,1,131072,0
19429049,1710368243000,0,0,0
19429050,1710368255000,1,131072,0
19429051,1710368267000,0,0,0
19429052,1710368279000,1,131072,0
19429053,1710368291000,1,131072,0
19429054,1710368303000,1,131072,0
19429055,1710368315000,0,0,0
19429056,1710368327000,1,131072,0
19429057,1710368339000,1,131072,0
19429058,1710368351000,0,0,0
19429059,1710368363000,0,0,0
19429060,1710368375000,1,131072,0
19429061,1710368387000,0,0,0
19429062,1710368399000,1,131072,0
19429063,1710368411000,0,0,0
19429064,1710368423000,1,131072,0
19429065,1710368435000,1,131072,0
19429066,1710368447000,0,0,0
19429067,1710368459000,0,0,0
19429068,1710368471000,1,131072,0
19429069,1710368483000,0,0,0
19429070,1710368495000,1,131072,0
19429071,1710368507000,0,0,0
19429072,1710368519000,1,131072,0
19429073,1710368531000,0,0,0
19429074,1710368543000,1,131072,0
19429075,1710368555000,1,131072,0
19429076,1710368567000,1,131072,0
19429077,1710368579000,1,131072,0
19429078,1710368591000,0,0,0
19429079,1710368603000,0,0,0
19429080,1710368615000,0,0,0
19429081,1710368627000,1,131072,0
19429082,1710368639000,0,0,0
19429083,1710368651000,2,262144,0
19429084,1710368663000,1,131072,0
19429085,1710368675000,0,0,0
19429086,1710368687000,0,0,0
19429087,1710368699000,1,131072,0
19429088,1710368711000,1,131072,0
19429089,1710368723000,0,0,0
19429090,1710368735000,1,131072,0
19429091,1710368747000,1,131072,0
19429092,1710368759000,1,131072,0
19429093,1710368771000,0,0,0
19429094,1710368783000,0,0,0
19429095,1710368795000,0,0,0
19429096,1710368807000,0,0,0
19429097,1710368819000,1,131072,0
19429098,1710368831000,1,131072,0
19429099,1710368843000,1,131072,0
19429100,1710368855000,0,0,0
19429101,1710368867000,1,131072,0
19429102,1710368879000,0,0,0
19429103,1710368891000,1,131072,0
19429104,1710368903000,1,131072,0
19429105,1710368915000,1,131072,0
19429106,1710368927000,1,131072,0
19429107,1710368939000,1,131072,0
19429108,1710368951000,0,0,0
19429109,1710368963000,1,131072,0
19429110,1710368975000,1,131072,0
19429111,1710368987000,0,0,0
19429112,1710368999000,1,131072,0
19429113,1710369011000,0,0,0
19429114,1710369023000,1,131072,0
19429115,1710369035000,0,0,0
19429116,1710369047000,1,131072,0
19429117,1710369059000,0,0,0
19429118,1710369071000,1,131072,0
19429119,1710369083000,1,131072,0
19429120,1710369095000,0,0,0
19429121,1710369107000,2,262144,0
19429122,1710369119000,0,0,0
19429123,1710369131000,1,131072,0
19429124,1710369143000,1,131072,0
19429125,1710369155000,1,131072,0
19429126,1710369167000,0,0,0
19429127,1710369179000,0,0,0
19429128,1710369191000,1,131072,0
19429129,1710369203000,0,0,0
19429130,1710369215000,1,131072,0
19429131,1710369227000,1,131072,0
19429132,1710369239000,1,131072,0
19429133,1710369251000,0,0,0
19429134,1710369263000,0,0,0
19429135,1710369275000,2,262144,0
19429136,1710369287000,1,131072,0
19429137,1710369299000,1,131072,0
19429138,1710369311000,1,131072,0
19429139,1710369323000,1,131072,0
19429140,1710369335000,0,0,0
19429141,1710369347000,0,0,0
19429142,1710369359000,1,131072,0
19429143,1710369371000,0,0,0
19429144,1710369383000,0,0,0
19429145,1710369395000,1,131072,0
19429146,1710369407000,0,0,0
19429147,1710369419000,1,131072,0
19429148,1710369431000,2,262144,0
19429149,1710369443000,1,131072,0
19429150,1710369455000,0,0,0
19429151,1710369467000,1,131072,0
19429152,1710369479000,1,131072,0
19429153,1710369491000,1,131072,0
19429154,1710369503000,1,131072,0
19429155,1710369515000,1,131072,0
19429156,1710369527000,0,0,0
19429157,1710369539000,0,0,0
19429158,1710369551000,1,131072,0
19429159,1710369563000,0,0,0
19429160,1710369575000,2,262144,0
19429161,1710369587000,1,131072,0
19429162,1710369599000,1,131072,0
19429163,1710369611000,0,0,0
19429164,1710369623000,1,131072,0
19429165,1710369635000,1,131072,0
19429166,1710369647000,0,0,0
19429167,1710369659000,1,131072,0
19429168,1710369671000,0,0,0
19429169,1710369683000,1,131072,0
19429170,1710369695000,0,0,0
19429171,1710369707000,2,262144,0
19429172,1710369719000,0,0,0
19429173,1710369731000,0,0,0
19429174,1710369743000,1,131072,0
19429175,1710369755000,1,131072,0
19429176,1710369767000,0,0,0
19429177,1710369779000,1,131072,0
19429178,1710369791000,1,131072,0
19429179,1710369803000,0,0,0
19429180,1710369815000,1,131072,0
19429181,1710369827000,0,0,0
19429182,1710369839000,1,131072,0
19429183,1710369851000,0,0,0
19429184,1710369863000,0,0,0
19429185,1710369875000,1,131072,0
19429186,1710369887000,2,262144,0
19429187,1710369899000,1,131072,0
19429188,1710369911000,1,131072,0
19429189,1710369935000,0,0,0
19429190,1710369947000,1,131072,0
19429191,1710369959000,1,131072,0
19429192,1710369971000,0,0,0
19429193,1710369983000,0,0,0
19429194,1710369995000,1,131072,0
19429195,1710370007000,1,131072,0
19429196,1710370019000,1,131072,0
19429197,1710370031000,1,131072,0
19429198,1710370043000,0,0,0
19429199,1710370055000,2,262144,0
19429200,1710370067000,1,131072,0
19429201,1710370079000,0,0,0
19429202,1710370091000,1,131072,0
19429203,1710370103000,1,131072,0
19429204,1710370115000,1,131072,0
19429205,1710370127000,0,0,0
19429206,1710370139000,1,131072,0
19429207,1710370151000,0,0,0
19429208,1710370175000,0,0,0
19429209,1710370187000,1,131072,0
19429210,1710370199000,0,0,0
19429211,1710370211000,1,131072,0
19429212,1710370223000,1,131072,0
19429213,1710370235000,1,131072,0
19429214,1710370247000,1,131072,0
19429215,1710370259000,0,0,0
19429216,1710370271000,0,0,0
19429217,1710370283000,0,0,0
19429218,1710370295000,1,131072,0
19429219,1710370307000,1,131072,0
19429220,1710370319000,0,0,0
19429221,1710370331000,1,131072,0
19429222,1710370343000,1,131072,0
19429223,1710370355000,0,0,0
19429224,1710370367000,1,131072,0
19429225,1710370379000,2,262144,0
19429226,1710370391000,0,0,0
19429227,1710370403000,2,262144,0
19429228,1710370415000,1,131072,0
19429229,1710370427000,0,0,0
19429230,1710370439000,0,0,0
19429231,1710370451000,0,0,0
19429232,1710370463000,1,131072,0
19429233,1710370475000,0,0,0
19429234,1710370487000,0,0,0
19429235,1710370499000,1,131072,0
19429236,1710370511000,0,0,0
19429237,1710370523000,1,131072,0
19429238,1710370535000,1,131072,0
19429239,1710370547000,1,131072,0
19429240,1710370559000,0,0,0
19429241,1710370571000,1,131072,0
19429242,1710370583000,1,131072,0
19429243,1710370595000,1,131072,0
19429244,1710370607000,0,0,0
19429245,1710370619000,1,131072,0
19429246,1710370631000,1,131072,0
19429247,1710370643000,0,0,0
19429248,1710370655000,2,262144,0
19429249,1710370667000,1,131072,0
19429250,1710370679000,0,0,0
19429251,1710370691000,0,0,0
19429252,1710370703000,0,0,0
19429253,1710370715000,1,131072,0
19429254,1710370727000,0,0,0
19429255,1710370739000,1,131072,0
19429256,1710370751000,0,0,0
19429257,1710370763000,1,131072,0
19429258,1710370775000,0,0,0
19429259,1710370787000,1,131072,0
19429260,1710370799000,0,0,0
19429261,1710370811000,2,262144,0
19429262,1710370823000,0,0,0
19429263,1710370835000,1,131072,0
19429264,1710370847000,1,131072,0
19429265,1710370859000,1,131072,0
19429266,1710370871000,0,0,0
19429267,1710370883000,0,0,0
19429268,1710370895000,0,0,0
19429269,1710370907000,1,131072,0
19429270,1710370919000,0,0,0
19429271,1710370931000,1,131072,0
19429272,1710370943000,0,0,0
19429273,1710370955000,1,131072,0
19429274,1710370967000,1,131072,0
19429275,1710370979000,1,131072,0
19429276,1710370991000,0,0,0
19429277,1710371003000,0,0,0
19429278,1710371015000,1,131072,0
19429279,1710371027000,0,0,0
19429280,1710371051000,0,0,0
19429281,1710371063000,1,131072,0
19429282,1710371075000,0,0,0
19429283,1710371087000,1,131072,0
19429284,1710371099000,1,131072,0
19429285,1710371111000,0,0,0
19429286,1710371123000,2,262144,0
19429287,1710371135000,0,0,0
19429288,1710371147000,1,131072,0
19429289,1710371159000,1,131072,0
19429290,1710371183000,1,131072,0
19429291,1710371195000,0,0,0
19429292,1710371207000,0,0,0
19429293,1710371219000,1,131072,0
19429294,1710371231000,1,131072,0
19429295,1710371243000,1,131072,0
19429296,1710371255000,0,0,0
19429297,1710371267000,0,0,0
19429298,1710371279000,1,131072,0
19429299,1710371291000,0,0,0
19429300,1710371303000,1,131072,0
19429301,1710371315000,1,131072,0
19429302,1710371327000,1,131072,0
19429303,1710371339000,0,0,0
19429304,1710371351000,0,0,0
19429305,1710371363000,0,0,0
19429306,1710371375000,1,131072,0
19429307,1710371387000,1,131072,0
19429308,1710371399000,0,0,0
19429309,1710371411000,1,131072,0
19429310,1710371423000,1,131072,0
19429311,1710371435000,1,131072,0
19429312,1710371447000,1,131072,0
19429313,1710371459000,0,0,0
19429314,1710371471000,1,131072,0
19429315,1710371483000,0,0,0
19429316,1710371495000,1,131072,0
19429317,1710371507000,2,262144,0
19429318,1710371519000,1,131072,0
19429319,1710371531000,2,262144,0
19429320,1710371543000,1,131072,0
19429321,1710371555000,0,0,0
19429322,1710371567000,1,131072,0
19429323,1710371579000,1,131072,0
19429324,1710371591000,0,0,0
19429325,1710371603000,0,0,0
19429326,1710371615000,1,131072,0
19429327,1710371627000,1,131072,0
19429328,1710371639000,1,131072,0
19429329,1710371651000,1,131072,0
19429330,1710371663000,1,131072,0
19429331,1710371675000,1,131072,0
19429332,1710371687000,0,0,0
19429333,1710371699000,0,0,0
19429334,1710371711000,1,131072,0
19429335,1710371723000,0,0,0
19429336,1710371735000,1,131072,0
19429337,1710371747000,2,262144,0
19429338,1710371759000,0,0,0
19429339,1710371771000,1,131072,0
19429340,1710371783000,1,131072,0
19429341,1710371795000,1,131072,0
19429342,1710371807000,0,0,0
19429343,1710371819000,0,0,0
19429344,1710371831000,0,0,0
19429345,1710371843000,1,131072,0
19429346,1710371855000,1,131072,0
19429347,1710371867000,1,131072,0
19429348,1710371879000,1,131072,0
19429349,1710371891000,0,0,0
19429350,1710371903000,1,131072,0
19429351,1710371915000,2,262144,0
19429352,1710371927000,1,131072,0
19429353,1710371939000,0,0,0
19429354,1710371951000,1,131072,0
19429355,1710371963000,0,0,0
19429356,1710371975000,1,131072,0
19429357,1710371987000,1,131072,0
19429358,1710371999000,0,0,0
19429359,1710372011000,1,131072,0
19429360,1710372023000,1,131072,0
19429361,1710372035000,1,131072,0
19429362,1710372047000,1,131072,0
19429363,1710372059000,1,131072,0
19429364,1710372071000,1,131072,0
19429365,1710372083000,0,0,0
19429366,1710372095000,1,131072,0
19429367,1710372107000,0,0,0
19429368,1710372119000,1,131072,0
19429369,1710372131000,1,131072,0
19429370,1710372143000,0,0,0
19429371,1710372155000,1,131072,0
19429372,1710372167000,1,131072,0
19429373,1710372179000,0,0,0
19429374,1710372191000,1,131072,0
19429375,1710372203000,1,131072,0
19429376,1710372215000,0,0,0
19429377,1710372227000,0,0,0
19429378,1710372239000,1,131072,0
19429379,1710372251000,2,262144,0
19429380,1710372263000,1,131072,0
19429381,1710372275000,0,0,0
19429382,1710372287000,1,131072,0
19429383,1710372299000,0,0,0
19429384,1710372311000,1,131072,0
19429385,1710372323000,1,131072,0
19429386,1710372335000,1,131072,0
19429387,1710372347000,0,0,0
19429388,1710372359000,0,0,0
19429389,1710372371000,2,262144,0
19429390,1710372383000,1,131072,0
19429391,1710372395000,1,131072,0
19429392,1710372407000,0,0,0
19429393,1710372419000,1,131072,0
19429394,1710372431000,1,131072,0
19429395,1710372443000,1,131072,0
19429396,1710372455000,1,131072,0
19429397,1710372467000,1,131072,0
19429398,1710372479000,0,0,0
19429399,1710372491000,0,0,0
19429400,1710372503000,1,131072,0
19429401,1710372515000,2,262144,0
19429402,1710372527000,1,131072,0
19429403,1710372539000,1,131072,0
19429404,1710372551000,0,0,0
19429405,1710372563000,1,131072,0
19429406,1710372575000,1,131072,0
19429407,1710372587000,0,0,0
19429408,1710372599000,1,131072,0
19429409,1710372611000,0,0,0
19429410,1710372623000,0,0,0
19429411,1710372635000,1,131072,0
19429412,1710372647000,0,0,0
19429413,1710372659000,0,0,0
19429414,1710372671000,1,131072,0
19429415,1710372683000,0,0,0
19429416,1710372695000,0,0,0
19429417,1710372707000,2,262144,0
19429418,1710372719000,1,131072,0
19429419,1710372731000,1,131072,0
19429420,1710372743000,0,0,0
19429421,1710372755000,0,0,0
19429422,1710372767000,1,131072,0
19429423,1710372779000,1,131072,0
19429424,1710372791000,1,131072,0
19429425,1710372803000,1,131072,0
19429426,1710372815000,0,0,0
19429427,1710372827000,1,131072,0
19429428,1710372839000,1,131072,0
19429429,1710372851000,1,131072,0
19429430,1710372863000,1,131072,0
19429431,1710372875000,0,0,0
19429432,1710372887000,2,262144,0
19429433,1710372899000,0,0,0
19429434,1710372911000,1,131072,0
19429435,1710372923000,1,131072,0
19429436,1710372935000,0,0,0
19429437,1710372947000,1,131072,0
19429438,1710372959000,1,131072,0
19429439,1710372971000,1,131072,0
19429440,1710372983000,1,131072,0
19429441,1710372995000,1,131072,0
19429442,1710373007000,0,0,0
19429443,1710373019000,1,131072,0
19429444,1710373031000,1,131072,0
19429445,1710373043000,0,0,0
19429446,1710373055000,2,262144,0
19429447,1710373067000,1,131072,0
19429448,1710373091000,0,0,0
19429449,1710373103000,1,131072,0
19429450,1710373115000,1,131072,0
19429451,1710373127000,1,131072,0
19429452,1710373139000,1,131072,0
19429453,1710373151000,0,0,0
19429454,1710373163000,1,131072,0
19429455,1710373175000,1,131072,0
19429456,1710373187000,1,131072,0
19429457,1710373199000,0,0,0
19429458,1710373211000,1,131072,0
19429459,1710373223000,0,0,0
19429460,1710373247000,1,131072,0
19429461,1710373259000,2,262144,0
19429462,1710373271000,1,131072,0
19429463,1710373283000,0,0,0
19429464,1710373307000,1,131072,0
19429465,1710373319000,1,131072,0
19429466,1710373331000,1,131072,0
19429467,1710373343000,1,131072,0
19429468,1710373355000,1,131072,0
19429469,1710373367000,1,131072,0
19429470,1710373379000,1,131072,0
19429471,1710373391000,1,131072,0
19429472,1710373403000,1,131072,0
19429473,1710373415000,0,0,0
19429474,1710373427000,0,0,0
19429475,1710373439000,1,131072,0
19429476,1710373451000,1,131072,0
19429477,1710373463000,0,0,0
19429478,1710373475000,1,131072,0
19429479,1710373487000,1,131072,0
19429480,1710373499000,1,131072,0
19429481,1710373511000,1,131072,0
19429482,1710373523000,1,131072,0
19429483,1710373535000,1,131072,0
19429484,1710373547000,1,131072,0
19429485,1710373559000,1,131072,0
19429486,1710373571000,1,131072,0
19429487,1710373583000,1,131072,0
19429488,1710373595000,1,131072,0
19429489,1710373607000,1,131072,0
19429490,1710373619000,1,131072,0
19429491,1710373631000,2,262144,0
19429492,1710373643000,1,131072,0
19429493,1710373655000,1,131072,0
19429494,1710373667000,0,0,0
19429495,1710373679000,1,131072,0
19429496,1710373691000,1,131072,0
19429497,1710373703000,0,0,0
19429498,1710373715000,1,131072,0
19429499,1710373727000,1,131072,0
19429500,1710373739000,0,0,0
19429501,1710373751000,1,131072,0
19429502,1710373763000,1,131072,0
19429503,1710373775000,1,131072,0
19429504,1710373787000,0,0,0
19429505,1710373799000,1,131072,0
19429506,1710373811000,1,131072,0
19429507,1710373823000,1,131072,0
19429508,1710373835000,2,262144,0
19429509,1710373847000,0,0,0
19429510,1710373859000,1,131072,0
19429511,1710373871000,1,131072,0
19429512,1710373883000,1,131072,0
19429513,1710373895000,0,0,0
19429514,1710373907000,1,131072,0
19429515,1710373919000,1,131072,0
19429516,1710373931000,1,131072,0
19429517,1710373943000,1,131072,0
19429518,1710373955000,0,0,0
19429519,1710373967000,1,131072,0
19429520,1710373979000,1,131072,0
19429521,1710373991000,2,262144,0
19429522,1710374003000,1,131072,0
19429523,1710374015000,1,131072,0
19429524,1710374027000,1,131072,0
19429525,1710374039000,1,131072,0
19429526,1710374051000,0,0,0
19429527,1710374063000,1,131072,0
19429528,1710374075000,1,131072,0
19429529,1710374087000,1,131072,0
19429530,1710374099000,1,131072,0
19429531,1710374111000,0,0,0
19429532,1710374123000,1,131072,0
19429533,1710374135000,0,0,0
19429534,1710374147000,2,262144,0
19429535,1710374159000,0,0,0
19429536,1710374171000,1,131072,0
19429537,1710374183000,1,131072,0
19429538,1710374195000,1,131072,0
19429539,1710374207000,1,131072,0
19429540,1710374219000,1,131072,0
19429541,1710374231000,1,131072,0
19429542,1710374243000,0,0,0
19429543,1710374255000,1,131072,0
19429544,1710374267000,1,131072,0
19429545,1710374279000,0,0,0
19429546,1710374291000,1,131072,0
19429547,1710374303000,1,131072,0
19429548,1710374315000,1,131072,0
19429549,1710374327000,1,131072,0
19429550,1710374339000,1,131072,0
19429551,1710374351000,1,131072,0
19429552,1710374363000,1,131072,0
19429553,1710374375000,1,131072,0
19429554,1710374387000,1,131072,0
19429555,1710374399000,1,131072,0
