height,timestamp_ms,size_bytes,num_transactions,block_time_ms
10438543,1771260780000,0,0,0
10438544,1771260781000,4615,1,1000
10438545,1771260783000,808,1,2000
10438546,1771260785000,5382,2,2000
10438547,1771260788000,8734,3,3000
10438548,1771260790000,260,1,2000
10438549,1771260797000,3534,4,7000
10438550,1771260799000,260,1,2000
10438551,1771260800000,1600,1,1000
10438552,1771260801000,1575,1,1000
10438553,1771260802000,260,1,1000
10438554,1771260804000,0,0,2000
10438555,1771260805000,808,1,1000
10438556,1771260807000,260,1,2000
10438557,1771260811000,2929,2,4000
10438558,1771260813000,1835,2,2000
10438559,1771260815000,260,1,2000
10438560,1771260816000,0,0,1000
10438561,1771260817000,0,0,1000
10438562,1771260818000,260,1,1000
10438563,1771260819000,0,0,1000
10438564,1771260820000,0,0,1000
10438565,1771260821000,1575,1,1000
10438566,1771260822000,260,1,1000
10438567,1771260823000,0,0,1000
10438568,1771260824000,808,1,1000
10438569,1771260825000,0,0,1000
10438570,1771260830000,2091,3,5000
10438571,1771260831000,1575,1,1000
10438572,1771260831000,260,1,0
10438573,1771260833000,532,1,2000
10438574,1771260834000,394,1,1000
10438575,1771260836000,1707,2,2000
10438576,1771260837000,1447,1,1000
10438577,1771260838000,1447,1,1000
10438578,1771260840000,260,1,2000
10438579,1771260842000,1575,1,2000
10438580,1771260843000,3375,3,1000
10438581,1771260846000,335,1,3000
10438582,1771260849000,260,1,3000
10438583,1771260850000,1182,3,1000
10438584,1771260852000,1575,1,2000
10438585,1771260853000,260,1,1000
10438586,1771260855000,519,1,2000
10438587,1771260856000,1447,1,1000
10438588,1771260857000,1707,2,1000
10438589,1771260860000,808,1,3000
10438590,1771260863000,1835,2,3000
10438591,1771260865000,260,1,2000
10438592,1771260866000,792,2,1000
10438593,1771260869000,394,1,3000
