_day,block_count,blocks_with_data,total_data_bytes,total_submit_count,total_fee_plancks,avg_block_time_ms,p10_block_time_ms,p50_block_time_ms,p90_block_time_ms,p50_payload_bytes,p90_payload_bytes,p99_payload_bytes,p10_fee_per_byte_plancks,p50_fee_per_byte_plancks,p90_fee_per_byte_plancks,daily_data_mib,actual_mib_per_s,max_mib_per_s,utilization_pct,avg_cost_per_mib_avail,cost_per_mib_avail_p10,cost_per_mib_avail_p50,cost_per_mib_avail_p90,avg_avail_usd,cost_per_mib_usd,cost_per_mib_usd_p10,cost_per_mib_usd_p50,cost_per_mib_usd_p90,daily_da_spend_usd,actual_mib_per_s_7d,utilization_pct_7d,daily_data_mib_7d,cost_per_mib_usd_7d,cumulative_daily_data_mib,cumulative_daily_da_spend_usd
2025-11-16,2358,143,34504168.0,150,3.476751181503825e+19,20000.0,19999.0,20000.0,20001.0,43066.0,499738.0,1344807.0400000084,715698604994.4646,3433232767870.0464,9643054797993.684,32.905738830566406,0.0006977467945412724,0.2125,0.32835143272530465,1.0565789752984494,0.7504643804306758,3.6000054828021018,10.111475827861025,0.008394714285714287,0.008869678617923255,0.006299934055321115,0.030221017455128563,0.08488295058179963,0.29186332811244187,0.0006977467945412724,0.32835143272530465,32.905738830566406,0.008869678617923255,32.905738830566406,0.29186332811244187
2025-11-17,4312,557,123523754.0,610,1.3347086355195508e+20,20004.639294827186,19999.0,20000.0,20001.0,147499.0,499567.6,1866734.479999997,715327812287.4916,1314966289131.7432,5132229309947.865,117.80143165588379,0.0013659720739318622,0.2125,0.642810387732641,1.133015632117648,0.7500755760971688,1.3788420915926067,5.381532480907893,0.008109583333333333,0.00918828468662741,0.006082800390657998,0.011181834845277877,0.04364198611496263,1.0823930905465422,0.0010318594342365673,0.4855809102289728,75.3535852432251,0.009028981652275333,150.7071704864502,1.374256418658984
2025-11-18,4319,482,114516608.0,525,1.1861833163459297e+20,20004.632005558127,19999.0,20000.0,20001.0,143139.0,499691.9,2079995.719999998,714486732826.141,1341016306109.688,5287588455629.906,109.2115478515625,0.0012643152101361715,0.2125,0.5949718635934925,1.0861336000458113,0.7491936403599037,1.4061575141952722,5.544438352450585,0.007651583333333333,0.008310641751883861,0.005732517572017166,0.010759331399657976,0.04242373209030502,0.9076180493630577,0.0011093446928697687,0.5220445613504794,86.63957277933757,0.008789535018811509,259.9187183380127,2.2818744680220417
2025-11-19,4320,418,106291538.0,448,1.0512149867571184e+20,20000.00023153508,19999.0,20000.0,20001.0,143487.0,499712.0,1845743.0399999951,713622760944.2206,1340920490169.4028,7559046260060.678,101.36750984191895,0.0011732350676148025,0.2125,0.5521106200540247,1.037033452233829,0.748287700179847,1.4060570438998719,7.926234491189385,0.007660708333333333,0.007944410809473128,0.005732413820498589,0.01077139291334578,0.06072057061860861,0.8053051409175146,0.0011253172865560272,0.5295610760263657,90.32155704498291,0.008578253966476913,361.28622817993164,3.0871796089395565
2025-11-20,4319,494,117326196.0,527,1.199845652289706e+20,20004.631542380732,19999.0,20000.0,20001.0,145095.0,499666.0,1895758.0,712951726058.1256,1321290688782.9517,7258842883708.325,111.8909797668457,0.0012953343339528328,0.2125,0.6095690983307448,1.0723345660122916,0.7475840691031251,1.3854737052812722,7.611448435627341,0.008736124999999999,0.00936804881050413,0.006530987875693539,0.012103671473550353,0.0664945649646949,1.0482001599109407,0.0011593206960353883,0.5455626804872415,94.63544158935547,0.008736212935282357,473.17720794677734,4.135379768850497
2025-11-21,4320,441,97764840.0,466,1.0324746646148866e+20,20000.0,19999.0,20000.0,20001.0,134736.0,499704.0,1341902.0,712109094337.0613,1386433852698.5112,7953846304717.373,93.2358169555664,0.001079118251800537,0.2125,0.5078203537884881,1.1073798657300715,0.7467005057035784,1.453781263527194,8.340212342815324,0.008500875,0.009413697816088121,0.006347607661422907,0.012358412798586736,0.07089910259973022,0.8776938064558073,0.0011459536219962463,0.5392722927041159,94.4021708170573,0.008849127082083318,566.4130249023438,5.013073575306304
2025-11-22,4319,358,84078833.0,378,8.589615436866588e+19,20004.632005558127,19999.0,20000.0,20001.0,131403.0,499706.1,1895526.28,711290530389.0029,1409725115117.7122,8031624249587.948,80.18382358551025,0.0009282683906634667,0.2125,0.43683218384163136,1.0712404388780967,0.7458421791931792,1.4782039223096701,8.421768429135932,0.007815916666666667,0.008372726000234632,0.005829440319058956,0.01155351867311219,0.0658238402280907,0.6713571845326285,0.0011148557318058493,0.5246379914380467,92.37097835540771,0.008781069784676363,646.596848487854,5.684430759838933
2025-11-23,4319,329,73451633.0,341,7.632693375563204e+19,20004.63177396943,19999.0,20000.0,20001.0,134337.0,499766.4,1078108.9199999908,710399153127.8883,1387925198429.4187,13375822310733.059,70.04893589019775,0.0008109392902315091,0.2125,0.38161848952071015,1.0896230297527303,0.7449075023902286,1.455345052868326,14.025566255299228,0.007946333333333333,0.00865850780209178,0.005919283316493554,0.011564656905109341,0.11145182465335943,0.606519257933504,0.0011310260883330258,0.5322475709802476,97.67714936392647,0.008750902525271867,716.6457843780518,6.290950017772437
2025-11-24,4320,423,90891141.0,447,9.748965926846757e+19,20000.00023153508,19999.0,20000.0,20001.0,131403.0,499699.0,999519.9,709817052264.2545,1408146931486.139,7956430480231.44,86.68054676055908,0.0010032470689879524,0.2125,0.4721162677590364,1.1247005575284026,0.7442971253950429,1.4765490768300096,8.342922047239163,0.008290208333333333,0.009324001934526609,0.00617037823142603,0.012240899461311785,0.06916456188037251,0.8082095856812771,0.001079208230483896,0.507862696698304,93.23130866459438,0.00877029070354318,803.3263311386108,7.099159603453715
2025-11-25,4320,440,95393716.0,457,1.0073496568979623e+20,19999.99976846492,19999.0,20000.0,20001.0,139716.0,499691.2,948245.0,708939624148.7094,1350960140647.8716,7364298690053.296,90.97453689575195,0.001052946028886018,0.2125,0.4955040135934202,1.1072874798497605,0.7433770753313571,1.4165843804399827,7.722026863221325,0.008036625,0.008898854242747582,0.005974242788034868,0.011384557446453477,0.062059034139636086,0.8095691436367586,0.0010490126331624456,0.49365300384115074,90.62602138519287,0.008854321059380854,894.3008680343628,7.908728747090473
2025-11-26,4320,309,75044079.0,325,7.489709174570798e+19,20000.0,19999.0,20000.0,20001.0,135714.0,500001.0,1896202.0,708131274515.0598,1376371199151.84,12851026213175.459,71.56761074066162,0.0008283288280169169,0.2125,0.3898018014197256,1.0465221763111716,0.7425294593059033,1.4432298065218399,13.47527766250667,0.008029125,0.008402657368874435,0.005961861844949511,0.011587872520289666,0.10819468876197387,0.6013581117627576,0.0009997403132198904,0.4704660297505367,86.36889294215611,0.008919784853581041,965.8684787750244,8.510086858853231
2025-11-27,4319,332,79599262.0,352,8.028525913727428e+19,20004.632005558127,19999.0,20000.0,20001.0,138159.0,499900.0,1806428.4899999993,707375166247.3258,1358928165252.69,12275097718738.494,75.91177177429199,0.0008788118982900208,0.2125,0.4135585403717745,1.057612768886306,0.7417366223229559,1.4249394598080045,12.871372865523936,0.007605708333333333,0.008043894249758318,0.005641432409540225,0.010837673923957238,0.09789590786475595,0.6106262644641931,0.000940237108125203,0.4424645214706837,81.229006086077,0.00873061991633164,1041.7802505493164,9.120713123317424
2025-11-28,4320,494,106635175.0,521,1.136321449948063e+20,20000.0,19999.0,20000.0,20001.0,149895.0,499626.8,829297.1299999987,706831625213.5796,1288031218541.1235,6300789734587.47,101.69522762298584,0.0011770280974882621,0.2125,0.5538955752885939,1.117379326944172,0.7411666782399544,1.3505986230129772,6.606856896734791,0.007419708333333334,0.008290628703622065,0.005499240578925976,0.010021047858157913,0.04902095117384394,0.8431173731525059,0.0009542242289377351,0.4490466959706989,82.43749332427979,0.008570181471693632,1143.4754781723022,9.96383049646993
2025-11-29,4320,287,63002135.0,296,6.5612242968298275e+19,19999.99976846492,19999.0,20000.0,20001.0,132291.0,499483.8,1080509.099999987,705875961057.8152,1397226724501.3623,14969393397954.014,60.08351802825928,0.0006954110882900379,0.2125,0.3272522768423708,1.0920173305670726,0.7401645917421596,1.4650984098707405,15.696546651653028,0.007533583333333333,0.008226803561271255,0.005576091632272205,0.01103744096229538,0.11825124224578239,0.4942953000885891,0.0009209589000272453,0.433392423542233,79.56602110181537,0.008549335408984577,1203.5589962005615,10.45812579655852
2025-11-30,4320,411,78428337.0,440,9.051759017875662e+19,20000.0,19999.0,20000.0,20001.0,124467.0,499464.0,1249992.4999999923,705276540874.4215,1455581247701.3855,77601414505840.61,74.795090675354,0.0008656839198536344,0.2125,0.4073806681664161,1.2102076401196662,0.7395360541239374,1.526287562389728,81.37098081687633,0.007429541666666667,0.0089912880875874,0.0054944139281160485,0.011339617040089584,0.6045490924365167,0.6725042077993297,0.0009287795614018347,0.43707273477733394,80.24404321398053,0.008596875449769666,1278.3540868759155,11.13063000435785
2025-12-01,4320,1302,52844217.0,1401,1.983925564777939e+20,20000.0,19999.0,20000.0,20001.0,1613.0,134809.40000000002,500001.0,1395759638000.3806,77601308174478.47,153869524048973.84,50.396172523498535,0.0005832890338367886,0.2125,0.2744889570996652,3.9366592053253284,1.4635600581758872,81.37086932036193,161.3438900491768,0.006831,0.02689131903157732,0.009997578757399485,0.5558444083273923,1.1021401129259267,1.3552195532998101,0.0008687855563802399,0.4088402618259952,75.06056118011475,0.011106492177919768,1328.750259399414,12.485849557657659
2025-12-02,4320,1245,47943736.0,1322,1.8629230419507298e+20,20000.000463070155,19999.0,20000.0,20001.0,813.0,128407.0,579179.4799999924,2280724291402.0205,153509367826281.72,153698690153247.28,45.72270965576172,0.000529198028423168,0.2125,0.24903436631678494,4.074393350648619,2.391512754581165,160.96623887781118,161.16475772613143,0.006497375,0.02647286149667057,0.015538555183796798,1.0458580163287183,1.047147867730823,1.2104109599694621,0.0007939644134569756,0.37363031221504733,68.59601443154472,0.013617064642765908,1374.4729690551758,13.69626051762712
2025-12-03,4319,1124,46902499.0,1193,1.6973547568460222e+20,20004.631542380732,19999.0,20000.0,20001.0,813.0,133848.0,500001.0,1388555267023.5708,153508632160955.4,153697884582980.4,44.729708671569824,0.0005178248283349134,0.2125,0.24368227215760632,3.7946921794392545,1.4560057276745078,160.96546747680597,161.16391302448326,0.006693999999999999,0.02540166944916637,0.009746502341053153,1.077502839289739,1.078831233785891,1.1362092742327272,0.0007496066992166893,0.3527560937490302,64.76202842167446,0.01604549493995047,1419.2026777267456,14.832469791859847
2025-12-04,4320,389,57586379.0,407,7.673305838786527e+19,20000.00023153508,19999.0,20000.0,20001.0,121162.0,218749.19999999902,1895626.08,1073006028587.3385,1479745386231.5225,153886281633692.56,54.91865062713623,0.0006356325304066693,0.2125,0.2991211907796091,1.3972131054135946,1.1251283694319971,1.5516254981131048,161.36146165033082,0.006826833333333333,0.009538541001807708,0.007681063856717339,0.010592688671368481,1.1015878051098669,0.5238438007708915,0.0007148667895190677,0.33640790095014944,61.76301111493792,0.016259015904528957,1474.1213283538818,15.356313592630737
2025-12-05,4310,1511,414227913.0,1862,4.189948641962745e+20,20046.41448131817,19999.0,20000.0,20001.0,262194.0,401910.0,1048776.0,926588761753.5543,926849689284.2233,1688301447788.491,395.0385217666626,0.004582813477571492,0.2125,2.156618107092467,1.0606430540557819,0.971598737444495,0.9718723397908937,1.7703123789162647,0.00682,0.007233585628660432,0.006626303389371455,0.006628169357373895,0.012073530424208924,2.857544973818592,0.0012014075581023864,0.565368262636417,103.66919599260602,0.016108009750963007,1869.1598501205444,18.21385856644933
2025-12-06,4320,2417,673625503.0,2962,6.727876942485301e+20,19999.99976846492,19999.0,20000.0,20001.0,262194.0,393108.0,1048776.0,925931593046.1989,926326196385.9641,1499334907843.5264,642.4193410873413,0.007435409040362747,0.2125,3.499016018994234,1.047271853786015,0.970909646110011,0.9713234177016087,1.5721666003269334,0.006652458333333333,0.006966932370984224,0.00645893596617826,0.00646168856445088,0.010458772801733244,4.475692103167753,0.0021642644083984873,1.0184773686581117,186.86002785818917,0.015928028152350573,2511.5791912078857,22.68955066961708
2025-12-07,4320,2451,673978910.0,2963,6.72599079414328e+20,20000.0,19999.0,20000.0,20001.0,262194.0,377460.0,1048776.0,925235735454.6246,925639942613.9786,1559244374831.3455,642.7563762664795,0.007439309910491661,0.2125,3.500851722584311,1.0464292603695244,0.9701799865400684,0.9706038284663953,1.634986229583153,0.006581833333333333,0.006887422986875481,0.006385562974742307,0.006388352631661069,0.010761206865411382,4.426935040858536,0.003103353835632491,1.4604018050035255,267.9973543712071,0.015627475995106017,3154.3355674743652,27.116485710475615
2025-12-08,4317,2428,680018480.0,2984,6.774573380607578e+20,20013.90199258573,19999.0,20000.0,20001.0,262194.0,380139.50000000006,1048776.0,924537209768.006,924944077697.2007,1613906360653.5698,648.5161590576172,0.007511190167449817,0.2125,3.534677725858738,1.0446267661937616,0.9694475292696967,0.9698741612154199,1.6923034760286777,0.006533458333333333,0.006825025450811683,0.00633384503883651,0.006336632420877562,0.01105659424798853,4.426139290830875,0.004093053997577209,1.9261430576833927,353.44306673322404,0.01276086262642521,3802.8517265319824,31.54262500130649
2025-12-09,4320,2552,696462002.0,3166,7.070299352018437e+20,20000.0,19999.0,20000.0,20001.0,262194.0,377200.20000000007,1048776.0,923852834839.4204,924282830537.998,1886301915634.8347,664.1979236602783,0.007687475968290258,0.2125,3.6176357497836507,1.0644868193889039,0.9687299101445801,0.9691807933142118,1.9779309174887125,0.0063467083333333335,0.006755987367339051,0.006148246193463858,0.0061511078174339194,0.012553350636783258,4.487312781661668,0.005115665131843937,2.407371826750088,441.7966687338693,0.009944166322234993,4467.049650192261,36.02993778296816
2025-12-10,4320,2494,680223088.0,3105,6.916696853823664e+20,20000.00023153508,19999.0,20000.0,20001.0,262194.0,405097.200000001,1048776.0,923163021013.7811,923575720399.4248,2190761336030.957,648.7112884521484,0.007508232505233199,0.2125,3.5332858848156237,1.0662211336459373,0.9680065879225466,0.9684393345935473,2.297179758689997,0.006409833333333333,0.006834299763148184,0.006204760894152203,0.006207534728188873,0.014724539389909766,4.433487405020071,0.006114294799972263,2.8773151999869477,528.0797515596662,0.007291684938518109,5115.760938644409,40.463425187988236
2025-12-11,4320,2502,697259552.0,3138,7.029449992060455e+20,20000.00023153508,19999.0,20000.0,20001.0,262194.0,398311.20000000007,1048776.0,922470358299.3947,922894082312.0637,1758960624138.3562,664.9585266113281,0.007696279243186668,0.2125,3.6217784673819615,1.0571260779048866,0.9672802784241461,0.9677245852544545,1.844403895416501,0.006312166666666667,0.006672755991415295,0.006105634330792948,0.006108438869556993,0.011642184788518192,4.437105992488427,0.007122958616083691,3.351980525215855,615.2283052716937,0.006882287079890622,5780.719465255737,44.90053118047666
2025-12-12,4307,1034,271888105.0,1379,2.9327742317606817e+20,20060.380399442638,19999.0,20000.0,20001.0,262194.0,524388.0,1048776.0,921919263949.7883,949444804144.4739,77827269012895.38,259.2927026748657,0.003010131212849614,0.2125,1.4165323354586419,1.1310670148084223,0.9667024141154132,0.9955650349505959,81.60780643246578,0.0062611666666666675,0.007081799090884668,0.006052684931845622,0.0062333986113315065,0.5109600773747404,1.8362588260758923,0.006898289721123422,3.246253986411023,595.836045401437,0.006860603288779798,6040.012167930603,46.73679000655255
2025-12-13,4319,589,159510986.0,903,1.8362187697864212e+20,20004.632005558127,19999.0,20000.0,20001.0,171930.0,786582.0,1103031.2000000018,921078081790.4784,1292022947411.1409,154450724680807.25,152.1215305328369,0.0017610735185556484,0.2125,0.8287404793203051,1.20707355714519,0.9658203706915327,1.3547842541045845,161.95332308290213,0.006212416666666667,0.007498843884301398,0.006000078567890256,0.00841648427993689,1.0061215235422727,1.1407356089067326,0.006087670360865266,2.8647860521718904,525.7935010365078,0.006936590647825108,6192.13369846344,47.877525615459284
2025-12-14,4319,556,130096609.0,791,1.5644711575869876e+20,20004.631542380732,19999.0,20000.0,20001.0,59734.0,786582.0,1048776.0,920398233662.8048,2551411082550.2334,154450013446173.12,124.06979465484619,0.0014363254764395252,0.2125,0.6759178712656589,1.2609605439738503,0.9651074982612092,2.6753484272961936,161.95257729933442,0.00636325,0.008023807181441602,0.0061412202883106394,0.017023910879992502,1.0305447374999896,0.99551210935154,0.005230101156000676,2.461224073412083,451.6954179491316,0.007098931247048841,6316.203493118286,48.87303772481082
2025-12-15,4319,588,141671601.0,798,1.623767711420614e+20,20004.63177396943,19999.0,20000.0,20001.0,172154.0,546863.100000001,1472788.2799999977,919582023621.0032,1306287718899.1584,154449294394837.84,135.108567237854,0.0015641186297505672,0.2125,0.7360558257649729,1.2018243880582544,0.9642516400004171,1.369741951132404,161.9518233193615,0.007240416666666667,0.008701709329703452,0.006981583645119686,0.009917502452011577,1.1725986807585602,1.1756754800565004,0.004380519507757926,2.061420944827259,378.351476260594,0.007367028944033379,6451.31206035614,50.04871320486732
2025-12-16,4317,581,146591728.0,826,1.679417404570929e+20,20013.901760889712,19999.0,20000.0,20001.0,166098.0,755026.0,1048776.0,918882553215.04,1303955115133.6365,154448512548995.12,139.80076599121094,0.001619188857901447,0.2125,0.7619712272477398,1.2012934211508624,0.9635181921200138,1.367296038806368,161.9510034945751,0.007048291666666667,0.008467066409519114,0.006791157244201226,0.009637101276185268,1.141477908339118,1.1837023697492244,0.0035136213491309526,1.6534688701792717,303.4375965935843,0.0076114688072019595,6591.112826347351,51.232415574616546
2025-12-17,4320,563,147311565.0,825,1.680303324793574e+20,20000.0,19999.0,20000.0,20001.0,146228.0,786582.0,1048776.0,918117079540.707,1351573578616.4204,154447791057441.78,140.48725605010986,0.0016260099079873826,0.2125,0.765181133170533,1.1960539140961177,0.9627155347964764,1.4172276167712916,161.9502469558481,0.006790458333333333,0.008121754268089934,0.00653727972588819,0.009623625080534756,1.09971640402673,1.141002971437223,0.0026733038352386935,1.2580253342299732,230.8341633932931,0.007795390879336494,6731.600082397461,52.37341854605377
2025-12-18,4320,477,126935586.0,703,1.4371509936417196e+20,20000.0,19999.0,20000.0,20001.0,155694.0,786582.0,1109929.4400000023,917383394359.5344,1313445314515.063,154447102520411.38,121.05520820617676,0.0014011019468307495,0.2125,0.6593420926262351,1.187186420921285,0.9619462101239432,1.3772472341129467,161.94952497244287,0.006664125,0.007911558707322058,0.006410529787542223,0.00917814772403294,1.0792518781069809,0.9577353865502624,0.0017739927929021336,0.8348201378362982,153.13368933541435,0.007972362695894604,6852.655290603638,53.33115393260403
2025-12-19,4319,463,121588180.0,671,1.3727498870412504e+20,20004.632468735526,19999.0,20000.0,20001.0,169538.0,728505.6000000002,1048776.0,916672934010.9202,1308456291950.5554,154446415534311.9,115.95552444458008,0.0013423885673139624,0.2125,0.6317122669712765,1.1838589783597107,0.9612012384534346,1.3720158647883456,161.94880461530664,0.0067653750000000006,0.008009249935720329,0.006502886828601906,0.009282201831242454,1.0956443940242802,0.92871677670417,0.0015357438435398974,0.7227029851952457,132.65694958823067,0.00810485567372827,6968.610815048218,54.2598707093082
2025-12-20,4303,476,112327134.0,662,1.319787348978999e+20,20079.0330079033,19999.0,20000.0,20001.0,147272.5,659509.0,909313.5,915952337335.8423,1309679401444.6816,154445631509199.94,107.12350273132324,0.0012447536919744742,0.2125,0.5857664432821055,1.2320240799903277,0.9604456380742682,1.3732983880492584,161.94798250539083,0.006819708333333334,0.008402044885177372,0.006549959121688738,0.009365494461132762,1.1044380058585348,0.9000564782059988,0.0014619838683140156,0.6879924086183601,126.22865990230015,0.008233884388139124,7075.734317779541,55.1599271875142
2025-12-21,4320,462,122657677.0,687,1.3956247188516643e+20,19999.99976846492,19999.0,20000.0,20001.0,174800.0,708201.6000000002,1048776.0,915254383452.6539,1172583057909.5503,154635458336727.06,116.97547626495361,0.0013538828271406668,0.2125,0.6371213304191373,1.193091717524214,0.9597137803832501,1.2295424525305647,162.1470303608919,0.006734458333333333,0.008034826459511922,0.0064631524659168145,0.008280302415631565,1.0919724198391614,0.9398776518076579,0.001450206346985607,0.6824500456402857,125.21518584660122,0.008235458570720597,7192.709794044495,56.099804839321855
2025-12-22,4320,420,127870145.0,706,1.441311706086406e+20,20000.00023153508,19999.0,20000.0,20001.0,119976.0,910899.1000000002,1521950.53,914823611517.4049,1477459828932.6309,154634718070223.03,121.94647312164307,0.00141141751298198,0.2125,0.6641964766974023,1.1819215998552746,0.9592620832704744,1.5492289175828624,162.14625413520218,0.0067005833333333336,0.007919564173296922,0.006427615527460752,0.01038073746467377,1.0864744880207668,0.9657629195940806,0.0014283919017329518,0.6721844243449185,123.33488668714251,0.008123723548376807,7314.656267166138,57.06556775891593
2025-12-23,4319,375,131881616.0,707,1.4592613029069442e+20,20004.63177396943,19999.0,20000.0,20001.0,106968.0,1049446.2,1523259.8799999987,914254140636.3854,1619725449863.3691,154634117658231.1,125.77210998535156,0.001456032762043894,0.2125,0.685191888020656,1.1602423646044433,0.9586649497719384,1.698405233315932,162.14562455759733,0.006553166666666666,0.007603261588980351,0.006282291193347141,0.011129932561458188,1.0625673019966948,0.9562782528166357,0.0014050838880390155,0.6612159473124779,121.33079297201974,0.008000322859728412,7440.428377151489,58.02184601173257
2025-12-24,4320,377,126372627.0,695,1.4192264882761902e+20,20000.00023153508,19999.0,20000.0,20001.0,63747.0,1053692.8,1505956.1600000008,913474868009.9459,2391023609710.912,154633284946036.3,120.51832866668701,0.0013948880632718404,0.2125,0.6564179121279249,1.1776021987504417,0.957847823198397,2.5071699725762295,162.14475139557499,0.006490541666666666,0.007643276137748022,0.006216951206795162,0.01627289117242154,1.0524072649642875,0.9211548656593623,0.0013720664816510811,0.645678344306391,118.47808906010219,0.007931968841108139,7560.946705818176,58.94300087739193
2025-12-25,4320,374,122732661.0,696,1.4036162338557749e+20,19999.999536929845,19999.0,20000.0,20001.0,54083.0,1007621.1,1426048.23,912497404267.4601,2738808771889.7637,154632558666444.3,117.04698657989502,0.001354710492822859,0.2125,0.6375108201519337,1.199190406237141,0.9568228781771563,2.871849146793081,162.1439898362255,0.006644666666666667,0.00796822051931039,0.006357769084527811,0.019082480297391093,1.0773927644651065,0.9326562001893673,0.001365439131078525,0.6425595910957765,117.90548597063336,0.0079400633856779,7677.993692398071,59.8756570775813
2025-12-26,4320,358,132988975.0,734,1.4948613575580346e+20,20000.00023153508,19999.0,20000.0,20001.0,48937.0,1229235.2,1587672.980000001,912037126552.9087,3129479667260.3994,154631820402004.78,126.82816982269287,0.0014679186322070934,0.2125,0.690785238685691,1.1786508940780795,0.9563402420123428,3.2814972715772406,162.14321570985257,0.006736166666666667,0.007939588864325624,0.006442067260235477,0.022104712537556224,1.092223724890852,1.0069635248070514,0.0013833719974918298,0.6509985870549786,119.45872102464948,0.007930111804050085,7804.821862220764,60.88262060238835
2025-12-27,4317,355,128157935.0,690,1.418070755516738e+20,20013.901760889712,19999.0,20000.0,20001.0,32670.0,1051878.0000000002,2068155.3199999924,911310555877.7195,4484586516420.882,154631092221858.88,122.22093105316162,0.0014155771490984668,0.2125,0.6661539525169256,1.160251966089122,0.9555783774400356,4.702429791042543,162.1424521576279,0.006732708333333334,0.007811638080854616,0.006433630504943673,0.03166008824106706,1.0916578388287628,0.9547456792923837,0.0014077753485095428,0.6624825169456672,121.61549649919782,0.00784576797486112,7927.042793273926,61.83736628168074
2025-12-28,4320,363,110151398.0,661,1.3025986895811343e+20,20000.0,19999.0,20000.0,20001.0,39924.0,943307.2,1412574.5199999998,910423453922.1593,3552843840461.432,154630365499169.66,105.04855918884277,0.001215839805426421,0.2125,0.5721599084359629,1.2399967211730056,0.9546481836198821,3.7254267828556866,162.14169013365733,0.006697333333333333,0.008304671373936008,0.006393597101763557,0.02495042497371215,1.0859169460551477,0.872393762368805,0.0013880549168360792,0.6532023138052138,119.91165120261056,0.007884317248350276,8032.091352462769,62.70976004404954
2025-12-29,4320,356,128743681.0,700,1.4312363184441577e+20,20000.00023153508,19999.0,20000.0,20001.0,46442.0,1087122.0,1650478.4999999981,909432657561.0309,3116177415273.2744,154629611121729.8,122.77954196929932,0.001421059513533557,0.2125,0.6687338887216738,1.1656960886871808,0.9536092583347155,3.267548849397589,162.14089911157896,0.006583666666666667,0.007674554482553503,0.0062782454871229895,0.021512452441483927,1.0674816327842656,0.9422782841863521,0.0013894323454863046,0.6538505155229668,120.03066103799003,0.007849315863958359,8154.870894432068,63.65203832823589
2025-12-30,4318,302,140346949.0,616,1.376208697565838e+20,20009.265693768823,19999.0,20000.0,20001.0,325349.0,986312.6000000001,1504051.5000000002,817383397684.834,991961959456.519,8718177517366.338,133.84528064727783,0.0015498527170828837,0.2125,0.7293424550978276,1.0282086084100026,0.8570886136107725,1.0401475035990788,9.141671708449925,0.006497541666666666,0.006680828275169342,0.005568968978961561,0.006758401744114331,0.05939839282864123,0.8941973354463097,0.0014028351962061603,0.6601577393911341,121.18397113255092,0.007717539676271072,8288.716175079346,64.5462356636822
2025-12-31,4320,272,131542983.0,588,1.3021644863415797e+20,20000.00023153508,19999.0,20000.0,20001.0,325212.5,1049411.4,1502452.1200000034,816706062997.5961,990229309545.4653,10094730655965.943,125.44916439056396,0.001451957921187083,0.2125,0.6832743158527449,1.038001721787097,0.8563783767137673,1.0383306884859458,10.585092292310145,0.006450125,0.006695240855741999,0.005523747577100888,0.006697362732070411,0.06827516842193698,0.8399123707463982,0.0014109880330511945,0.6639943684946799,121.88837623596191,0.0075821060645559265,8414.16533946991,65.3861480344286
2026-01-01,4320,269,134009088.0,597,1.323130925288141e+20,19999.99976846492,19999.0,20000.0,20001.0,324985.0,1151745.6,1526702.2799999996,815956171590.1677,975211108734.9283,10296351073090.416,127.801025390625,0.0014791785346137153,0.2125,0.6960840162888072,1.0353054063877651,0.8555920585813317,1.0225829635528363,10.796506622816857,0.006437333333333333,0.006664606002720173,0.005507731278440892,0.0065827073973774575,0.06950071196661305,0.8517434809721527,0.00142876918187846,0.6723619679428047,123.42466749463763,0.007395875419328753,8541.966364860535,66.23789151540075
2026-01-02,4320,265,126066073.0,584,1.271667397714013e+20,20000.0,19999.0,20000.0,20001.0,324894.0,1171543.2,1451638.4000000008,815360927472.8617,1000851807224.8467,10028489374176.492,120.22597599029541,0.0013915043517395303,0.2125,0.6548255772891907,1.0577309830420187,0.8549678998857835,1.0494691846126007,10.515633274016489,0.0065541666666666665,0.006932545151354564,0.005603602110501406,0.0068783959474817535,0.06892121308344974,0.8334720069183927,0.0014178528560973797,0.6672248734575904,122.48149694715228,0.0072520120317614584,8662.19234085083,67.07136352231915
2026-01-03,4319,271,130917070.0,605,1.317846899203537e+20,20004.632005558127,19999.0,20000.0,20001.0,324894.0,1149773.0,1546110.7,814622786325.3971,992408985135.2246,10073217908285.225,124.85224723815918,0.0014453837374179114,0.2125,0.6801805823143112,1.055525173439375,0.8541939027939396,1.0406162439971534,10.562534541398088,0.006641749999999999,0.007010534320690967,0.0056733423538816476,0.006911512938568093,0.07015371379033075,0.875280964278509,0.0014221109401430145,0.6692286777143597,122.85739925929478,0.007137568637452366,8787.04458808899,67.94664448659765
2026-01-04,4320,251,129019788.0,587,1.2863574162607582e+20,19999.99976846492,19999.0,20000.0,20001.0,325076.0,1253017.0,1593828.5,813765595982.7748,1000376570568.1973,9767753682178.998,123.0428581237793,0.0014241071542104085,0.2125,0.6701680725696041,1.045454759321912,0.8532950735732341,1.048970862860118,10.242232085044526,0.006739166666666667,0.0070454938655302515,0.0057504977166556205,0.007069189473291478,0.0690241090597959,0.866897702108396,0.001451863418540727,0.6832298440191656,125.42801339285714,0.006957686136251543,8910.087446212769,68.81354218870604
2026-01-05,4320,246,125355161.0,576,1.2559959612601791e+20,20000.0,19999.0,20000.0,20001.0,325076.0,1168150.5,1431119.3000000007,812961432125.8497,1000378076755.4182,10178594400078.145,119.54799747467041,0.0013836573781790557,0.2125,0.6511328838489674,1.05062066098288,0.852451846652795,1.0489724422118893,10.673029801656341,0.0067395,0.00708065794469412,0.005745099220516512,0.007069549774287028,0.0719308843482629,0.8464784780912977,0.0014465202563472266,0.680715414751636,124.96636417933873,0.006872843773700203,9029.635443687439,69.66002066679734
2026-01-06,4320,253,98325236.0,487,1.0282782717343262e+20,20000.00023153508,19999.0,20000.0,20001.0,324894.0,844531.2000000002,1215162.5199999996,812580260402.5674,1043987838323.0178,9964354133451.033,93.7702522277832,0.0010853038452289722,0.2125,0.5107312212842222,1.0965932663127225,0.8520521591318825,1.0947005915573966,10.44838259983755,0.006870833333333333,0.00753450956729033,0.005854308376701976,0.007521505314492279,0.07178909544638383,0.7065128625374599,0.001380156131796668,0.6494852384925497,119.24136011941093,0.0069947982440032004,9123.405695915222,70.3665335293348
2026-01-07,4318,250,117255016.0,537,1.1709566994964788e+20,20009.265230484132,19999.0,20000.0,20001.0,324985.0,1048776.0,1632983.519999997,811617408128.8153,1019771417818.5413,10110170023655.838,111.8230972290039,0.0012948482773159323,0.2125,0.6093403657957328,1.0471510166620248,0.8510425353460807,1.0693078342104947,10.601281642724944,0.007072124999999999,0.007405582883710921,0.0060186791902844,0.007562278667015894,0.07497358893755614,0.8281152148426535,0.0013577118969579324,0.6389232456272621,117.29477909633091,0.00709627567657019,9235.228793144226,71.19464874417746
2026-01-08,4320,240,143737884.0,607,1.3706351113307642e+20,20000.0,19999.0,20000.0,20001.0,325121.5,1297424.0999999999,2081253.5699999938,810719704478.7678,972857270689.1261,8957597149065.057,137.07912826538086,0.0015865639845530192,0.2125,0.746618345672009,0.9998860721358382,0.8501012248435285,1.0201147854701211,9.39272138817804,0.00739375,0.007392907645854354,0.006285435931186838,0.0075424736950697084,0.0694474337638414,1.0134133354401837,0.00137305267552069,0.6461424355391481,118.62022236415318,0.007200318768446501,9372.307921409607,72.20806207961763
2026-01-09,4320,178,87405470.0,359,8.203831695540771e+19,20000.0,19999.0,20000.0,20001.0,324985.0,1183631.0000000002,1895394.0,810011872218.0756,959981264150.716,5365990109835.473,83.35635185241699,0.000964772590884456,0.2125,0.4540106310044498,0.9841879488758953,0.8493590089229408,1.006613314038101,5.626648445410841,0.007192125000000001,0.007078402751809049,0.006108696162049906,0.007239688781226278,0.04046755895045045,0.5900298303329117,0.0013120909953985363,0.6174545860698994,113.35313320159912,0.007221155568511428,9455.664273262024,72.79809190995054
2026-01-10,4320,94,20728212.0,99,2.116300377085056e+19,20000.00023153508,19999.0,20000.0,20001.0,171849.5,325685.7,1079458.8799999994,808828315951.5171,1150704514904.4512,6967364318741.899,19.767963409423828,0.00022879587279425726,0.2125,0.10766864602082696,1.0705707680924623,0.848117960227178,1.2066011374204497,7.305811007889106,0.007125916666666667,0.007628798079196212,0.006043617908082185,0.00859813915516334,0.05206060042463378,0.1508058012874335,0.001138292729023729,0.5356671665994017,98.34109265463692,0.007309478962583605,9475.432236671448,72.94889771123798
2026-01-11,4320,95,20863460.0,96,2.083280687609131e+19,19999.99976846492,19999.0,20000.0,20001.0,205409.0,376641.00000000064,616818.2400000013,759709258189.3235,1032010040676.5574,5169371055031.098,19.89694595336914,0.00023028872631214282,0.2125,0.10837116532336133,1.047035405580106,0.7966128951151281,1.0821409604124619,5.420478423400288,0.007112166666666667,0.007446690310386645,0.005665643678874644,0.007696366867280165,0.038551345960293415,0.14816639463724077,0.0009677472393239764,0.45541046556422415,83.60596234457833,0.007366792740420233,9495.329182624817,73.09706410587522
2026-01-12,4320,92,23636317.0,97,2.21226724179982e+19,19999.99976846492,19999.0,20000.0,20001.0,172242.0,325587.7,1203284.3600000096,807417527650.1853,1147729242458.6025,4539975266662.96,22.541348457336426,0.00026089523677472713,0.2125,0.12277422907045984,0.9814263090723855,0.8466386414733207,1.2034813381402716,4.7605091052163795,0.0070764166666666675,0.006944981490624981,0.005991167793165832,0.008516335399238122,0.03368734597397161,0.15654924780992943,0.0008073526476947867,0.37993065773872303,69.74786962781634,0.007347410389838928,9517.870531082153,73.25361335368515
2026-01-13,4320,431,560896012.0,2353,5.309293098534462e+20,19999.99976846492,19999.0,20000.0,20001.0,1219611.0,2649227.0,3712626.0,898906053654.4829,942912791579.0774,1287420900892.6948,534.9121208190918,0.006191112509480229,0.2125,2.9134647103436375,0.9925542704855017,0.9425713141168031,0.9887157233428226,1.3499586585744583,0.0070777083333333326,0.007025009631500822,0.006671244844685447,0.0069978415144011895,0.00955461364744793,3.757762800760651,0.0015367538854449661,0.7231782990329253,132.76813656943185,0.007274624684726142,10052.782651901245,77.0113761544458
2026-01-14,4315,280,151126373.0,627,1.4208743419461001e+20,20023.18057487251,19999.0,20000.0,20001.0,325258.0,1068486.5999999999,1606557.2699999986,807131898914.7413,920104547817.175,4255113182248.1885,144.12534046173096,0.0016700502950374387,0.2125,0.7859060211940888,0.9858601807246932,0.8463391380364238,0.9647995463319421,4.461809560189076,0.007094166666666666,0.0069938564320910935,0.006004070901753396,0.006844448781603185,0.031652820654908,1.0079919394155958,0.0015903541736908956,0.7484019640898333,137.38274274553572,0.007215806620209022,10196.907992362976,78.01936809386139
2026-01-15,4308,252,140359446.0,583,1.3195251393374971e+20,20055.723009055026,19999.0,20000.0,20001.0,324894.0,1134609.3,1811176.1900000016,806403590150.0183,930991025134.1259,3443759920304.061,133.85719871520996,0.001553588657326021,0.2125,0.7311005446240099,0.9857707706440758,0.8455754509451456,0.9762148451710412,3.611044002192751,0.0070274583333333335,0.006927463016919133,0.005942246249206555,0.006860309148820944,0.0253764612652428,0.9272907936480123,0.0015856434126584674,0.7461851353686905,136.9224670955113,0.007149314530361134,10330.765191078186,78.9466588875094
2026-01-16,4319,233,126495078.0,533,1.1977520684742964e+20,20004.63177396943,19999.0,20000.0,20001.0,324985.0,1081245.2,1510220.4800000011,805590331614.5559,933801050333.5653,6847374599892.68,120.63510704040527,0.0013965629432785977,0.2125,0.6572060909546342,0.9928718909936589,0.8447226875630646,0.9791613701545686,7.179992668457066,0.006976833333333334,0.00692710170481426,0.005893489404012908,0.006831445686006733,0.05009361218238021,0.8356516556400422,0.0016473277487147734,0.7752130582187169,142.2480035509382,0.007127700095076164,10451.400298118591,79.78231054314944
2026-01-17,4320,244,147281972.0,621,1.3940777957871084e+20,20000.0,19999.0,20000.0,20001.0,325076.0,1310970.0,1635712.44,804890962676.2191,933231128374.1085,6146107221683.304,140.45903396606445,0.0016256832634961164,0.2125,0.7650274181158194,0.9925155801113682,0.8439893460791791,0.9785637636660092,6.4446605260837915,0.006995958333333333,0.006943597643643294,0.0059045142989471834,0.0068459913171172474,0.04508657651296028,0.9752910172751785,0.0018468830902436102,0.8691214542322871,159.4895850590297,0.007029814318568604,10591.859332084656,80.75760156042462
2026-01-18,4320,252,129628692.0,549,1.2291397361308238e+20,20000.0,19999.0,20000.0,20001.0,324985.0,1048776.0,1349021.8600000003,804196083501.0724,929086055143.5627,4986787731040.423,123.62355422973633,0.0014308281739552815,0.2125,0.6733309053907207,0.994260150332393,0.8432607124532204,0.9742173393582164,5.2290259318634424,0.006991916666666667,0.006951784116111565,0.00589600862974688,0.00681164645201437,0.0365609135634282,0.8594042606715376,0.002018388725621202,0.9498299885276242,174.3076719556536,0.0069591134336721636,10715.482886314392,81.61700582109616
2026-01-19,4320,276,151953511.0,609,1.3967892314793009e+20,20000.0,19999.0,20000.0,20001.0,325030.5,1183347.0,1895436.0,803241777165.2007,906003529504.792,5630316289384.412,144.9141607284546,0.0016772472306534095,0.2125,0.7892928144251339,0.963873526546971,0.8422600497327775,0.9500135569540168,5.903814533457549,0.007130874999999999,0.006873261633615631,0.006006051132138219,0.006774427922944474,0.04209936346126909,0.9960329411024957,0.002220724724746728,1.0450469292925777,191.78950228009904,0.006948867739813685,10860.397047042847,82.61303876219866
2026-01-20,4320,272,147805976.0,607,1.3758616816645253e+20,20000.0,19999.0,20000.0,20001.0,325030.5,1155211.0,1699454.5000000012,802883800719.4578,924671722697.773,5197658772291.742,140.9587631225586,0.0016314671657703542,0.2125,0.7677492544801666,0.9760738894028623,0.8418846842232062,0.96958857629954,5.450140244814586,0.006955375,0.006788959928505433,0.0058556236855289824,0.0067438521438794126,0.03790776920527725,0.9569633944107396,0.0015693468185024597,0.7385161498835104,135.51045118059432,0.006915146353671487,11001.355810165405,83.57000215660939
2026-01-21,4320,257,132572843.0,564,1.257481982211709e+20,20000.00023153508,19999.0,20000.0,20001.0,325622.0,1048776.0,1476669.88,802624396873.5353,941139693989.315,6882663516463.1045,126.4313154220581,0.0014633254099775243,0.2125,0.6886237223423644,0.9945969303680279,0.8416126795760641,0.9868564957645399,7.216995779438816,0.006814916666666667,0.006778095197380579,0.0057355202769209124,0.006725344780594026,0.04918322482056058,0.8569634918607613,0.0015398146920653293,0.7246186786189784,132.9827333177839,0.006884323320141413,11127.787125587463,84.42696564847016
2026-01-22,4319,255,145631267.0,610,1.3684915970416822e+20,20004.631542380732,19999.0,20000.0,20001.0,325622.0,1193662.0,1917248.0,801430319383.5065,936342124939.5819,45599220300870.234,138.88479900360107,0.001607835135489709,0.2125,0.7566282990539808,0.9853429654358352,0.8403605985778797,0.9818258800006471,47.814248026205306,0.006566875,0.0064706240861464506,0.005518543005786114,0.0064475278257292495,0.31399019000708694,0.8986713256323097,0.0015475641889458561,0.7282655006804027,133.7009619304112,0.006819060615745316,11266.671924591064,85.32563697410247
2026-01-23,4319,245,133183940.0,582,1.2806462322666583e+20,20004.63177396943,19999.0,20000.0,20001.0,324803.0,1193101.8,1642759.0000000005,800933829564.413,930122824541.4359,46588249893218.32,127.01410293579102,0.0014704110087496065,0.2125,0.6919581217645208,1.0082708948580763,0.8398399912693338,0.9753044708663607,48.851320720031296,0.006202333333333333,0.006253632180208075,0.005208967572516165,0.006049163429803458,0.30299217487920743,0.7942994814595236,0.0015581139125845716,0.7332300765103866,134.61224705832345,0.006722850683658717,11393.686027526855,86.11993645556198
2026-01-24,4319,256,133521323.0,583,1.2824307123835404e+20,20004.632005558127,19999.0,20000.0,20001.0,325440.0,1094896.0,1476595.999999999,800269823206.1931,927440742582.7534,13246629303619.021,127.3358564376831,0.0014741358698504643,0.2125,0.6937109975766891,1.0071245823921946,0.8391437301382572,0.9724921040944533,13.890097568671619,0.0061482916666666665,0.006192095677217077,0.005159300403144628,0.005979165099503059,0.08540037113065065,0.7884758062025119,0.0015364642849209072,0.723042016433368,132.73750741141183,0.0066154932598835444,11521.021883964539,86.9084122617645
2026-01-25,4320,302,132467850.0,576,1.2684247487250645e+20,20000.0,19999.0,20000.0,20001.0,325531.0,859043.5000000006,1245708.35,799698646017.7002,891347765714.6118,6759117860083.448,126.33118629455566,0.0014621665080388386,0.2125,0.6880783567241594,1.0040472079218719,0.838544807446656,0.9346458747819648,7.087448769254862,0.006086375000000001,0.006111007825115484,0.005103698152423142,0.005688605286126081,0.043136871002973566,0.7720108680021515,0.0015409411897899866,0.7251487951952879,133.1243119921003,0.006495382361169818,11647.353070259094,87.68042312976665
2026-01-26,4320,259,145234066.0,603,1.3542341155983429e+20,20000.0,19999.0,20000.0,20001.0,324803.0,1196289.6,1735859.8599999966,799024314940.9683,922475277293.3367,10698693493564.209,138.5059986114502,0.0016030786876325253,0.2125,0.7543899706506002,0.9777440177138936,0.8378377200635407,0.9672854363631378,11.218393228707583,0.0059833333333333336,0.005850168372654797,0.005013062358380185,0.005787591194239441,0.06712338615176704,0.8102834124996752,0.0015303456836441459,0.7201626746560686,132.2088602610997,0.0063492261810325565,11785.859068870544,88.49070654226632
2026-01-27,4320,278,161776282.0,651,1.4816715308449405e+20,20000.00023153508,19999.0,20000.0,20001.0,325121.5,1310970.0,1895297.58,798278668435.4823,905010204493.1582,11961515350876.094,154.28188514709473,0.001785669966980263,0.2125,0.8403152785789474,0.9603664937282118,0.8370558530334042,0.9489719801866179,12.54255792056025,0.005916708333333333,0.005682208436495825,0.004952615341108185,0.005614790423269996,0.07421065696989483,0.8766618293813017,0.0015523746552455616,0.7305292495273231,134.112163407462,0.006191118825031184,11940.14095401764,89.36736837164763
2026-01-28,4320,282,145016839.0,619,1.3712887511468876e+20,20000.0,19999.0,20000.0,20001.0,324985.0,1198587.4000000001,1655711.8199999996,797585104334.9243,911729741135.3126,10216293599208.473,138.29883480072021,0.0016006809583416692,0.2125,0.7532616274549032,0.9915403503744822,0.8363285983630976,0.9560179250407016,10.712560277083623,0.005892541666666667,0.005842692828762902,0.004928101112879484,0.0056333754573825445,0.06312420778939347,0.8080376103164333,0.0015719968764404395,0.7397632359719716,135.80752331869942,0.006057489915228659,12078.43978881836,90.17540598196406
2026-01-29,4320,245,119729871.0,515,1.1363509915455075e+20,20000.00023153508,19999.0,20000.0,20001.0,324257.0,1194363.5999999999,1777512.0,797196900434.7993,947655530479.8188,22106458678139.477,114.1833028793335,0.0013215660055478414,0.2125,0.6219134143754548,0.9951989151569554,0.8359215370703201,0.9936888455284065,23.18030201488878,0.005760083333333333,0.005732428684546992,0.004814977713653133,0.005723730557647416,0.13352047129759395,0.6545476407218086,0.0015311012864487443,0.7205182524464677,132.27873815808977,0.005952033429285879,12192.623091697693,90.82995362268586
2026-01-30,4320,208,32867784.0,218,4.070454681236167e+19,20000.0,19999.0,20000.0,20001.0,18168.5,324648.3,1478747.780000005,796567157380.2023,7262154557474.316,13948965302194.459,31.34516143798828,0.0003627912203470866,0.2125,0.17072528016333488,1.298591072593119,0.835261203617103,7.614920977258189,14.626550240713858,0.0055140833333333335,0.007160539390201174,0.004605699881845007,0.04198930884534976,0.08065201690648294,0.22444826316892996,0.001372869888105527,0.6460564179320126,118.61174651554653,0.006081591602142036,12223.968253135681,91.05440188585479
2026-01-31,4320,211,36455817.0,224,4.290839415818199e+19,20000.0,19999.0,20000.0,20001.0,18322.0,324803.0,1663227.3000000012,795592579745.9343,7203728826101.604,13550184009728.424,34.76697635650635,0.00040239555968178643,0.2125,0.18936261632084067,1.234171005214609,0.8342392848996728,7.553657157558315,14.208397748184991,0.0054605,0.006739190773974373,0.004555363615194663,0.04124674490884718,0.07758495590396415,0.23430128630075278,0.0012197641295100016,0.5740066491811772,105.38762078966413,0.006159748044535935,12258.735229492188,91.28870317215554
2026-02-01,4308,208,35401478.0,219,4.182745665411907e+19,20055.7232412352,19999.0,20000.0,20001.0,18657.5,324739.3,1655947.6900000053,794873905110.34,7081141182802.705,7677337420829.71,33.7614803314209,0.0003918463362514032,0.2125,0.18439827588301327,1.2389106236906142,0.8334856999249799,7.425114696898529,8.050271763383934,0.005241083333333334,0.006493233821314484,0.004368368010448481,0.03891564488600327,0.042192145167875485,0.2192211859456259,0.001066861247826082,0.5020523519181562,92.16337708064488,0.00621435175827865,12292.496709823608,91.50792435810116
2026-02-02,4295,206,32564063.0,216,4.0264440984756584e+19,20116.441546343736,19999.0,20000.0,20001.0,19657.0,324803.0,921856.2999999997,794250218025.7163,6994130736219.732,7650323572461.052,31.05551052093506,0.0003615309723042498,0.2125,0.17013222226082345,1.296531285731517,0.8328317166165335,7.333877630862342,8.02194569031692,0.005152291666666667,0.006680107339047114,0.004290991913259061,0.03778627660184512,0.04133140393067245,0.20745414374875315,0.0008894972884934714,0.4185869592910453,76.81330735342843,0.006332914467763267,12323.552220344543,91.71537850184991
2026-02-03,4311,204,31467458.0,215,3.966889570408197e+19,20041.763341067286,19999.0,20000.0,20001.0,18549.0,324803.0,1857599.0899999985,793624825179.37,7118594604432.066,7587748621526.6455,30.009706497192383,0.0003480596902945069,0.2125,0.16379279543270914,1.321868832932214,0.8321759446872831,7.464387455936959,7.956331098565924,0.005139791666666667,0.0067941304119313855,0.004277210985704158,0.03836539644279598,0.04089388427764998,0.20388985956570968,0.0006841243918240777,0.32194089027015416,59.06013897487095,0.006491760464254061,12353.561926841736,91.91926836141562
2026-02-04,4320,207,28564438.0,213,3.820960790951449e+19,20000.0,19999.0,20000.0,20001.0,20983.0,324894.0,944784.5999999999,792828650689.2437,6401817796508.213,7479614186748.028,27.24117088317871,0.0003152913296664203,0.2125,0.1483723904312566,1.4026419082121298,0.8313410952251243,6.712792497791396,7.8429439254835005,0.005048708333333333,0.007081529890673148,0.004197198715305545,0.0338909314235369,0.03959673635445459,0.19290916586616508,0.0005004973020133278,0.2355281421239189,43.19475841522217,0.006668737187384096,12380.803097724915,92.11217752728179
2026-02-05,4319,213,40811662.0,223,4.4444756932432445e+19,20004.632005558127,19999.0,20000.0,20001.0,40418.0,325585.6,1678356.3199999996,791877251091.2002,3487734481863.656,7524116882553.692,38.92103385925293,0.0004505792296741483,0.2125,0.21203728455254037,1.1419212833131442,0.8303434804402063,3.6571546720546646,7.889608384240621,0.004721416666666666,0.005391486179056068,0.003920397547608397,0.01726695102121676,0.03725012851882673,0.20984221612673543,0.00037607061974565735,0.176974409292074,32.4430056980678,0.006620031115171106,12419.724131584167,92.32201974340852
2026-02-06,4320,209,31611031.0,216,3.978955754172491e+19,20000.0,19999.0,20000.0,20001.0,18915.0,325003.2,1154083.0399999956,791323691724.6266,6986797552475.245,7644635535538.139,30.146628379821777,0.00034891930995164096,0.2125,0.16419732233018397,1.3198675832139655,0.829763031373842,7.3261882303842825,8.015981351312439,0.0041754999999999995,0.0055111070937099126,0.003464675537501477,0.030590498955969568,0.033470730132405084,0.16614129751547235,0.0003740889182605937,0.17604184388733815,32.2717866897583,0.00638439792995807,12449.87075996399,92.48816104092398
2026-02-07,4320,206,29615044.0,219,3.932798343851388e+19,20000.0,19999.0,20000.0,20001.0,18755.5,324985.0,986628.899999997,790792757208.1919,7041981978965.424,7606316119052.31,28.243106842041016,0.000326887810671771,0.2125,0.15382955796318637,1.3924807797693337,0.829206306182337,7.384053295575648,7.975800530851394,0.004373541666666667,0.006090072710353672,0.0036265683303512088,0.032294464757087415,0.034882495946700696,0.17200257423431708,0.0003633020969734486,0.17096569269338754,31.339805330548966,0.006291666778012255,12478.11386680603,92.6601636151583
2026-02-08,4320,117,24844211.0,122,2.529551072111624e+19,20000.00023153508,19999.0,20000.0,20001.0,193929.0,325021.4,806619.2000000012,789981188867.9773,1058352869472.7683,16454525710262.77,23.693285942077637,0.0002742278465518245,0.2125,0.12904839837732918,1.0676235783823114,0.8283553150984282,1.1097634184602776,17.253820751164493,0.004373875,0.004669652078896932,0.003623122603826138,0.004853966471917947,0.0754660552379996,0.1106394019553223,0.00034649945558779454,0.16305856733543264,29.90149184635707,0.0060311551005240325,12501.807152748108,92.77080301711362
2026-02-09,4320,198,31200283.0,207,3.844019053405104e+19,20000.000463070155,19999.0,20000.0,20001.0,20985.0,324985.0,1652167.9200000006,789294065502.825,6451485613897.129,7661032693440.56,29.754908561706543,0.00034438551576049237,0.2125,0.16206377212258466,1.2918940904937657,0.8276348140286902,6.764872979077796,8.033175017557129,0.004211958333333333,0.005441404080239303,0.0034859633519049252,0.028493363118168216,0.033835398458324895,0.16190848085481738,0.00034405010465297204,0.16190593160139857,29.715691566467285,0.005854197492122917,12531.562061309814,92.93271149796844
2026-02-10,4320,210,34784826.0,220,4.149137724366415e+19,20000.00023153508,19999.0,20000.0,20001.0,19750.5,325085.1,1259056.8999999994,788776318648.5592,6705912667696.253,7675673076646.53,33.17339515686035,0.00038395133283403187,0.2125,0.18068298015719145,1.2507425618472945,0.8270919171032316,7.031659081442266,8.048526572017712,0.004103666666666667,0.0051326305596340145,0.0033941095304859618,0.02885558498387858,0.03302847020937002,0.17026678174891643,0.00034917748215861847,0.16431881513346744,30.167647089276993,0.00561684037036615,12564.735456466675,93.10297827971736
2026-02-11,4320,203,24450247.0,207,3.5663048188010684e+19,20000.0,19999.0,20000.0,20001.0,17829.0,324803.0,401321.6399999994,788191944609.09,7384320275849.114,7705353522082.358,23.317572593688965,0.0002698793124269556,0.2125,0.12700202937739088,1.5294494332425963,0.8264791565104211,7.743021017568761,8.07964877477103,0.004029708333333333,0.006163235126549633,0.003330469944316348,0.031202116319671982,0.032558627998101275,0.14371168247529487,0.0003426900511244092,0.1612659064114866,29.607133047921316,0.005485655404062791,12588.053029060364,93.24668996219266
2026-02-12,4320,206,25641593.0,209,3.637824322033306e+19,19999.99976846492,19999.0,20000.0,20001.0,18097.0,324666.5,614752.799999997,787646380111.7273,7280351596171.48,7659967150106.318,24.453728675842285,0.0002830292670815079,0.2125,0.1331902433324743,1.487635840838904,0.8259070906720346,7.634001955307106,8.032057714389882,0.004128708333333333,0.006142014493036923,0.003409929487816718,0.03151856748955941,0.033162023619215796,0.15019515593581595,0.00031875434218260346,0.15000204338004863,27.54037516457694,0.005592873734631485,12612.506757736206,93.39688511812848
2026-02-13,4320,208,25924560.0,213,3.697324224439164e+19,20000.0,19999.0,20000.0,20001.0,18943.0,324830.3,568869.1300000012,786852648551.0526,6987907354850.139,7634574974887.89,24.723587036132812,0.0002861526277330187,0.2125,0.13466006010965584,1.4954643187639525,0.8250748028070686,7.327351942519339,8.005432088868044,0.004144458333333333,0.006197889558103919,0.003419488142117112,0.030367904819440465,0.03317817973264324,0.15323406193012098,0.00030978767329422886,0.14578243449140174,26.765654972621373,0.005690985515259199,12637.230344772339,93.5501191800586
2026-02-14,2103,99,12071931.0,101,1.743691206748006e+19,20000.0,19999.0,20000.0,20001.0,17761.0,324712.0,326711.69999999966,786625116244.9883,7409905664820.395,7894378349289.522,11.512690544128418,0.000273720650121931,0.2125,0.1288097177044381,1.5145818434573535,0.8248362178917048,7.76984924239471,8.27785567198461,0.004174272727272727,0.006322277682366481,0.003443091328812128,0.0324334697875489,0.03455402717186521,0.0727864264911347,0.0003021923646442517,0.14220817159729485,24.375595501491002,0.005724157654118172,12648.743035316467,93.62290560654974
